of_id,article_ref,article_family,diameter_mm,material,color,quantity,machine_id,machine_type,actual_start_ts,actual_end_ts,downtime_min,status,record_created_ts
OF-2024-00000,ART-F11,Finition,147.9,Acier,Gris,66,MCH-07,MANUAL,10/05/2024 21:18,10/05/2024 23:02,0.0,done,10/05/2024 23:06
OF-2024-00001,ART-A26,Assemblage,183.1,Inox,Rouge,63,MCH-10,ROBOT_CELL,2024-04-26 13:16:55,,8.9,running,2024-04-26 15:03:26
OF-2024-00002,ART-F07,Finition,147.0,Acier,Gris,28,MCH-01,CNC_FAST,2024-07-26 08:24:11,2024-07-26 08:45:21,0.0,done,2024-07-26 08:49:06
OF-2024-00003,ART-U24,Usinage,173.0,Aluminium,Vert,193,MCH-02,CNC_FAST,2024-07-07 18:16:47,2024-07-07 22:16:33,48.0,done,2024-07-07 22:19:52
OF-2024-00004,ART-S25,Soudure,151.9,Acier,Bleu,67,MCH-07,MANUAL,08/04/2024 09:08,08/04/2024 15:39,58.1,done,08/04/2024 15:42
OF-2024-00005,ART-U28,Usinage,115.2,Aluminium,Bleu,36,MCH-04,CNC_STD,2024-06-29 08:18:03,2024-06-29 09:31:43,0.0,done,2024-06-29 09:34:31
OF-2024-00006,ART-U00,Usinage,184.0,Inox,Jaune,54,MCH-03,CNC_STD,2024-04-28 21:55:41,2024-04-29 00:26:00,0.0,done,2024-04-29 00:26:57
OF-2024-00007,ART-A26,Assemblage,183.1,Inox,Rouge,65,MCH-11,ROBOT_CELL,2024-07-24 20:06:41,2024-07-24 22:03:36,0.0,done,2024-07-24 22:06:57
OF-2024-00008,ART-U32,Usinage,131.7,Aluminium,Gris,64,MCH-05,CNC_STD,2024-01-22 21:28:13,2024-01-23 00:45:53,53.5,done,2024-01-23 00:49:19
OF-2024-00009,ART-F19,Finition,100.8,Aluminium,Gris,34,MCH-08,MANUAL,2024-04-10 07:02:55,2024-04-10 07:50:57,0.0,done,2024-04-10 07:52:38
OF-2024-00010,ART-S13,Soudure,74.7,Acier,Jaune,252,MCH-10,ROBOT_CELL,2024-01-06 20:01:54,2024-01-07 10:32:02,0.0,done,2024-01-07 10:32:59
OF-2024-00011,ART-S25,Soudure,151.9,Acier,Bleu,13,MCH-06,MANUAL,2024-01-24 12:59:09,2024-01-24 15:11:21,0.0,done,2024-01-24 15:11:54
OF-2024-00012,ART-U24,Usinage,173.0,Aluminium,Vert,69,MCH-01,CNC_FAST,2024-08-18 17:49:12,2024-08-18 19:48:13,38.9,done,2024-08-18 19:49:59
OF-2024-00013,ART-A06,Assemblage,21.3,Acier,Noir,227,MCH-05,CNC_STD,2024-07-09 06:24:42,2024-07-09 08:45:09,0.0,done,2024-07-09 08:48:52
OF-2024-00014,ART-U28,Usinage,115.2,Aluminium,Bleu,70,MCH-03,CNC_STD,2024-05-01 15:42:14,2024-05-01 17:22:48,0.0,done,2024-05-01 17:27:00
OF-2024-00015,ART-F27,Finition,162.2,Titane,Rouge,61,MCH-07,MANUAL,20/08/2024 15:20,20/08/2024 17:52,0.0,done,20/08/2024 17:56
OF-2024-00016,ART-F15,Finition,196.8,Titane,Jaune,70,MCH-01,CNC_FAST,2024-03-21 12:42:07,2024-03-21 14:23:40,0.0,done,2024-03-21 14:26:06
OF-2024-00017,ART-S01,Soudure,191.3,Titane,Bleu,324,MCH-06,MANUAL,2024-07-31 07:28:55,2024-08-02 13:33:31,532.1,done,2024-08-02 13:37:50
OF-2024-00018,ART-S29,Soudure,90.9,Aluminium,Vert,140,MCH-07,MANUAL,09/06/2024 10:50,09/06/2024 19:18,140.9,done,09/06/2024 19:21
OF-2024-00019,ART-U32-MM,Usinage,131.7,Aluminium,Gris,75,MCH-04,CNC_STD,2024-03-03 16:14:04,,0.0,aborted,2024-03-03 18:32:47
OF-2024-00020,ART-U24,Usinage,173.0,Aluminium,Vert,107,MCH-05,CNC_STD,2024-04-16 16:49:08,2024-04-16 20:54:34,57.6,done,2024-04-16 20:58:36
OF-2024-00021,ART-F31,Finition,25.3,Inox,Gris,373,MCH-08,MANUAL,2024-03-14 18:35:26,2024-03-14 23:27:15,0.0,done,2024-03-14 23:31:27
OF-2024-00022,ART-A10,Assemblage,48.9,Aluminium,Jaune,50,MCH-11,ROBOT_CELL,2024-03-24 06:15:05,2024-03-24 06:50:56,4.1,done,2024-03-24 06:53:28
OF-2024-00023,ART-U28,Usinage,115.2,Aluminium,Bleu,242,MCH-04,CNC_STD,2024-08-01 21:47:46,2024-08-02 04:01:47,72.8,done,2024-08-02 04:05:41
OF-2024-00024,ART-S33,Soudure,195.1,Inox,Gris,45,MCH-06,MANUAL,2024-04-04 22:13:50,2024-04-05 05:02:36,0.0,done,2024-04-05 05:03:22
OF-2024-00025,ART-U24,Usinage,173.0,Aluminium,Vert,30,MCH-01,CNC_FAST,2024-01-30 10:32:39,2024-01-30 11:29:51,0.0,done,2024-01-30 11:32:09
OF-2024-00026,ART-S13,Soudure,74.7,Acier,Jaune,77,MCH-11,ROBOT_CELL,2024-02-29 17:33:51,2024-02-29 20:42:24,0.0,done,2024-02-29 20:42:56
OF-2024-00027,ART-U08,Usinage,22.6,Inox,Noir,71,MCH-02,CNC_FAST,2024-02-23 08:38:09,2024-02-23 09:30:33,15.9,done,2024-02-23 09:34:45
OF-2024-00028,ART-U24,Usinage,173.0,Aluminium,Vert,290,MCH-05,CNC_STD,2024-04-25 12:40:04,2024-04-25 23:46:00,0.0,done,2024-04-25 23:47:31
OF-2024-00029,ART-U08,Usinage,22.6,Inox,Noir,50,MCH-05,CNC_STD,2024-07-01 12:17:53,2024-07-01 13:10:18,12.9,done,2024-07-01 13:13:28
OF-2024-00030,ART-S33,Soudure,195.1,Inox,Gris,58,MCH-07,MANUAL,27/03/2024 21:50,28/03/2024 07:01,0.0,done,28/03/2024 07:02
OF-2024-00031,ART-A26,Assemblage,183.1,Inox,Rouge,32,MCH-08,MANUAL,2024-06-10 13:02:54,2024-06-10 14:48:03,34.3,done,2024-06-10 14:51:30
OF-2024-00032,ART-A02,Assemblage,36.9,Aluminium,Vert,9,MCH-07,MANUAL,27/04/2024 07:33,27/04/2024 07:55,7.2,done,27/04/2024 07:59
OF-2024-00033,ART-S05,Soudure,38.9,Acier,Vert,5,MCH-06,MANUAL,2024-03-23 14:07:29,2024-03-23 14:41:58,0.0,done,2024-03-23 14:45:23
OF-2024-00034,ART-S17,Soudure,16.0,Acier,Bleu,113,MCH-11,ROBOT_CELL,2024-04-18 08:40:48,2024-04-18 10:31:05,0.0,done,2024-04-18 10:31:36
OF-2024-00035,ART-A06,Assemblage,21.3,Acier,Noir,14,MCH-10,ROBOT_CELL,2024-02-21 21:00:38,2024-02-21 21:13:06,0.0,done,2024-02-21 21:18:01
OF-2024-00036,ART-U04,Usinage,186.4,Inox,Rouge,77,MCH-02,CNC_FAST,2024-01-02 20:55:36,2024-01-03 02:46:35,0.0,done,2024-01-03 02:48:50
OF-2024-00037,ART-S21,Soudure,45.5,Inox,Vert,24,MCH-10,ROBOT_CELL,2024-07-22 08:40:32,2024-07-22 09:39:30,0.0,done,2024-07-22 09:40:42
OF-2024-00038,ART-A10,Assemblage,48.9,Aluminium,Jaune,164,MCH-03,CNC_STD,2024-01-11 16:11:00,2024-01-11 18:42:52,0.0,done,2024-01-11 18:46:16
OF-2024-00039,ART-S25,Soudure,151.9,Acier,Bleu,76,MCH-12,ROBOT_CELL,2024-07-02 17:51:29,2024-07-02 22:44:41,0.0,done,2024-07-02 22:47:37
OF-2024-00040,ART-F19,Finition,100.8,Aluminium,Gris,21,MCH-02,CNC_FAST,2024-05-23 06:27:53,2024-05-23 06:41:26,2.6,done,2024-05-23 06:44:33
OF-2024-00041,ART-S33,Soudure,195.1,Inox,Gris,53,MCH-09,ROBOT_CELL,2024-05-04 16:44:57,2024-05-04 21:16:52,0.0,done,2024-05-04 21:18:43
OF-2024-00042,ART-U08,Usinage,22.6,Inox,Noir,395,MCH-01,CNC_FAST,2024-03-08 19:11:45,2024-03-08 23:11:13,0.0,done,2024-03-08 23:11:59
OF-2024-00043,ART-S25,Soudure,151.9,Acier,Bleu,79,MCH-11,ROBOT_CELL,2024-08-04 07:01:01,2024-08-04 12:45:20,36.3,done,2024-08-04 12:46:03
OF-2024-00044,ART-U32,Usinage,131.7,Aluminium,Gris,46,MCH-03,CNC_STD,2024-07-27 09:43:52,2024-07-27 11:37:30,20.5,done,2024-07-27 11:40:32
OF-2024-00045,ART-U04,Usinage,186.4,Inox,Rouge,29,MCH-03,CNC_STD,2024-07-08 10:06:58,2024-07-08 12:00:44,0.0,done,2024-07-08 12:02:45
OF-2024-00046,ART-A18,Assemblage,15.6,Inox,Rouge,59,MCH-09,ROBOT_CELL,2024-02-11 19:26:25,2024-02-11 20:05:11,0.0,done,2024-02-11 20:05:45
OF-2024-00047,ART-U00,Usinage,184.0,Inox,Jaune,287,MCH-04,CNC_STD,2024-06-08 13:30:43,2024-06-09 04:44:39,0.0,done,2024-06-09 04:48:18
OF-2024-00048,ART-A18,Assemblage,15.6,Inox,Rouge,54,MCH-12,ROBOT_CELL,2024-05-15 09:13:27,2024-05-15 09:46:12,0.0,done,2024-05-15 09:50:21
OF-2024-00049,ART-F07,Finition,147.0,Acier,Gris,73,MCH-02,CNC_FAST,2024-03-05 16:37:54,2024-03-05 17:37:06,4.3,done,2024-03-05 17:38:27
OF-2024-00050,ART-U28,Usinage,115.2,Aluminium,Bleu,22,MCH-01,CNC_FAST,2024-06-19 06:01:47,2024-06-19 06:38:22,11.2,done,2024-06-19 06:42:28
OF-2024-00051,ART-U28,Usinage,115.2,Aluminium,Bleu,53,MCH-02,CNC_FAST,2024-03-24 08:59:19,2024-03-24 09:57:27,0.0,done,2024-03-24 10:01:13
OF-2024-00052,ART-A34,Assemblage,59.7,Aluminium,Jaune,73,MCH-10,ROBOT_CELL,2024-03-27 16:11:31,,0.0,running,2024-03-27 17:08:58
OF-2024-00053,ART-S25,Soudure,151.9,Acier,Bleu,124,MCH-11,ROBOT_CELL,2024-08-14 13:34:33,2024-08-14 20:58:15,0.0,done,2024-08-14 21:00:59
OF-2024-00054,ART-S21,Soudure,45.5,Inox,Vert,70,MCH-07,MANUAL,18/07/2024 10:52,18/07/2024 15:11,0.0,done,18/07/2024 15:11
OF-2024-00055,ARTU08,Usinage,22.6,Inox,Noir,72,MCH-01,CNC_FAST,2024-04-08 06:27:35,2024-04-08 07:22:47,16.4,done,2024-04-08 07:23:50
OF-2024-00056,ART-U32,Usinage,131.7,Aluminium,Gris,71,MCH-04,CNC_STD,2024-03-26 13:51:05,2024-03-27 05:50:37,0.0,done,2024-03-27 05:54:35
OF-2024-00057,ART-U24,Usinage,173.0,Aluminium,Vert,252,MCH-04,CNC_STD,2024-02-13 14:26:26,2024-02-13 22:30:31,0.0,done,2024-02-13 22:35:13
OF-2024-00058,ART-S21,Soudure,45.5,Inox,Vert,45,MCH-07,MANUAL,23/01/2024 08:37,23/01/2024 11:46,0.0,done,23/01/2024 11:47
OF-2024-00059,ART-A22,Assemblage,105.9,Aluminium,Noir,232,MCH-10,ROBOT_CELL,2024-03-25 19:58:50,2024-03-25 22:59:58,0.0,done,2024-03-25 23:03:09
OF-2024-00060,ART-U04,Usinage,186.4,Inox,Rouge,18,MCH-02,CNC_FAST,2024-04-25 19:01:30,2024-04-25 20:31:19,0.0,done,2024-04-25 20:33:50
OF-2024-00061,ART-U00,Usinage,184.0,Inox,Jaune,155,MCH-04,CNC_STD,2024-04-12 08:35:47,2024-04-12 17:19:39,0.0,done,2024-04-12 17:22:18
OF-2024-00062,ART-U28,Usinage,115.2,Aluminium,Bleu,68,MCH-03,CNC_STD,2024-05-10 14:49:16,2024-05-10 16:33:00,23.8,done,2024-05-10 16:34:15
OF-2024-00063,ART-S33,Soudure,195.1,Inox,Gris,37,MCH-12,ROBOT_CELL,2024-06-23 17:51:36,2024-06-23 21:02:53,0.0,done,2024-06-23 21:07:11
OF-2024-00064,ART-U16,Usinage,144.1,Aluminium,Noir,174,MCH-01,CNC_FAST,2024-08-24 10:31:43,2024-08-24 10:28:43,0.0,done,2024-08-24 14:52:19
OF-2024-00065,ART-S25,Soudure,151.9,Acier,Bleu,76,MCH-06,MANUAL,2024-03-05 09:21:43,2024-03-05 18:26:06,0.0,done,2024-03-05 18:29:33
OF-2024-00066,ART-U32,Usinage,131.7,Aluminium,Gris,121,MCH-01,CNC_FAST,2024-05-08 17:24:31,2024-05-08 20:06:24,0.0,done,2024-05-08 20:10:07
OF-2024-00067,ART-F27,Finition,162.2,Titane,Rouge,51,MCH-02,CNC_FAST,2024-04-19 14:18:14,2024-04-19 15:18:42,0.0,done,2024-04-19 15:20:31
OF-2024-00068,ART-F27,Finition,162.2,Titane,Rouge,44,MCH-08,MANUAL,2024-03-08 10:42:00,2024-03-08 12:52:23,0.0,done,2024-03-08 12:56:52
OF-2024-00069,ART-F27,Finition,162.2,Titane,Rouge,42,MCH-06,MANUAL,2024-04-16 22:01:44,2024-04-16 23:44:59,0.0,done,2024-04-16 23:49:11
OF-2024-00070,ART-U24,Usinage,173.0,Aluminium,Vert,59,MCH-01,CNC_FAST,2024-01-15 11:13:31,2024-01-15 13:00:05,35.8,done,2024-01-15 13:02:13
OF-2024-00071,ART-U28,Usinage,115.2,Aluminium,Bleu,380,MCH-03,CNC_STD,2024-04-03 10:08:18,2024-04-03 16:39:46,0.0,done,2024-04-03 16:43:07
OF-2024-00072,ART-S13,Soudure,74.7,Acier,Jaune,151,MCH-07,MANUAL,08/05/2024 19:33,09/05/2024 06:09,0.0,done,09/05/2024 06:11
OF-2024-00073,ART-U04,Usinage,186.4,Inox,Rouge,62,MCH-03,CNC_STD,2024-02-15 12:43:54,2024-02-15 17:53:46,0.0,done,2024-02-15 17:57:33
OF-2024-00074,ART-U32,Usinage,131.7,Aluminium,Gris,29,MCH-04,CNC_STD,2024-02-16 07:58:57,2024-02-16 09:12:20,0.0,done,2024-02-16 09:15:51
OF-2024-00075,ART-F19,Finition,100.8,Aluminium,Gris,333,MCH-08,MANUAL,2024-07-17 12:39:36,2024-07-17 17:56:05,0.0,done,2024-07-17 18:00:10
OF-2024-00076,ART-A18,Assemblage,15.6,Inox,Rouge,184,MCH-08,MANUAL,2024-03-13 12:02:43,2024-03-13 14:23:44,10.2,done,2024-03-13 14:24:38
OF-2024-00077,ART-U28,Usinage,115.2,Aluminium,Bleu,62,MCH-01,CNC_FAST,2024-07-15 13:09:14,2024-07-15 14:15:19,0.0,done,2024-07-15 14:20:00
OF-2024-00078,ART-S13,Soudure,74.7,Acier,Jaune,197,MCH-11,ROBOT_CELL,2024-02-11 10:34:56,2024-02-11 18:01:22,0.0,done,2024-02-11 18:05:51
OF-2024-00079,ART-A18,Assemblage,15.6,Inox,Rouge,29,MCH-07,MANUAL,24/04/2024 12:34,24/04/2024 12:58,2.3,done,24/04/2024 13:03
OF-2024-00080,ART-A26,Assemblage,183.1,Inox,Rouge,29,MCH-03,CNC_STD,2024-07-08 08:50:48,2024-07-08 09:52:55,0.0,done,2024-07-08 09:56:57
OF-2024-00081,ART-U12-MM,Usinage,23.0,Titane,Noir,288,MCH-02,CNC_FAST,2024-08-31 21:11:19,2024-09-01 01:27:44,0.0,done,2024-09-01 01:29:27
OF-2024-00082,ART-S29,Soudure,90.9,Aluminium,Vert,80,MCH-08,MANUAL,2024-08-31 13:56:57,2024-08-31 19:26:22,0.0,done,2024-08-31 19:29:19
OF-2024-00083,ART-F27,Finition,162.2,Titane,Rouge,53,MCH-06,MANUAL,2024-03-02 14:57:11,2024-03-02 16:41:03,20.3,done,2024-03-02 16:45:09
OF-2024-00084,ART-U24,Usinage,173.0,Aluminium,Vert,274,MCH-01,CNC_FAST,2024-08-11 14:13:13,2024-08-11 22:15:39,0.0,done,2024-08-11 22:16:59
OF-2024-00085,ART-U24,Usinage,173.0,Aluminium,Vert,72,MCH-02,CNC_FAST,2024-04-10 13:41:58,2024-04-10 15:32:45,27.2,done,2024-04-10 15:36:37
OF-2024-00086,ART-F19,Finition,100.8,Aluminium,Gris,75,MCH-02,CNC_FAST,2024-02-19 09:26:03,2024-02-19 09:59:35,0.0,done,2024-02-19 10:03:40
OF-2024-00087,ART-A38,Assemblage,165.3,Titane,Noir,70,MCH-03,CNC_STD,2024-07-30 15:49:40,2024-07-30 19:36:24,31.0,done,2024-07-30 19:37:12
OF-2024-00088,ART-S29,Soudure,90.9,Aluminium,Vert,30,MCH-11,ROBOT_CELL,2024-06-20 21:48:46,2024-06-20 23:15:43,0.0,done,2024-06-20 23:17:38
OF-2024-00089,ART-S29,Soudure,90.9,Aluminium,Vert,42,MCH-11,ROBOT_CELL,2024-02-26 08:43:22,2024-02-26 10:58:35,0.0,done,2024-02-26 11:01:09
OF-2024-00090,ART-A06,Assemblage,21.3,Acier,Noir,6,MCH-05,CNC_STD,2024-02-24 15:08:43,2024-02-24 15:20:47,1.5,done,2024-02-24 15:23:50
OF-2024-00091,ART-S25,Soudure,151.9,Acier,Bleu,75,MCH-08,MANUAL,2024-05-29 08:48:01,2024-05-29 18:31:17,0.0,done,2024-05-29 18:33:43
OF-2024-00092,ART-U12,Usinage,23.0,Titane,Noir,16,MCH-02,CNC_FAST,2024-03-30 13:26:40,2024-03-30 13:48:56,7.5,done,2024-03-30 13:51:39
OF-2024-00093,ART-S05,Soudure,38.9,Acier,Vert,22,MCH-06,MANUAL,2024-01-28 21:14:55,2024-01-28 22:43:09,0.0,done,2024-01-28 22:45:51
OF-2024-00094,ART-A26,Assemblage,183.1,Inox,Rouge,51,MCH-12,ROBOT_CELL,2024-06-14 08:46:52,2024-06-14 10:40:17,0.0,done,2024-06-14 10:42:26
OF-2024-00095,ART-S25,Soudure,151.9,Acier,Bleu,323,MCH-11,ROBOT_CELL,2024-08-14 10:52:07,2024-08-15 01:50:23,0.0,done,2024-08-15 01:51:26
OF-2024-00096,ART-U04,Usinage,186.4,Inox,Rouge,62,MCH-01,CNC_FAST,2024-01-13 18:01:17,2024-01-13 21:19:57,0.0,done,2024-01-13 21:20:47
OF-2024-00097,ART-U28,Usinage,115.2,Aluminium,Bleu,73,MCH-03,CNC_STD,2024-04-09 11:27:31,2024-04-09 13:39:19,7.9,done,2024-04-09 13:42:55
OF-2024-00098,ART-U28,Usinage,115.2,Aluminium,Bleu,46,MCH-01,CNC_FAST,2024-03-17 07:28:33,2024-03-17 08:24:15,0.0,done,2024-03-17 08:24:59
OF-2024-00099,ART-A26,Assemblage,183.1,Inox,Rouge,65,MCH-06,MANUAL,2024-06-17 11:22:14,,0.0,running,2024-06-17 14:39:54
OF-2024-00100,ART-U04,Usinage,186.4,Inox,Rouge,33,MCH-02,CNC_FAST,2024-03-09 07:10:34,2024-03-09 09:03:24,0.0,done,2024-03-09 09:08:06
OF-2024-00101,ART-F19,Finition,100.8,Aluminium,Gris,28,MCH-06,MANUAL,2024-08-18 16:23:23,2024-08-18 17:00:07,0.0,done,2024-08-18 17:01:52
OF-2024-00102,ART-U20,Usinage,23.4,Titane,Rouge,179,MCH-05,CNC_STD,2024-03-26 12:09:03,2024-03-26 16:13:20,0.0,done,2024-03-26 16:16:08
OF-2024-00103,ART-U16,Usinage,144.1,Aluminium,Noir,56,MCH-02,CNC_FAST,2024-04-15 19:23:04,2024-04-15 20:56:44,0.0,done,2024-04-15 20:59:03
OF-2024-00104,ART-F27,Finition,162.2,Titane,Rouge,61,MCH-01,CNC_FAST,2024-08-04 12:20:45,2024-08-04 13:35:00,0.0,done,2024-08-04 13:38:40
OF-2024-00105,ART-U16,Usinage,144.1,Aluminium,Noir,17,MCH-05,CNC_STD,2024-03-31 20:45:25,2024-03-31 21:36:14,0.0,done,2024-03-31 21:40:41
OF-2024-00106,ART-S33,Soudure,195.1,Inox,Gris,49,MCH-09,ROBOT_CELL,2024-08-21 10:58:16,2024-08-21 15:32:24,62.1,done,2024-08-21 15:34:03
OF-2024-00107,ART-A06,Assemblage,21.3,Acier,Noir,73,MCH-03,CNC_STD,2024-02-19 15:14:35,2024-02-19 16:04:46,0.0,done,2024-02-19 16:07:33
OF-2024-00108,ART-U04,Usinage,186.4,Inox,Rouge,282,MCH-04,CNC_STD,2024-03-02 11:12:09,2024-03-03 09:19:27,345.5,done,2024-03-03 09:21:06
OF-2024-00109,ART-U04,Usinage,186.4,Inox,Rouge,39,MCH-05,CNC_STD,2024-01-21 21:16:29,2024-01-22 01:07:42,57.1,done,2024-01-22 01:09:19
OF-2024-00110,ART-U28,Usinage,115.2,Aluminium,Bleu,21,MCH-04,CNC_STD,2024-08-01 17:06:12,2024-08-01 18:00:26,6.0,done,2024-08-01 18:03:58
OF-2024-00111,ART-A02,Assemblage,36.9,Aluminium,Vert,348,MCH-07,MANUAL,24/06/2024 11:48,24/06/2024 15:01,0.0,done,24/06/2024 15:03
OF-2024-00112,ART-S13,Soudure,74.7,Acier,Jaune,126,MCH-07,MANUAL,21/03/2024 12:59,21/03/2024 22:37,0.0,done,21/03/2024 22:39
OF-2024-00113,ART-F23,Finition,23.0,Acier,Gris,149,MCH-01,CNC_FAST,2024-03-03 07:54:40,2024-03-03 08:25:57,8.0,done,2024-03-03 08:28:12
OF-2024-00114,ART-S13,Soudure,74.7,Acier,Jaune,10,MCH-10,ROBOT_CELL,2024-03-25 15:02:27,2024-03-25 16:11:21,0.0,done,2024-03-25 16:12:16
OF-2024-00115,ART-F23,Finition,23.0,Acier,Gris,164,MCH-08,MANUAL,2024-03-17 12:35:40,2024-03-17 13:46:27,18.1,done,2024-03-17 13:50:41
OF-2024-00116,ART-F19,Finition,100.8,Aluminium,Gris,39,MCH-08,MANUAL,2024-05-30 17:11:30,2024-05-30 17:58:26,0.0,done,2024-05-30 18:00:51
OF-2024-00117,ART-F11-MM,Finition,147.9,Acier,Gris,236,MCH-02,CNC_FAST,2024-08-19 10:49:54,2024-08-19 13:22:52,0.0,done,2024-08-19 13:25:29
OF-2024-00118,ART-U04,Usinage,186.4,Inox,Rouge,59,MCH-01,CNC_FAST,2024-04-13 20:39:09,2024-04-13 23:40:30,0.0,done,2024-04-13 23:42:29
OF-2024-00119,ART-U24,Usinage,173.0,Aluminium,Vert,297,MCH-02,CNC_FAST,2024-05-25 21:32:46,2024-05-26 03:25:36,0.0,done,2024-05-26 03:27:56
OF-2024-00120,ART-U32,Usinage,131.7,Aluminium,Gris,25,MCH-01,CNC_FAST,2024-07-14 08:28:54,2024-07-14 09:08:36,11.5,done,2024-07-14 09:12:59
OF-2024-00121,ART-U28,Usinage,115.2,Aluminium,Bleu,70,MCH-02,CNC_FAST,2024-02-08 12:17:52,2024-02-08 13:53:32,19.0,done,2024-02-08 13:54:51
OF-2024-00122,ART-A26,Assemblage,183.1,Inox,Rouge,8,MCH-03,CNC_STD,2024-07-11 21:04:11,2024-07-11 21:34:48,0.0,done,2024-07-11 21:38:47
OF-2024-00123,ART-U32,Usinage,131.7,Aluminium,Gris,231,MCH-05,CNC_STD,2024-08-19 20:10:03,2024-08-20 02:31:16,0.0,done,2024-08-20 02:36:07
OF-2024-00124,ART-U28,Usinage,115.2,Aluminium,Bleu,62,MCH-01,CNC_FAST,2024-03-28 10:20:01,2024-03-28 11:38:36,16.9,done,2024-03-28 11:42:16
OF-2024-00125,ART-S13,Soudure,74.7,Acier,Jaune,14,MCH-07,MANUAL,10/08/2024 17:41,10/08/2024 19:36,0.0,done,10/08/2024 19:40
OF-2024-00126,ART-A26,Assemblage,183.1,Inox,Rouge,336,MCH-04,CNC_STD,2024-05-22 20:46:20,2024-05-23 07:15:38,0.0,done,2024-05-23 07:19:28
OF-2024-00127,ART-S17-MM,Soudure,16.0,Acier,Bleu,23,MCH-11,ROBOT_CELL,2024-02-25 09:33:25,2024-02-25 10:15:51,0.0,done,2024-02-25 10:19:35
OF-2024-00128,ART-A06,Assemblage,21.3,Acier,Noir,6,MCH-07,MANUAL,17/08/2024 17:13,17/08/2024 17:29,3.8,done,17/08/2024 17:31
OF-2024-00129,ART-U04,Usinage,186.4,Inox,Rouge,158,MCH-05,CNC_STD,2024-07-06 09:02:04,2024-07-06 20:41:07,177.8,done,2024-07-06 20:44:51
OF-2024-00130,ARTU20,Usinage,23.4,Titane,Rouge,141,MCH-03,CNC_STD,2024-02-08 20:30:20,2024-02-08 23:59:10,0.0,done,2024-02-09 00:03:11
OF-2024-00131,ART-U16,Usinage,144.1,Aluminium,Noir,55,MCH-02,CNC_FAST,2024-07-29 12:25:59,2024-07-29 13:43:01,21.6,done,2024-07-29 13:46:52
OF-2024-00132,art-u20,Usinage,23.4,Titane,Rouge,31,MCH-05,CNC_STD,2024-02-15 11:27:37,2024-02-15 12:31:02,0.0,done,2024-02-15 12:31:32
OF-2024-00133,ART-U04,Usinage,186.4,Inox,Rouge,10,MCH-04,CNC_STD,2024-07-07 12:22:54,2024-07-07 13:29:39,15.0,done,2024-07-07 13:30:53
OF-2024-00134,ART-U28,Usinage,115.2,Aluminium,Bleu,59,MCH-03,CNC_STD,2024-07-15 13:37:12,2024-07-15 15:28:09,35.9,done,2024-07-15 15:29:51
OF-2024-00135,ART-U32,Usinage,131.7,Aluminium,Gris,27,MCH-03,CNC_STD,2024-05-27 19:58:59,2024-05-27 21:06:14,6.9,done,2024-05-27 21:08:29
OF-2024-00136,ART-S33,Soudure,195.1,Inox,Gris,70,MCH-09,ROBOT_CELL,2024-04-11 09:49:29,2024-04-11 15:29:12,0.0,done,2024-04-11 15:32:27
OF-2024-00137,ART-S25,Soudure,151.9,Acier,Bleu,335,MCH-10,ROBOT_CELL,2024-07-10 11:32:39,2024-07-11 09:10:14,0.0,done,2024-07-11 09:14:01
OF-2024-00138,ART-A10,Assemblage,48.9,Aluminium,Jaune,57,MCH-11,ROBOT_CELL,2024-02-01 14:29:14,2024-02-01 15:08:38,10.4,done,2024-02-01 15:09:13
OF-2024-00139,ART-S29,Soudure,90.9,Aluminium,Vert,355,MCH-06,MANUAL,2024-06-07 16:24:14,2024-06-08 16:58:23,418.0,done,2024-06-08 17:00:10
OF-2024-00140,ART-U32,Usinage,131.7,Aluminium,Gris,29,MCH-01,CNC_FAST,2024-07-22 11:03:45,2024-07-22 11:51:36,0.0,done,2024-07-22 11:55:54
OF-2024-00141,ART-U28,Usinage,115.2,Aluminium,Bleu,24,MCH-01,CNC_FAST,2024-03-04 14:37:26,2024-03-04 15:18:14,0.0,done,2024-03-04 15:22:32
OF-2024-00142,ART-S29,Soudure,90.9,Aluminium,Vert,73,MCH-06,MANUAL,2024-06-12 18:55:07,2024-06-12 22:58:54,0.0,done,2024-06-12 23:02:37
OF-2024-00143,ART-A06-MM,Assemblage,21.3,Acier,Noir,149,MCH-04,CNC_STD,2024-05-14 17:16:37,2024-05-14 18:30:22,0.0,done,2024-05-14 18:31:30
OF-2024-00144,ART-S05,Soudure,38.9,Acier,Vert,156,MCH-08,MANUAL,2024-03-25 21:16:10,2024-03-26 02:16:55,0.0,done,2024-03-26 02:18:25
OF-2024-00145,ART-A10,Assemblage,48.9,Aluminium,Jaune,7,MCH-08,MANUAL,2024-07-19 20:25:12,2024-07-19 20:42:26,0.0,done,2024-07-19 20:43:55
OF-2024-00146,ART-S25,Soudure,151.9,Acier,Bleu,10,MCH-08,MANUAL,2024-04-13 13:01:38,2024-04-13 14:57:46,0.0,done,2024-04-13 14:59:58
OF-2024-00147,ART-S25,Soudure,151.9,Acier,Bleu,8,MCH-11,ROBOT_CELL,2024-05-09 19:29:50,2024-05-09 19:15:50,4.4,done,2024-05-09 20:25:51
OF-2024-00148,art-a30,Assemblage,130.4,Acier,Gris,13,MCH-06,MANUAL,2024-01-01 20:30:27,2024-01-01 21:39:08,0.0,done,2024-01-01 21:43:17
OF-2024-00149,ART-U04,Usinage,186.4,Inox,Rouge,69,MCH-03,CNC_STD,2024-05-30 13:21:48,2024-05-30 16:48:33,0.0,done,2024-05-30 16:49:41
OF-2024-00150,ART-S13,Soudure,74.7,Acier,Jaune,204,MCH-10,ROBOT_CELL,2024-08-30 17:25:37,2024-08-31 03:35:43,0.0,done,2024-08-31 03:36:17
OF-2024-00151,ART-S29,Soudure,90.9,Aluminium,Vert,34,MCH-09,ROBOT_CELL,2024-05-25 15:05:06,2024-05-25 16:48:02,0.0,done,2024-05-25 16:50:01
OF-2024-00152,ART-U04,Usinage,186.4,Inox,Rouge,9,MCH-01,CNC_FAST,2024-05-18 10:41:26,2024-05-18 11:18:44,4.7,done,2024-05-18 11:23:07
OF-2024-00153,ART-U32,Usinage,131.7,Aluminium,Gris,24,MCH-05,CNC_STD,2024-04-25 15:23:57,2024-04-25 16:44:09,10.7,done,2024-04-25 16:46:34
OF-2024-00154,ART-S29,Soudure,90.9,Aluminium,Vert,299,MCH-09,ROBOT_CELL,2024-02-21 06:25:09,,0.0,aborted,2024-02-21 19:01:47
OF-2024-00155,ART-A26,Assemblage,183.1,Inox,Rouge,19,MCH-10,ROBOT_CELL,2024-07-09 07:35:09,2024-07-09 08:18:50,5.1,done,2024-07-09 08:22:35
OF-2024-00156,ART-S25,Soudure,151.9,Acier,Bleu,200,MCH-11,ROBOT_CELL,2024-06-14 20:28:24,2024-06-15 07:36:53,112.7,done,2024-06-15 07:40:32
OF-2024-00157,ART-A26,Assemblage,183.1,Inox,Rouge,143,MCH-05,CNC_STD,2024-07-16 09:03:56,2024-07-16 13:38:42,32.2,done,2024-07-16 13:43:16
OF-2024-00158,ART-A10,Assemblage,48.9,Aluminium,Jaune,69,MCH-12,ROBOT_CELL,2024-05-12 14:29:39,2024-05-12 15:34:04,0.0,done,2024-05-12 15:38:46
OF-2024-00159,ART-S25,Soudure,151.9,Acier,Bleu,33,MCH-06,MANUAL,2024-06-13 14:53:01,2024-06-13 19:07:08,0.0,done,2024-06-13 19:07:44
OF-2024-00160,ART-S13,Soudure,74.7,Acier,Jaune,31,MCH-08,MANUAL,2024-01-12 18:38:35,2024-01-12 22:07:26,0.0,done,2024-01-12 22:09:25
OF-2024-00161,ART-U08,Usinage,22.6,Inox,Noir,134,MCH-03,CNC_STD,2024-02-23 14:14:03,2024-02-23 16:28:21,0.0,done,2024-02-23 16:30:15
OF-2024-00162,ART-F11,Finition,147.9,Acier,Gris,46,MCH-08,MANUAL,2024-04-29 08:09:43,2024-04-29 09:20:05,0.0,done,2024-04-29 09:21:40
OF-2024-00163,ART-U08,Usinage,22.6,Inox,Noir,36,MCH-04,CNC_STD,2024-07-26 18:23:34,2024-07-26 19:13:50,12.9,done,2024-07-26 19:18:00
OF-2024-00164,ART-A26,Assemblage,183.1,Inox,Rouge,79,MCH-10,ROBOT_CELL,2024-07-01 10:55:18,2024-07-01 13:22:12,43.7,done,2024-07-01 13:23:43
OF-2024-00165,ART-S29,Soudure,90.9,Aluminium,Vert,51,MCH-08,MANUAL,2024-02-21 17:14:17,2024-02-21 21:41:06,0.0,done,2024-02-21 21:45:13
OF-2024-00166,ART-A26,Assemblage,183.1,Inox,Rouge,305,MCH-07,MANUAL,27/08/2024 11:54,28/08/2024 02:48,104.4,done,28/08/2024 02:51
OF-2024-00167,ART-F27,Finition,162.2,Titane,Rouge,50,MCH-02,CNC_FAST,2024-05-12 18:48:12,2024-05-12 19:47:08,0.0,done,2024-05-12 19:47:56
OF-2024-00168,ART-F11,Finition,147.9,Acier,Gris,63,MCH-02,CNC_FAST,2024-03-05 15:22:58,2024-03-05 16:11:01,0.0,done,2024-03-05 16:12:37
OF-2024-00169,ART-S01,Soudure,191.3,Titane,Bleu,56,MCH-06,MANUAL,2024-05-22 16:55:13,2024-05-23 02:29:28,56.9,done,2024-05-23 02:33:45
OF-2024-00170,ART-A18,Assemblage,15.6,Inox,Rouge,42,MCH-10,ROBOT_CELL,2024-06-09 06:47:20,2024-06-09 07:12:28,0.0,done,2024-06-09 07:16:27
OF-2024-00171,ART-F15,Finition,196.8,Titane,Jaune,15,MCH-06,MANUAL,2024-05-17 18:51:50,2024-05-17 19:41:05,0.0,done,2024-05-17 19:43:37
OF-2024-00172,ART-A22,Assemblage,105.9,Aluminium,Noir,68,MCH-09,ROBOT_CELL,2024-04-18 17:43:25,2024-04-18 18:42:05,0.0,done,2024-04-18 18:43:33
OF-2024-00173,ART-F15,Finition,196.8,Titane,Jaune,57,MCH-02,CNC_FAST,2024-04-20 18:36:12,2024-04-20 20:13:02,0.0,done,2024-04-20 20:15:59
OF-2024-00174,ART-U32,Usinage,131.7,Aluminium,Gris,53,MCH-01,CNC_FAST,2024-03-07 06:30:12,,27.2,running,2024-03-07 07:55:07
OF-2024-00175,ART-F19,Finition,100.8,Aluminium,Gris,38,MCH-06,MANUAL,2024-08-01 09:25:33,2024-08-01 10:24:16,0.0,done,2024-08-01 10:27:31
OF-2024-00176,ART-A06,Assemblage,21.3,Acier,Noir,6,MCH-08,MANUAL,2024-04-23 08:24:45,2024-04-23 08:38:16,0.0,done,2024-04-23 08:39:09
OF-2024-00177,ART-U00,Usinage,184.0,Inox,Jaune,20,MCH-02,CNC_FAST,2024-04-24 07:00:21,2024-04-24 08:03:33,20.4,done,2024-04-24 08:07:17
OF-2024-00178,ART-F31,Finition,25.3,Inox,Gris,317,MCH-07,MANUAL,07/08/2024 15:05,,75.6,running,07/08/2024 18:58
OF-2024-00179,ART-A02,Assemblage,36.9,Aluminium,Vert,121,MCH-08,MANUAL,2024-04-12 18:07:14,2024-04-12 19:37:35,0.0,done,2024-04-12 19:41:39
OF-2024-00180,ART-S25,Soudure,151.9,Acier,Bleu,38,MCH-06,MANUAL,2024-04-05 16:05:35,2024-04-05 21:40:46,106.9,done,2024-04-05 21:44:24
OF-2024-00181,ART-U16,Usinage,144.1,Aluminium,Noir,70,MCH-02,CNC_FAST,2024-03-15 07:15:30,2024-03-15 09:23:27,12.7,done,2024-03-15 09:24:36
OF-2024-00182,ART-S09,Soudure,11.4,Acier,Jaune,166,MCH-10,ROBOT_CELL,2024-02-27 09:44:54,2024-02-27 12:07:22,0.0,done,2024-02-27 12:09:16
OF-2024-00183,ART-A06,Assemblage,21.3,Acier,Noir,68,MCH-06,MANUAL,2024-05-31 06:59:17,2024-05-31 08:12:37,0.0,done,2024-05-31 08:16:15
OF-2024-00184,ART-S25,Soudure,151.9,Acier,Bleu,31,MCH-06,MANUAL,2024-06-18 11:44:05,2024-06-18 15:59:43,54.0,done,2024-06-18 16:01:10
OF-2024-00185,ART-A22,Assemblage,105.9,Aluminium,Noir,21,MCH-08,MANUAL,2024-05-22 11:02:33,2024-05-22 11:49:25,14.3,done,2024-05-22 11:51:49
OF-2024-00186,ART-S29,Soudure,90.9,Aluminium,Vert,58,MCH-09,ROBOT_CELL,2024-07-05 10:02:06,2024-07-05 12:24:10,20.2,done,2024-07-05 12:27:34
OF-2024-00187,ART-U04,Usinage,186.4,Inox,Rouge,16,MCH-01,CNC_FAST,2024-01-15 06:53:42,2024-01-15 07:57:41,15.8,done,2024-01-15 08:01:26
OF-2024-00188,ART-S21,Soudure,45.5,Inox,Vert,321,MCH-08,MANUAL,2024-06-16 13:34:03,2024-06-17 06:59:24,306.5,done,2024-06-17 07:03:39
OF-2024-00189,ART-F15,Finition,196.8,Titane,Jaune,171,MCH-01,CNC_FAST,2024-01-22 07:58:40,2024-01-22 12:19:56,50.9,done,2024-01-22 12:23:36
OF-2024-00190,ART-S13,Soudure,74.7,Acier,Jaune,227,MCH-10,ROBOT_CELL,2024-07-10 18:25:25,2024-07-11 02:54:37,141.5,done,2024-07-11 02:56:27
OF-2024-00191,  ART-U16 ,Usinage,144.1,Aluminium,Noir,53,MCH-02,CNC_FAST,2024-03-31 15:39:01,2024-03-31 16:59:30,23.2,done,2024-03-31 17:02:36
OF-2024-00192,ART-F19,Finition,100.8,Aluminium,Gris,42,MCH-02,CNC_FAST,2024-07-22 16:22:52,2024-07-22 16:45:20,0.0,done,2024-07-22 16:47:15
OF-2024-00193,  ART-U32 ,Usinage,131.7,Aluminium,Gris,42,MCH-04,CNC_STD,2024-02-03 18:48:41,2024-02-03 20:24:08,0.0,done,2024-02-03 20:28:10
OF-2024-00194,ART-U28,Usinage,115.2,Aluminium,Bleu,14,MCH-01,CNC_FAST,2024-01-08 07:19:19,2024-01-08 07:43:38,0.0,done,2024-01-08 07:44:18
OF-2024-00195,ARTU16,Usinage,144.1,Aluminium,Noir,41,MCH-05,CNC_STD,2024-05-05 07:03:20,2024-05-05 08:40:53,28.3,done,2024-05-05 08:42:03
OF-2024-00196,ART-U24,Usinage,173.0,Aluminium,Vert,202,MCH-03,CNC_STD,2024-08-13 18:56:27,2024-08-14 02:26:02,0.0,done,2024-08-14 02:26:58
OF-2024-00197,ART-A22,Assemblage,105.9,Aluminium,Noir,48,MCH-10,ROBOT_CELL,2024-05-08 11:57:27,2024-05-08 12:34:54,0.0,done,2024-05-08 12:36:56
OF-2024-00198,ART-S25,Soudure,151.9,Acier,Bleu,29,MCH-06,MANUAL,2024-01-07 19:53:00,2024-01-08 00:12:26,0.0,done,2024-01-08 00:14:10
OF-2024-00199,ART-A18,Assemblage,15.6,Inox,Rouge,54,MCH-06,MANUAL,2024-02-19 06:39:31,2024-02-19 07:33:08,0.0,done,2024-02-19 07:36:02
OF-2024-00200,ART-U16,Usinage,144.1,Aluminium,Noir,75,MCH-01,CNC_FAST,2024-05-02 20:45:50,2024-05-02 22:42:52,0.0,done,2024-05-02 22:46:14
OF-2024-00201,ART-U20,Usinage,23.4,Titane,Rouge,31,MCH-01,CNC_FAST,2024-06-07 18:21:21,2024-06-07 19:05:49,3.2,done,2024-06-07 19:09:52
OF-2024-00202,ART-F15,Finition,196.8,Titane,Jaune,37,MCH-02,CNC_FAST,2024-04-20 08:23:54,2024-04-20 09:12:53,12.9,done,2024-04-20 09:14:25
OF-2024-00203,ART-F27,Finition,162.2,Titane,Rouge,344,MCH-07,MANUAL,19/03/2024 09:01,19/03/2024 20:42,0.0,done,19/03/2024 20:44
OF-2024-00204,ART-S25,Soudure,151.9,Acier,Bleu,5,MCH-06,MANUAL,2024-05-10 17:36:48,2024-05-10 18:48:13,0.0,done,2024-05-10 18:50:52
OF-2024-00205,ART-U04,Usinage,186.4,Inox,Rouge,114,MCH-01,CNC_FAST,2024-04-29 19:01:36,2024-04-29 23:56:33,0.0,done,2024-04-29 23:58:24
OF-2024-00206,art-f11,Finition,147.9,Acier,Gris,53,MCH-01,CNC_FAST,2024-05-16 13:08:09,2024-05-16 13:47:06,0.0,done,2024-05-16 13:48:29
OF-2024-00207,ART-U04,Usinage,186.4,Inox,Rouge,197,MCH-03,CNC_STD,2024-02-21 16:31:24,2024-02-22 07:34:23,0.0,done,2024-02-22 07:34:56
OF-2024-00208,ART-A06,Assemblage,21.3,Acier,Noir,45,MCH-03,CNC_STD,2024-08-30 15:32:40,2024-08-30 16:02:45,1.9,done,2024-08-30 16:06:07
OF-2024-00209,ART-S13,Soudure,74.7,Acier,Jaune,6,MCH-10,ROBOT_CELL,2024-01-01 19:20:44,2024-01-01 20:06:47,12.0,done,2024-01-01 20:10:03
OF-2024-00210,ART-U24,Usinage,173.0,Aluminium,Vert,20,MCH-01,CNC_FAST,2024-08-14 15:50:39,2024-08-14 16:33:55,0.0,done,2024-08-14 16:38:16
OF-2024-00211,ART-U12,Usinage,23.0,Titane,Noir,77,MCH-05,CNC_STD,2024-08-03 14:41:07,2024-08-03 16:32:28,0.0,done,2024-08-03 16:34:11
OF-2024-00212,ART-F07,Finition,147.0,Acier,Gris,79,MCH-06,MANUAL,2024-02-28 19:06:17,2024-02-28 20:54:48,0.0,done,2024-02-28 20:55:57
OF-2024-00213,ART-F31,Finition,25.3,Inox,Gris,49,MCH-01,CNC_FAST,2024-07-12 19:23:41,2024-07-12 19:45:49,2.1,done,2024-07-12 19:46:21
OF-2024-00214,ART-S25,Soudure,151.9,Acier,Bleu,44,MCH-11,ROBOT_CELL,2024-03-03 06:56:49,2024-03-03 10:09:04,40.8,done,2024-03-03 10:13:20
OF-2024-00215,ART-F15,Finition,196.8,Titane,Jaune,339,MCH-08,MANUAL,2024-03-12 09:51:30,2024-03-13 02:22:14,0.0,done,2024-03-13 02:25:50
OF-2024-00216,ART-U08,Usinage,22.6,Inox,Noir,161,MCH-04,CNC_STD,2024-03-06 17:24:26,2024-03-06 20:01:15,15.8,done,2024-03-06 20:05:25
OF-2024-00217,ART-F23,Finition,23.0,Acier,Gris,49,MCH-02,CNC_FAST,2024-02-20 13:20:13,2024-02-20 13:34:50,1.6,done,2024-02-20 13:37:51
OF-2024-00218,ART-U32,Usinage,131.7,Aluminium,Gris,203,MCH-05,CNC_STD,2024-08-29 20:20:54,2024-08-30 02:35:24,0.0,done,2024-08-30 02:38:46
OF-2024-00219,ART-U04,Usinage,186.4,Inox,Rouge,74,MCH-02,CNC_FAST,2024-02-27 17:42:31,2024-02-27 21:49:56,56.9,done,2024-02-27 21:52:22
OF-2024-00220,ART-A06-MM,Assemblage,21.3,Acier,Noir,222,MCH-08,MANUAL,2024-06-10 21:13:17,2024-06-10 23:33:37,0.0,done,2024-06-10 23:37:01
OF-2024-00221,ART-A26,Assemblage,183.1,Inox,Rouge,52,MCH-10,ROBOT_CELL,2024-07-17 07:20:56,2024-07-17 08:51:25,0.0,done,2024-07-17 08:55:42
OF-2024-00222,ART-A02,Assemblage,36.9,Aluminium,Vert,46,MCH-03,CNC_STD,2024-01-12 13:47:21,2024-01-12 14:22:49,0.0,done,2024-01-12 14:23:55
OF-2024-00223,ART-U24,Usinage,173.0,Aluminium,Vert,45,MCH-01,CNC_FAST,2024-07-29 13:54:38,2024-07-29 14:59:58,0.0,done,2024-07-29 15:04:23
OF-2024-00224,  ART-F19 ,Finition,100.8,Aluminium,Gris,75,MCH-02,CNC_FAST,2024-04-28 22:07:32,2024-04-28 22:44:06,0.0,done,2024-04-28 22:46:59
OF-2024-00225,ART-U04,Usinage,186.4,Inox,Rouge,26,MCH-04,CNC_STD,2024-02-09 18:49:18,2024-02-09 20:27:37,0.0,done,2024-02-09 20:29:16
OF-2024-00226,ART-F15,Finition,196.8,Titane,Jaune,33,MCH-02,CNC_FAST,2024-07-08 10:17:13,2024-07-08 11:03:43,0.0,done,2024-07-08 11:07:07
OF-2024-00227,ART-A26,Assemblage,183.1,Inox,Rouge,56,MCH-05,CNC_STD,2024-01-27 06:07:55,2024-01-27 08:21:08,0.0,done,2024-01-27 08:23:44
OF-2024-00228,ART-A06,Assemblage,21.3,Acier,Noir,69,MCH-07,MANUAL,17/06/2024 09:12,17/06/2024 10:30,0.0,done,17/06/2024 10:32
OF-2024-00229,ART-S05,Soudure,38.9,Acier,Vert,79,MCH-10,ROBOT_CELL,2024-03-15 12:33:44,2024-03-15 14:28:39,0.0,done,2024-03-15 14:33:19
OF-2024-00230,ART-U24,Usinage,173.0,Aluminium,Vert,57,MCH-01,CNC_FAST,2024-04-27 12:56:28,2024-04-27 14:35:54,0.0,done,2024-04-27 14:39:30
OF-2024-00231,ART-U32,Usinage,131.7,Aluminium,Gris,242,MCH-01,CNC_FAST,2024-01-02 12:17:18,2024-01-02 17:41:43,0.0,done,2024-01-02 17:46:40
OF-2024-00232,art-u12,Usinage,23.0,Titane,Noir,8,MCH-01,CNC_FAST,2024-07-25 09:56:02,2024-07-25 10:11:45,4.7,done,2024-07-25 10:14:31
OF-2024-00233,ART-A18,Assemblage,15.6,Inox,Rouge,39,MCH-06,MANUAL,2024-04-28 17:52:06,2024-04-28 18:34:19,10.1,done,2024-04-28 18:37:27
OF-2024-00234,ART-U28,Usinage,115.2,Aluminium,Bleu,24,MCH-01,CNC_FAST,2024-04-12 20:57:15,2024-04-12 21:32:28,12.1,done,2024-04-12 21:34:21
OF-2024-00235,ART-S29,Soudure,90.9,Aluminium,Vert,39,MCH-10,ROBOT_CELL,2024-07-11 11:39:29,2024-07-11 13:16:44,25.6,done,2024-07-11 13:18:37
OF-2024-00236,ART-S17,Soudure,16.0,Acier,Bleu,340,MCH-09,ROBOT_CELL,2024-04-05 11:07:54,2024-04-05 15:46:34,23.0,done,2024-04-05 15:48:25
OF-2024-00237,ART-U04,Usinage,186.4,Inox,Rouge,64,MCH-03,CNC_STD,2024-07-01 07:00:59,2024-07-01 11:24:33,30.2,done,2024-07-01 11:26:34
OF-2024-00238,art-u32,Usinage,131.7,Aluminium,Gris,43,MCH-05,CNC_STD,2024-01-16 06:34:05,2024-01-16 08:06:27,11.0,done,2024-01-16 08:10:53
OF-2024-00239,ART-S29,Soudure,90.9,Aluminium,Vert,362,MCH-10,ROBOT_CELL,2024-03-28 19:43:45,2024-03-29 07:20:47,0.0,done,2024-03-29 07:24:44
OF-2024-00240,ART-U16,Usinage,144.1,Aluminium,Noir,66,MCH-04,CNC_STD,2024-06-27 21:09:15,2024-06-27 23:12:31,0.0,done,2024-06-27 23:17:07
OF-2024-00241,ART-F07,Finition,147.0,Acier,Gris,255,MCH-07,MANUAL,04/05/2024 12:19,04/05/2024 18:20,0.0,done,04/05/2024 18:23
OF-2024-00242,ART-S29,Soudure,90.9,Aluminium,Vert,68,MCH-07,MANUAL,03/01/2024 19:35,04/01/2024 01:24,0.0,done,04/01/2024 01:25
OF-2024-00243,ART-A10,Assemblage,48.9,Aluminium,Jaune,25,MCH-11,ROBOT_CELL,2024-02-23 19:04:43,,8.3,aborted,2024-02-23 19:34:01
OF-2024-00244,ARTU16,Usinage,144.1,Aluminium,Noir,39,MCH-04,CNC_STD,2024-08-23 09:47:42,2024-08-23 11:22:57,30.5,done,2024-08-23 11:25:37
OF-2024-00245,ART-U00,Usinage,184.0,Inox,Jaune,48,MCH-01,CNC_FAST,2024-02-08 14:42:26,2024-02-08 16:50:57,0.0,done,2024-02-08 16:51:50
OF-2024-00246,ART-A18,Assemblage,15.6,Inox,Rouge,58,MCH-06,MANUAL,2024-04-22 06:34:44,2024-04-22 07:37:38,0.0,done,2024-04-22 07:42:30
OF-2024-00247,ART-U28,Usinage,115.2,Aluminium,Bleu,221,MCH-02,CNC_FAST,2024-04-12 19:56:18,2024-04-12 23:23:11,32.1,done,2024-04-12 23:25:49
OF-2024-00248,ART-U28,Usinage,115.2,Aluminium,Bleu,75,MCH-01,CNC_FAST,2024-05-18 12:43:34,2024-05-18 14:25:46,15.8,done,2024-05-18 14:27:39
OF-2024-00249,ART-U16,Usinage,144.1,Aluminium,Noir,26,MCH-01,CNC_FAST,2024-04-07 14:43:58,2024-04-07 15:20:57,0.0,done,2024-04-07 15:21:50
OF-2024-00250,ART-A26,Assemblage,183.1,Inox,Rouge,31,MCH-04,CNC_STD,2024-07-13 07:22:46,2024-07-13 08:31:26,10.1,done,2024-07-13 08:32:05
OF-2024-00251,ART-S33,Soudure,195.1,Inox,Gris,31,MCH-06,MANUAL,2024-06-30 09:07:06,2024-06-30 13:55:42,67.0,done,2024-06-30 13:59:24
OF-2024-00252,ART-A06,Assemblage,21.3,Acier,Noir,22,MCH-03,CNC_STD,2024-07-30 16:39:25,2024-07-30 16:59:45,3.8,done,2024-07-30 17:04:08
OF-2024-00253,ART-U00,Usinage,184.0,Inox,Jaune,33,MCH-01,CNC_FAST,2024-06-21 20:45:58,2024-06-21 22:32:00,0.0,done,2024-06-21 22:33:56
OF-2024-00254,ART-A22,Assemblage,105.9,Aluminium,Noir,334,MCH-09,ROBOT_CELL,2024-02-16 06:25:40,2024-02-16 10:59:01,0.0,done,2024-02-16 11:02:34
OF-2024-00255,ART-S13,Soudure,74.7,Acier,Jaune,43,MCH-09,ROBOT_CELL,2024-05-31 07:00:55,2024-05-31 09:02:21,0.0,done,2024-05-31 09:03:14
OF-2024-00256,ART-U16,Usinage,144.1,Aluminium,Noir,78,MCH-03,CNC_STD,2024-04-15 14:29:33,2024-04-15 17:51:28,0.0,done,2024-04-15 17:53:49
OF-2024-00257,ART-S33,Soudure,195.1,Inox,Gris,321,MCH-07,MANUAL,22/03/2024 07:44,24/03/2024 01:33,0.0,done,24/03/2024 01:37
OF-2024-00258,ART-F03,Finition,55.9,Titane,Jaune,32,MCH-08,MANUAL,2024-04-25 20:57:02,2024-04-25 21:52:21,0.0,done,2024-04-25 21:56:27
OF-2024-00259,ART-A22,Assemblage,105.9,Aluminium,Noir,238,MCH-05,CNC_STD,2024-01-18 07:54:45,2024-01-18 11:38:04,61.7,done,2024-01-18 11:40:49
OF-2024-00260,ART-A06,Assemblage,21.3,Acier,Noir,235,MCH-07,MANUAL,03/05/2024 19:39,03/05/2024 22:12,0.0,done,03/05/2024 22:16
OF-2024-00261,ART-U20,Usinage,23.4,Titane,Rouge,121,MCH-03,CNC_STD,2024-04-19 15:35:32,2024-04-19 15:35:32,26.9,done,2024-04-19 18:15:52
OF-2024-00262,ART-A02,Assemblage,36.9,Aluminium,Vert,327,MCH-10,ROBOT_CELL,2024-08-31 11:19:10,,0.0,aborted,2024-08-31 13:34:17
OF-2024-00263,ART-F31,Finition,25.3,Inox,Gris,383,MCH-01,CNC_FAST,2024-06-06 10:15:45,2024-06-06 12:22:48,0.0,done,2024-06-06 12:27:00
OF-2024-00264,ART-A26,Assemblage,183.1,Inox,Rouge,395,MCH-12,ROBOT_CELL,2024-08-07 15:52:58,2024-08-08 01:58:56,75.7,done,2024-08-08 01:59:57
OF-2024-00265,ART-S13,Soudure,74.7,Acier,Jaune,50,MCH-09,ROBOT_CELL,2024-03-22 11:40:27,2024-03-22 14:07:25,11.8,done,2024-03-22 14:10:47
OF-2024-00266,ART-S13,Soudure,74.7,Acier,Jaune,54,MCH-08,MANUAL,2024-06-27 15:34:54,2024-06-27 20:14:01,0.0,done,2024-06-27 20:16:37
OF-2024-00267,ART-U28,Usinage,115.2,Aluminium,Bleu,18,MCH-03,CNC_STD,2024-06-22 08:16:13,,17.3,aborted,2024-06-22 09:11:37
OF-2024-00268,ART-U04,Usinage,186.4,Inox,Rouge,32,MCH-03,CNC_STD,2024-08-20 07:58:45,2024-08-20 11:19:31,0.0,done,2024-08-20 11:24:05
OF-2024-00269,ART-S33,Soudure,195.1,Inox,Gris,19,MCH-07,MANUAL,27/04/2024 12:08,27/04/2024 15:19,37.2,done,27/04/2024 15:21
OF-2024-00270,ART-A02,Assemblage,36.9,Aluminium,Vert,54,MCH-03,CNC_STD,2024-04-18 14:55:14,2024-04-18 15:36:00,7.7,done,2024-04-18 15:39:00
OF-2024-00271,ART-F23,Finition,23.0,Acier,Gris,72,MCH-06,MANUAL,2024-08-21 10:30:00,,0.0,aborted,2024-08-21 11:15:02
OF-2024-00272,ART-A18,Assemblage,15.6,Inox,Rouge,51,MCH-08,MANUAL,2024-07-18 16:25:26,2024-07-18 17:07:03,0.0,done,2024-07-18 17:09:18
OF-2024-00273,ART-S13,Soudure,74.7,Acier,Jaune,76,MCH-07,MANUAL,18/05/2024 13:15,18/05/2024 19:07,107.7,done,18/05/2024 19:10
OF-2024-00274,ART-U32,Usinage,131.7,Aluminium,Gris,8,MCH-05,CNC_STD,2024-05-18 08:54:02,2024-05-18 09:24:19,9.5,done,2024-05-18 09:25:36
OF-2024-00275,ART-S21,Soudure,45.5,Inox,Vert,52,MCH-07,MANUAL,08/06/2024 08:47,08/06/2024 13:16,0.0,done,08/06/2024 13:18
OF-2024-00276,ART-S21,Soudure,45.5,Inox,Vert,41,MCH-11,ROBOT_CELL,2024-04-26 19:23:38,2024-04-26 21:02:25,8.7,done,2024-04-26 21:04:50
OF-2024-00277,art-u16,Usinage,144.1,Aluminium,Noir,54,MCH-01,CNC_FAST,2024-03-16 17:41:33,2024-03-16 18:48:31,0.0,done,2024-03-16 18:50:04
OF-2024-00278,ART-A26,Assemblage,183.1,Inox,Rouge,19,MCH-11,ROBOT_CELL,2024-06-24 19:03:16,2024-06-24 19:44:51,0.0,done,2024-06-24 19:47:25
OF-2024-00279,ART-U00,Usinage,184.0,Inox,Jaune,55,MCH-04,CNC_STD,2024-05-19 10:54:41,2024-05-19 13:33:53,0.0,done,2024-05-19 13:36:07
OF-2024-00280,ART-F19,Finition,100.8,Aluminium,Gris,39,MCH-07,MANUAL,26/03/2024 13:28,26/03/2024 14:25,15.4,done,26/03/2024 14:26
OF-2024-00281,ART-A14,Assemblage,190.7,Acier,Noir,213,MCH-11,ROBOT_CELL,2024-04-18 11:33:27,2024-04-18 16:24:07,0.0,done,2024-04-18 16:26:08
OF-2024-00282,art-u16,Usinage,144.1,Aluminium,Noir,75,MCH-03,CNC_STD,2024-02-23 15:58:20,2024-02-23 18:12:45,0.0,done,2024-02-23 18:13:52
OF-2024-00283,ART-U12,Usinage,23.0,Titane,Noir,335,MCH-04,CNC_STD,2024-02-22 19:29:43,2024-02-23 03:09:58,0.0,done,2024-02-23 03:13:27
OF-2024-00284,ART-A06,Assemblage,21.3,Acier,Noir,138,MCH-10,ROBOT_CELL,2024-06-04 08:14:03,2024-06-04 09:18:45,13.3,done,2024-06-04 09:21:09
OF-2024-00285,ART-U00,Usinage,184.0,Inox,Jaune,27,MCH-03,CNC_STD,2024-02-18 13:13:35,2024-02-18 14:56:58,0.0,done,2024-02-18 14:58:54
OF-2024-00286,ART-U00,Usinage,184.0,Inox,Jaune,44,MCH-02,CNC_FAST,2024-01-22 20:33:29,2024-01-22 22:45:47,0.0,done,2024-01-22 22:49:34
OF-2024-00287,ART-U16,Usinage,144.1,Aluminium,Noir,172,MCH-04,CNC_STD,2024-07-23 16:45:18,2024-07-23 22:59:49,0.0,done,2024-07-23 23:01:38
OF-2024-00288,ART-A10,Assemblage,48.9,Aluminium,Jaune,150,MCH-05,CNC_STD,2024-07-15 17:46:12,2024-07-15 20:00:16,0.0,done,2024-07-15 20:03:39
OF-2024-00289,ART-U28,Usinage,115.2,Aluminium,Bleu,244,MCH-02,CNC_FAST,2024-05-28 17:32:54,2024-05-28 21:44:49,26.6,done,2024-05-28 21:47:28
OF-2024-00290,ARTU20,Usinage,23.4,Titane,Rouge,44,MCH-03,CNC_STD,2024-05-18 09:35:22,2024-05-18 10:45:22,0.0,done,2024-05-18 10:48:46
OF-2024-00291,ART-F15,Finition,196.8,Titane,Jaune,373,MCH-08,MANUAL,2024-01-22 19:14:29,2024-01-23 12:14:44,0.0,done,2024-01-23 12:17:55
OF-2024-00292,ART-F15,Finition,196.8,Titane,Jaune,46,MCH-02,CNC_FAST,2024-01-05 19:09:05,2024-01-05 20:23:06,0.0,done,2024-01-05 20:27:00
OF-2024-00293,ART-S29,Soudure,90.9,Aluminium,Vert,171,MCH-07,MANUAL,28/01/2024 16:56,29/01/2024 04:14,0.0,done,29/01/2024 04:18
OF-2024-00294,ART-A06,Assemblage,21.3,Acier,Noir,30,MCH-03,CNC_STD,2024-08-25 13:05:59,2024-08-25 13:30:34,0.0,done,2024-08-25 13:34:27
OF-2024-00295,ART-U24,Usinage,173.0,Aluminium,Vert,74,MCH-01,CNC_FAST,2024-05-10 09:22:43,2024-05-10 11:02:07,0.0,done,2024-05-10 11:05:30
OF-2024-00296,ART-S33,Soudure,195.1,Inox,Gris,56,MCH-10,ROBOT_CELL,2024-07-18 11:31:07,2024-07-18 16:27:58,0.0,done,2024-07-18 16:30:39
OF-2024-00297,ART-U28,Usinage,115.2,Aluminium,Bleu,27,MCH-03,CNC_STD,2024-03-08 08:01:03,2024-03-08 09:02:33,13.2,done,2024-03-08 09:03:52
OF-2024-00298,ART-U28,Usinage,115.2,Aluminium,Bleu,15,MCH-03,CNC_STD,2024-01-19 08:12:41,2024-01-19 09:00:09,12.2,done,2024-01-19 09:04:54
OF-2024-00299,ART-U04,Usinage,186.4,Inox,Rouge,44,MCH-02,CNC_FAST,2024-06-03 19:25:00,2024-06-03 21:49:52,9.4,done,2024-06-03 21:50:37
OF-2024-00300,ART-A06-MM,Assemblage,21.3,Acier,Noir,39,MCH-04,CNC_STD,2024-04-23 08:04:01,2024-04-23 08:26:59,0.0,done,2024-04-23 08:28:50
OF-2024-00301,ART-S29,Soudure,90.9,Aluminium,Vert,373,MCH-09,ROBOT_CELL,2024-05-20 15:30:56,2024-05-21 02:57:29,0.0,done,2024-05-21 02:58:09
OF-2024-00302,ART-F03,Finition,55.9,Titane,Jaune,35,MCH-08,MANUAL,2024-02-25 19:00:01,2024-02-25 20:07:27,0.0,done,2024-02-25 20:11:50
OF-2024-00303,ART-S21,Soudure,45.5,Inox,Vert,43,MCH-10,ROBOT_CELL,2024-02-28 14:47:33,2024-02-28 16:43:02,0.0,done,2024-02-28 16:45:19
OF-2024-00304,ART-U16,Usinage,144.1,Aluminium,Noir,78,MCH-03,CNC_STD,2024-05-19 11:51:34,2024-05-19 14:56:35,0.0,done,2024-05-19 14:59:39
OF-2024-00305,ART-S05,Soudure,38.9,Acier,Vert,64,MCH-12,ROBOT_CELL,2024-05-04 18:02:12,,6.9,running,2024-05-04 19:59:38
OF-2024-00306,ART-F15,Finition,196.8,Titane,Jaune,380,MCH-07,MANUAL,11/02/2024 06:04,11/02/2024 23:04,257.3,done,11/02/2024 23:08
OF-2024-00307,ARTF07,Finition,147.0,Acier,Gris,52,MCH-07,MANUAL,12/01/2024 20:51,12/01/2024 22:26,0.0,done,12/01/2024 22:28
OF-2024-00308,ART-U04,Usinage,186.4,Inox,Rouge,54,MCH-02,CNC_FAST,2024-08-01 20:54:17,2024-08-02 00:21:56,0.0,done,2024-08-02 00:25:36
OF-2024-00309,ART-A06,Assemblage,21.3,Acier,Noir,72,MCH-08,MANUAL,2024-08-12 08:25:04,2024-08-12 09:27:55,8.3,done,2024-08-12 09:32:12
OF-2024-00310,art-u08,Usinage,22.6,Inox,Noir,64,MCH-01,CNC_FAST,2024-05-04 20:49:41,2024-05-04 21:46:59,0.0,done,2024-05-04 21:48:33
OF-2024-00311,ART-F15,Finition,196.8,Titane,Jaune,21,MCH-02,CNC_FAST,2024-05-21 10:04:04,2024-05-21 10:39:51,3.4,done,2024-05-21 10:44:31
OF-2024-00312,ART-U00,Usinage,184.0,Inox,Jaune,168,MCH-05,CNC_STD,2024-08-07 15:56:19,2024-08-08 02:18:25,0.0,done,2024-08-08 02:23:10
OF-2024-00313,ART-S29,Soudure,90.9,Aluminium,Vert,49,MCH-11,ROBOT_CELL,2024-08-17 14:00:39,2024-08-17 16:18:09,0.0,done,2024-08-17 16:21:23
OF-2024-00314,ART-U28,Usinage,115.2,Aluminium,Bleu,59,MCH-05,CNC_STD,2024-03-21 12:53:32,2024-03-21 14:24:41,0.0,done,2024-03-21 14:27:24
OF-2024-00315,ART-S25,Soudure,151.9,Acier,Bleu,122,MCH-08,MANUAL,2024-05-03 20:06:37,2024-05-04 10:33:56,0.0,done,2024-05-04 10:38:29
OF-2024-00316,ART-S33,Soudure,195.1,Inox,Gris,191,MCH-07,MANUAL,24/08/2024 22:08,26/08/2024 02:26,0.0,done,26/08/2024 02:29
OF-2024-00317,ART-U04,Usinage,186.4,Inox,Rouge,236,MCH-03,CNC_STD,2024-04-01 15:05:56,2024-04-01 15:05:56,0.0,done,2024-04-02 06:28:29
OF-2024-00318,ART-F15,Finition,196.8,Titane,Jaune,352,MCH-01,CNC_FAST,2024-02-19 14:36:41,2024-02-20 00:41:13,0.0,done,2024-02-20 00:42:12
OF-2024-00319,ART-U24,Usinage,173.0,Aluminium,Vert,61,MCH-02,CNC_FAST,2024-06-09 12:05:46,2024-06-09 13:38:13,10.4,done,2024-06-09 13:42:54
OF-2024-00320,ART-A18,Assemblage,15.6,Inox,Rouge,397,MCH-11,ROBOT_CELL,2024-04-16 09:29:56,2024-04-16 11:53:29,0.0,done,2024-04-16 11:56:35
OF-2024-00321,  ART-U32 ,Usinage,131.7,Aluminium,Gris,206,MCH-02,CNC_FAST,2024-02-10 09:25:44,2024-02-10 14:34:42,18.9,done,2024-02-10 14:37:02
OF-2024-00322,ARTU20,Usinage,23.4,Titane,Rouge,39,MCH-04,CNC_STD,2024-08-01 06:02:48,2024-08-01 07:23:28,25.6,done,2024-08-01 07:25:31
OF-2024-00323,ART-F19,Finition,100.8,Aluminium,Gris,7,MCH-08,MANUAL,2024-01-15 20:53:15,2024-01-15 21:14:29,0.0,done,2024-01-15 21:19:13
OF-2024-00324,ART-F15,Finition,196.8,Titane,Jaune,207,MCH-02,CNC_FAST,2024-06-21 06:16:01,2024-06-21 10:33:32,0.0,done,2024-06-21 10:36:35
OF-2024-00325,ART-F11,Finition,147.9,Acier,Gris,51,MCH-06,MANUAL,2024-06-06 08:57:58,2024-06-06 09:53:27,0.0,done,2024-06-06 09:54:01
OF-2024-00326,ART-U00,Usinage,184.0,Inox,Jaune,6,MCH-05,CNC_STD,2024-03-02 16:38:19,2024-03-02 17:15:15,0.0,done,2024-03-02 17:19:04
OF-2024-00327,ART-U16,Usinage,144.1,Aluminium,Noir,64,MCH-02,CNC_FAST,2024-01-18 15:16:44,2024-01-18 17:10:24,0.0,done,2024-01-18 17:11:41
OF-2024-00328,ART-U28,Usinage,115.2,Aluminium,Bleu,62,MCH-01,CNC_FAST,2024-01-02 18:41:16,2024-01-02 20:33:14,38.3,done,2024-01-02 20:37:26
OF-2024-00329,ART-S29,Soudure,90.9,Aluminium,Vert,6,MCH-09,ROBOT_CELL,2024-01-11 16:46:44,2024-01-11 17:25:27,7.4,done,2024-01-11 17:29:51
OF-2024-00330,ART-A26,Assemblage,183.1,Inox,Rouge,52,MCH-10,ROBOT_CELL,2024-01-15 19:11:35,2024-01-15 20:50:22,0.0,done,2024-01-15 20:53:16
OF-2024-00331,ART-A22,Assemblage,105.9,Aluminium,Noir,263,MCH-08,MANUAL,2024-03-30 09:10:55,2024-03-30 15:22:35,0.0,done,2024-03-30 15:24:11
OF-2024-00332,ART-U16,Usinage,144.1,Aluminium,Noir,70,MCH-01,CNC_FAST,2024-02-24 11:29:02,2024-02-24 13:07:36,0.0,done,2024-02-24 13:10:07
OF-2024-00333,ART-F27,Finition,162.2,Titane,Rouge,206,MCH-01,CNC_FAST,2024-05-11 07:11:00,2024-05-11 10:10:42,46.4,done,2024-05-11 10:11:31
OF-2024-00334,ART-S29,Soudure,90.9,Aluminium,Vert,33,MCH-10,ROBOT_CELL,2024-02-23 08:43:13,2024-02-23 10:42:51,25.6,done,2024-02-23 10:46:27
OF-2024-00335,ART-U04,Usinage,186.4,Inox,Rouge,69,MCH-01,CNC_FAST,2024-08-08 20:03:35,2024-08-08 23:05:15,0.0,done,2024-08-08 23:09:07
OF-2024-00336,ART-U20,Usinage,23.4,Titane,Rouge,316,MCH-05,CNC_STD,2024-08-26 11:57:29,2024-08-26 20:01:57,61.0,done,2024-08-26 20:02:58
OF-2024-00337,ART-A18,Assemblage,15.6,Inox,Rouge,391,MCH-08,MANUAL,2024-06-07 20:51:43,2024-06-08 00:44:41,53.5,done,2024-06-08 00:46:15
OF-2024-00338,ART-A30,Assemblage,130.4,Acier,Gris,7,MCH-04,CNC_STD,2024-07-21 18:48:00,2024-07-21 19:14:54,0.0,done,2024-07-21 19:18:32
OF-2024-00339,ART-S29,Soudure,90.9,Aluminium,Vert,71,MCH-12,ROBOT_CELL,2024-06-27 12:01:05,2024-06-27 14:31:44,0.0,done,2024-06-27 14:34:51
OF-2024-00340,ART-F15,Finition,196.8,Titane,Jaune,283,MCH-01,CNC_FAST,2024-07-10 12:13:22,2024-07-10 18:08:16,78.3,done,2024-07-10 18:09:14
OF-2024-00341,ARTF19,Finition,100.8,Aluminium,Gris,35,MCH-02,CNC_FAST,2024-05-10 19:04:57,2024-05-10 19:29:41,0.0,done,2024-05-10 19:34:38
OF-2024-00342,ARTU08,Usinage,22.6,Inox,Noir,40,MCH-03,CNC_STD,2024-07-02 13:12:42,2024-07-02 14:07:39,0.0,done,2024-07-02 14:11:08
OF-2024-00343,ART-A02,Assemblage,36.9,Aluminium,Vert,49,MCH-10,ROBOT_CELL,2024-01-23 13:04:07,2024-01-23 13:36:56,0.0,done,2024-01-23 13:38:47
OF-2024-00344,ART-U28,Usinage,115.2,Aluminium,Bleu,20,MCH-01,CNC_FAST,2024-02-11 17:11:19,2024-02-11 17:43:01,0.0,done,2024-02-11 17:46:45
OF-2024-00345,ART-A38,Assemblage,165.3,Titane,Noir,8,MCH-09,ROBOT_CELL,2024-07-25 14:40:29,2024-07-25 15:09:48,4.5,done,2024-07-25 15:14:20
OF-2024-00346,ART-U20,Usinage,23.4,Titane,Rouge,7,MCH-02,CNC_FAST,2024-01-31 13:18:26,2024-01-31 13:33:15,1.9,done,2024-01-31 13:33:55
OF-2024-00347,ART-U28,Usinage,115.2,Aluminium,Bleu,10,MCH-01,CNC_FAST,2024-08-26 07:16:17,2024-08-26 07:39:46,3.0,done,2024-08-26 07:43:17
OF-2024-00348,ART-F31,Finition,25.3,Inox,Gris,21,MCH-08,MANUAL,2024-04-21 11:31:47,2024-04-21 11:59:14,1.5,done,2024-04-21 11:59:45
OF-2024-00349,ART-A22,Assemblage,105.9,Aluminium,Noir,73,MCH-07,MANUAL,06/04/2024 18:30,06/04/2024 20:21,13.7,done,06/04/2024 20:24
OF-2024-00350,ART-F19,Finition,100.8,Aluminium,Gris,56,MCH-08,MANUAL,2024-05-06 10:28:13,2024-05-06 11:13:03,0.0,done,2024-05-06 11:17:40
OF-2024-00351,ART-F15,Finition,196.8,Titane,Jaune,71,MCH-01,CNC_FAST,2024-02-08 10:10:21,2024-02-08 12:04:57,31.0,done,2024-02-08 12:08:18
OF-2024-00352,ART-S33,Soudure,195.1,Inox,Gris,42,MCH-06,MANUAL,2024-07-13 15:03:33,2024-07-13 19:13:33,58.9,done,2024-07-13 19:16:19
OF-2024-00353,ART-A06,Assemblage,21.3,Acier,Noir,178,MCH-08,MANUAL,2024-07-04 09:34:33,2024-07-04 11:45:37,0.0,done,2024-07-04 11:50:02
OF-2024-00354,  ART-U08 ,Usinage,22.6,Inox,Noir,67,MCH-03,CNC_STD,2024-08-16 19:12:15,2024-08-16 20:33:32,24.2,done,2024-08-16 20:37:54
OF-2024-00355,ART-S13,Soudure,74.7,Acier,Jaune,76,MCH-06,MANUAL,2024-08-26 09:50:12,2024-08-26 17:41:27,0.0,done,2024-08-26 17:46:17
OF-2024-00356,ART-A38,Assemblage,165.3,Titane,Noir,35,MCH-07,MANUAL,23/08/2024 08:33,23/08/2024 11:40,52.6,done,23/08/2024 11:44
OF-2024-00357,ART-U32,Usinage,131.7,Aluminium,Gris,209,MCH-02,CNC_FAST,2024-06-09 13:48:50,2024-06-09 18:38:45,0.0,done,2024-06-09 18:40:44
OF-2024-00358,ART-F15,Finition,196.8,Titane,Jaune,144,MCH-01,CNC_FAST,2024-02-23 12:31:57,2024-02-23 15:55:27,0.0,done,2024-02-23 15:58:29
OF-2024-00359,ART-A26,Assemblage,183.1,Inox,Rouge,27,MCH-04,CNC_STD,2024-08-05 20:00:23,2024-08-05 20:58:36,0.0,done,2024-08-05 20:59:38
OF-2024-00360,ART-S01,Soudure,191.3,Titane,Bleu,196,MCH-10,ROBOT_CELL,2024-06-25 09:41:56,2024-06-25 21:01:22,0.0,done,2024-06-25 21:02:39
OF-2024-00361,ART-U24,Usinage,173.0,Aluminium,Vert,203,MCH-01,CNC_FAST,2024-04-14 06:47:40,2024-04-14 11:59:04,21.6,done,2024-04-14 12:00:21
OF-2024-00362,ART-F15,Finition,196.8,Titane,Jaune,23,MCH-01,CNC_FAST,2024-03-10 13:48:44,2024-03-10 14:23:48,8.8,done,2024-03-10 14:28:22
OF-2024-00363,ART-U08,Usinage,22.6,Inox,Noir,32,MCH-03,CNC_STD,2024-02-07 16:38:52,2024-02-07 17:26:07,0.0,done,2024-02-07 17:30:05
OF-2024-00364,ART-U28,Usinage,115.2,Aluminium,Bleu,43,MCH-03,CNC_STD,2024-07-07 13:32:23,2024-07-07 14:55:58,13.0,done,2024-07-07 14:56:30
OF-2024-00365,ART-F03,Finition,55.9,Titane,Jaune,197,MCH-07,MANUAL,30/05/2024 12:33,30/05/2024 16:46,82.1,done,30/05/2024 16:47
OF-2024-00366,ART-A26,Assemblage,183.1,Inox,Rouge,14,MCH-06,MANUAL,2024-06-05 12:40:14,2024-06-05 13:35:39,11.0,done,2024-06-05 13:39:02
OF-2024-00367,ART-U04,Usinage,186.4,Inox,Rouge,22,MCH-01,CNC_FAST,2024-07-16 11:47:33,2024-07-16 12:58:44,21.8,done,2024-07-16 13:00:36
OF-2024-00368,ART-U32,Usinage,131.7,Aluminium,Gris,37,MCH-03,CNC_STD,2024-05-06 16:30:04,2024-05-06 17:53:10,0.0,done,2024-05-06 17:53:40
OF-2024-00369,ART-F03,Finition,55.9,Titane,Jaune,69,MCH-06,MANUAL,2024-01-24 06:57:14,2024-01-24 08:46:19,28.5,done,2024-01-24 08:47:21
OF-2024-00370,ART-S21,Soudure,45.5,Inox,Vert,374,MCH-06,MANUAL,2024-04-07 11:56:47,2024-04-08 08:20:54,392.1,done,2024-04-08 08:21:47
OF-2024-00371,ARTF19,Finition,100.8,Aluminium,Gris,15,MCH-08,MANUAL,2024-01-04 17:23:28,2024-01-04 17:49:49,0.0,done,2024-01-04 17:51:36
OF-2024-00372,ART-A10,Assemblage,48.9,Aluminium,Jaune,80,MCH-09,ROBOT_CELL,2024-06-02 08:29:02,2024-06-02 09:34:15,0.0,done,2024-06-02 09:36:30
OF-2024-00373,ART-U32,Usinage,131.7,Aluminium,Gris,62,MCH-05,CNC_STD,2024-06-29 21:11:57,2024-06-29 23:14:04,0.0,done,2024-06-29 23:19:04
OF-2024-00374,ART-S09,Soudure,11.4,Acier,Jaune,41,MCH-06,MANUAL,2024-07-04 09:01:49,2024-07-04 10:25:19,14.6,done,2024-07-04 10:27:52
OF-2024-00375,ART-S13,Soudure,74.7,Acier,Jaune,38,MCH-12,ROBOT_CELL,2024-08-26 09:45:04,2024-08-26 11:49:01,40.3,done,2024-08-26 11:51:52
OF-2024-00376,ART-U24,Usinage,173.0,Aluminium,Vert,356,MCH-04,CNC_STD,2024-08-11 11:51:16,2024-08-11 23:32:20,0.0,done,2024-08-11 23:33:50
OF-2024-00377,ART-S29,Soudure,90.9,Aluminium,Vert,66,MCH-10,ROBOT_CELL,2024-01-13 20:36:44,2024-01-13 23:00:51,12.4,done,2024-01-13 23:05:12
OF-2024-00378,ART-A06,Assemblage,21.3,Acier,Noir,56,MCH-09,ROBOT_CELL,2024-01-04 12:53:28,2024-01-04 13:26:03,0.0,done,2024-01-04 13:28:54
OF-2024-00379,ART-F15,Finition,196.8,Titane,Jaune,63,MCH-06,MANUAL,2024-08-16 15:45:34,2024-08-16 18:54:26,0.0,done,2024-08-16 18:59:07
OF-2024-00380,ART-U28,Usinage,115.2,Aluminium,Bleu,11,MCH-04,CNC_STD,2024-01-26 21:46:44,2024-01-26 22:25:18,0.0,done,2024-01-26 22:26:32
OF-2024-00381,ART-F23,Finition,23.0,Acier,Gris,70,MCH-01,CNC_FAST,2024-01-14 12:46:32,2024-01-14 13:08:07,0.0,done,2024-01-14 13:10:34
OF-2024-00382,ART-A06,Assemblage,21.3,Acier,Noir,8,MCH-07,MANUAL,15/07/2024 21:31,15/07/2024 21:48,0.0,done,15/07/2024 21:53
OF-2024-00383,ART-S29,Soudure,90.9,Aluminium,Vert,39,MCH-11,ROBOT_CELL,2024-01-16 18:54:24,2024-01-16 20:29:25,0.0,done,2024-01-16 20:31:41
OF-2024-00384,ART-S29,Soudure,90.9,Aluminium,Vert,25,MCH-10,ROBOT_CELL,2024-08-31 18:11:12,2024-08-31 19:39:02,0.0,done,2024-08-31 19:43:31
OF-2024-00385,ART-A30,Assemblage,130.4,Acier,Gris,25,MCH-04,CNC_STD,2024-04-08 22:03:20,2024-04-08 22:54:31,0.0,done,2024-04-08 22:55:01
OF-2024-00386,ART-A14,Assemblage,190.7,Acier,Noir,112,MCH-06,MANUAL,2024-02-04 18:11:42,2024-02-04 23:59:54,0.0,done,2024-02-05 00:00:57
OF-2024-00387,ART-A22,Assemblage,105.9,Aluminium,Noir,49,MCH-09,ROBOT_CELL,2024-06-01 20:46:24,2024-06-01 21:35:13,0.0,done,2024-06-01 21:38:45
OF-2024-00388,ART-F15,Finition,196.8,Titane,Jaune,36,MCH-07,MANUAL,18/05/2024 14:12,18/05/2024 16:19,11.1,done,18/05/2024 16:23
OF-2024-00389,ART-F15,Finition,196.8,Titane,Jaune,57,MCH-01,CNC_FAST,2024-08-19 13:48:35,2024-08-19 15:11:22,0.0,done,2024-08-19 15:15:06
OF-2024-00390,ART-S25,Soudure,151.9,Acier,Bleu,268,MCH-08,MANUAL,2024-06-26 09:40:37,2024-06-27 07:38:07,0.0,done,2024-06-27 07:39:31
OF-2024-00391,ART-U12,Usinage,23.0,Titane,Noir,231,MCH-02,CNC_FAST,2024-01-01 21:41:32,2024-01-02 02:28:06,0.0,done,2024-01-02 02:30:30
OF-2024-00392,ART-A10,Assemblage,48.9,Aluminium,Jaune,22,MCH-07,MANUAL,01/02/2024 18:41,01/02/2024 19:25,0.0,done,01/02/2024 19:28
OF-2024-00393,ART-F11,Finition,147.9,Acier,Gris,260,MCH-08,MANUAL,2024-08-29 19:23:37,2024-08-30 01:02:33,0.0,done,2024-08-30 01:05:41
OF-2024-00394,ART-S25,Soudure,151.9,Acier,Bleu,29,MCH-10,ROBOT_CELL,2024-03-26 08:05:43,2024-03-26 10:29:53,25.9,done,2024-03-26 10:30:40
OF-2024-00395,ART-U04,Usinage,186.4,Inox,Rouge,54,MCH-02,CNC_FAST,2024-03-25 15:32:12,2024-03-25 18:27:25,0.0,done,2024-03-25 18:28:17
OF-2024-00396,ART-F07-MM,Finition,147.0,Acier,Gris,35,MCH-07,MANUAL,28/04/2024 09:39,28/04/2024 10:40,0.0,done,28/04/2024 10:44
OF-2024-00397,ART-U16,Usinage,144.1,Aluminium,Noir,19,MCH-01,CNC_FAST,2024-08-15 17:17:03,2024-08-15 18:04:21,0.0,done,2024-08-15 18:05:36
OF-2024-00398,ART-U00,Usinage,184.0,Inox,Jaune,349,MCH-02,CNC_FAST,2024-01-28 18:37:01,2024-01-29 09:03:53,97.0,done,2024-01-29 09:05:31
OF-2024-00399,ART-S21,Soudure,45.5,Inox,Vert,145,MCH-11,ROBOT_CELL,2024-02-23 17:51:29,2024-02-23 22:13:54,0.0,done,2024-02-23 22:18:36
OF-2024-00400,ART-U28,Usinage,115.2,Aluminium,Bleu,32,MCH-03,CNC_STD,2024-08-08 10:09:03,2024-08-08 11:23:51,0.0,done,2024-08-08 11:24:57
OF-2024-00401,ART-F15,Finition,196.8,Titane,Jaune,31,MCH-01,CNC_FAST,2024-02-15 07:02:33,2024-02-15 07:45:33,0.0,done,2024-02-15 07:48:27
OF-2024-00402,  ART-U32 ,Usinage,131.7,Aluminium,Gris,61,MCH-05,CNC_STD,2024-04-01 06:48:03,2024-04-01 08:57:10,27.5,done,2024-04-01 08:59:05
OF-2024-00403,ART-A02,Assemblage,36.9,Aluminium,Vert,17,MCH-05,CNC_STD,2024-06-02 10:21:33,,3.6,aborted,2024-06-02 10:45:21
OF-2024-00404,ART-F07-MM,Finition,147.0,Acier,Gris,73,MCH-06,MANUAL,2024-05-21 20:16:45,2024-05-21 21:58:47,0.0,done,2024-05-21 22:00:39
OF-2024-00405,ART-U24,Usinage,173.0,Aluminium,Vert,38,MCH-01,CNC_FAST,2024-01-30 09:07:36,2024-01-30 10:06:23,16.3,done,2024-01-30 10:10:58
OF-2024-00406,ART-U28,Usinage,115.2,Aluminium,Bleu,20,MCH-04,CNC_STD,2024-08-29 13:59:44,2024-08-29 14:54:30,0.0,done,2024-08-29 14:58:05
OF-2024-00407,ART-S05,Soudure,38.9,Acier,Vert,44,MCH-11,ROBOT_CELL,2024-07-31 09:49:48,2024-07-31 11:21:35,0.0,done,2024-07-31 11:23:47
OF-2024-00408,ART-U24,Usinage,173.0,Aluminium,Vert,72,MCH-02,CNC_FAST,2024-05-10 08:39:00,2024-05-10 10:26:23,10.5,done,2024-05-10 10:30:19
OF-2024-00409,ART-S13,Soudure,74.7,Acier,Jaune,13,MCH-07,MANUAL,09/05/2024 08:18,09/05/2024 09:57,0.0,done,09/05/2024 09:58
OF-2024-00410,ART-U04,Usinage,186.4,Inox,Rouge,74,MCH-01,CNC_FAST,2024-07-31 11:42:45,2024-07-31 15:08:28,0.0,done,2024-07-31 15:11:21
OF-2024-00411,ART-A26,Assemblage,183.1,Inox,Rouge,389,MCH-08,MANUAL,2024-04-04 19:46:16,2024-04-05 18:35:27,0.0,done,2024-04-05 18:38:47
OF-2024-00412,ART-U32,Usinage,131.7,Aluminium,Gris,197,MCH-01,CNC_FAST,2024-03-28 11:46:46,2024-03-28 15:55:42,0.0,done,2024-03-28 16:00:38
OF-2024-00413,ART-A26,Assemblage,183.1,Inox,Rouge,338,MCH-06,MANUAL,2024-03-02 19:11:12,,332.5,aborted,2024-03-03 12:04:57
OF-2024-00414,ART-A10,Assemblage,48.9,Aluminium,Jaune,9,MCH-03,CNC_STD,2024-03-18 18:53:56,2024-03-18 19:12:06,0.0,done,2024-03-18 19:14:43
OF-2024-00415,ART-U04,Usinage,186.4,Inox,Rouge,284,MCH-04,CNC_STD,2024-08-05 18:46:17,2024-08-06 11:49:05,0.0,done,2024-08-06 11:53:39
OF-2024-00416,ART-F27,Finition,162.2,Titane,Rouge,25,MCH-06,MANUAL,2024-02-06 07:00:07,2024-02-06 08:19:31,0.0,done,2024-02-06 08:23:33
OF-2024-00417,ART-A02,Assemblage,36.9,Aluminium,Vert,69,MCH-05,CNC_STD,2024-06-18 08:04:08,2024-06-18 08:35:47,0.0,done,2024-06-18 08:39:37
OF-2024-00418,ART-U08,Usinage,22.6,Inox,Noir,144,MCH-04,CNC_STD,2024-01-01 10:24:17,2024-01-01 13:51:55,0.0,done,2024-01-01 13:53:58
OF-2024-00419,ART-F31,Finition,25.3,Inox,Gris,36,MCH-02,CNC_FAST,2024-01-11 16:52:18,2024-01-11 17:09:55,5.6,done,2024-01-11 17:14:36
OF-2024-00420,ART-S33,Soudure,195.1,Inox,Gris,52,MCH-07,MANUAL,10/05/2024 19:06,11/05/2024 02:52,0.0,done,11/05/2024 02:54
OF-2024-00421,ART-U32,Usinage,131.7,Aluminium,Gris,214,MCH-04,CNC_STD,2024-04-01 11:52:00,2024-04-03 16:23:53,731.8,done,2024-04-03 16:27:03
OF-2024-00422,ART-F15,Finition,196.8,Titane,Jaune,242,MCH-01,CNC_FAST,2024-05-12 20:53:54,2024-05-13 02:18:35,32.8,done,2024-05-13 02:21:47
OF-2024-00423,ART-F31,Finition,25.3,Inox,Gris,38,MCH-01,CNC_FAST,2024-02-03 12:04:18,2024-02-03 11:50:18,0.0,done,2024-02-03 12:20:54
OF-2024-00424,ART-A02,Assemblage,36.9,Aluminium,Vert,6,MCH-06,MANUAL,2024-03-29 15:50:57,2024-03-29 16:10:25,0.0,done,2024-03-29 16:12:32
OF-2024-00425,ART-S13,Soudure,74.7,Acier,Jaune,5,MCH-09,ROBOT_CELL,2024-07-07 10:02:47,2024-07-07 10:38:20,0.0,done,2024-07-07 10:40:24
OF-2024-00426,ART-A14,Assemblage,190.7,Acier,Noir,149,MCH-09,ROBOT_CELL,2024-07-31 07:44:51,2024-07-31 07:44:51,0.0,done,2024-07-31 11:29:53
OF-2024-00427,ART-S29,Soudure,90.9,Aluminium,Vert,40,MCH-09,ROBOT_CELL,2024-01-31 19:40:56,2024-01-31 21:26:06,26.4,done,2024-01-31 21:27:25
OF-2024-00428,ART-S33,Soudure,195.1,Inox,Gris,23,MCH-09,ROBOT_CELL,2024-08-18 07:33:05,2024-08-18 09:56:33,0.0,done,2024-08-18 09:57:21
OF-2024-00429,ART-S33,Soudure,195.1,Inox,Gris,283,MCH-06,MANUAL,2024-07-04 10:20:36,2024-07-05 17:15:50,0.0,done,2024-07-05 17:16:27
OF-2024-00430,ART-F11,Finition,147.9,Acier,Gris,60,MCH-06,MANUAL,2024-07-26 12:34:22,2024-07-26 13:57:36,0.0,done,2024-07-26 14:01:31
OF-2024-00431,ART-S25,Soudure,151.9,Acier,Bleu,20,MCH-06,MANUAL,2024-05-16 07:21:57,2024-05-16 07:01:57,13.1,done,2024-05-16 10:02:42
OF-2024-00432,ART-A26,Assemblage,183.1,Inox,Rouge,11,MCH-04,CNC_STD,2024-05-16 13:17:58,2024-05-16 13:48:43,0.0,done,2024-05-16 13:53:33
OF-2024-00433,ART-F07,Finition,147.0,Acier,Gris,317,MCH-07,MANUAL,01/07/2024 17:30,01/07/2024 23:15,0.0,done,01/07/2024 23:18
OF-2024-00434,ART-U04,Usinage,186.4,Inox,Rouge,244,MCH-02,CNC_FAST,2024-06-16 13:21:00,,0.0,aborted,2024-06-17 00:33:31
OF-2024-00435,ART-S09,Soudure,11.4,Acier,Jaune,200,MCH-08,MANUAL,2024-08-20 06:57:29,2024-08-20 12:36:35,0.0,done,2024-08-20 12:41:13
OF-2024-00436,ART-A18,Assemblage,15.6,Inox,Rouge,333,MCH-10,ROBOT_CELL,2024-05-16 21:33:31,2024-05-16 23:53:20,37.1,done,2024-05-16 23:58:16
OF-2024-00437,ART-F39,Finition,157.5,Titane,Jaune,27,MCH-06,MANUAL,2024-08-21 12:29:06,2024-08-21 13:59:48,0.0,done,2024-08-21 14:03:05
OF-2024-00438,ART-S25,Soudure,151.9,Acier,Bleu,73,MCH-10,ROBOT_CELL,2024-06-22 20:34:32,2024-06-23 01:20:20,0.0,done,2024-06-23 01:21:07
OF-2024-00439,ART-U20,Usinage,23.4,Titane,Rouge,299,MCH-04,CNC_STD,2024-05-23 07:54:06,2024-05-23 15:32:02,65.5,done,2024-05-23 15:36:48
OF-2024-00440,ART-A06,Assemblage,21.3,Acier,Noir,173,MCH-05,CNC_STD,2024-04-11 12:04:09,2024-04-11 13:28:09,25.3,done,2024-04-11 13:32:28
OF-2024-00441,ART-F07,Finition,147.0,Acier,Gris,13,MCH-07,MANUAL,07/03/2024 16:14,07/03/2024 16:40,1.8,done,07/03/2024 16:41
OF-2024-00442,ART-F27,Finition,162.2,Titane,Rouge,76,MCH-08,MANUAL,2024-08-13 21:35:06,2024-08-14 01:13:52,0.0,done,2024-08-14 01:15:41
OF-2024-00443,ART-U08,Usinage,22.6,Inox,Noir,21,MCH-01,CNC_FAST,2024-07-27 13:45:36,2024-07-27 14:10:01,0.0,done,2024-07-27 14:13:33
OF-2024-00444,ART-U04,Usinage,186.4,Inox,Rouge,66,MCH-01,CNC_FAST,2024-03-09 09:25:02,2024-03-09 12:20:36,0.0,done,2024-03-09 12:25:29
OF-2024-00445,ART-A26,Assemblage,183.1,Inox,Rouge,114,MCH-05,CNC_STD,2024-04-02 18:22:23,2024-04-02 21:37:21,0.0,done,2024-04-02 21:40:17
OF-2024-00446,ART-U32,Usinage,131.7,Aluminium,Gris,39,MCH-05,CNC_STD,2024-05-07 15:07:10,2024-05-07 17:00:01,0.0,done,2024-05-07 17:04:26
OF-2024-00447,ART-U00,Usinage,184.0,Inox,Jaune,50,MCH-04,CNC_STD,2024-01-07 08:26:46,2024-01-07 12:38:37,0.0,done,2024-01-07 12:40:59
OF-2024-00448,ART-A02,Assemblage,36.9,Aluminium,Vert,10,MCH-06,MANUAL,2024-02-18 08:33:53,2024-02-18 08:56:34,0.0,done,2024-02-18 09:00:24
OF-2024-00449,ART-U28,Usinage,115.2,Aluminium,Bleu,44,MCH-01,CNC_FAST,2024-07-13 17:49:50,2024-07-13 18:43:54,0.0,done,2024-07-13 18:44:50
OF-2024-00450,ART-U04,Usinage,186.4,Inox,Rouge,49,MCH-05,CNC_STD,2024-06-10 07:25:22,2024-06-10 10:33:38,0.0,done,2024-06-10 10:36:25
OF-2024-00451,ART-U04,Usinage,186.4,Inox,Rouge,40,MCH-03,CNC_STD,2024-02-22 19:43:28,2024-02-22 23:21:17,0.0,done,2024-02-22 23:25:08
OF-2024-00452,  ART-U20 ,Usinage,23.4,Titane,Rouge,11,MCH-04,CNC_STD,2024-02-16 08:55:52,2024-02-16 09:28:49,0.0,done,2024-02-16 09:32:02
OF-2024-00453,ART-A10,Assemblage,48.9,Aluminium,Jaune,354,MCH-10,ROBOT_CELL,2024-04-19 07:36:23,2024-04-19 12:04:56,79.3,done,2024-04-19 12:05:41
OF-2024-00454,ART-A02,Assemblage,36.9,Aluminium,Vert,118,MCH-03,CNC_STD,2024-03-18 20:38:00,2024-03-18 21:42:53,4.7,done,2024-03-18 21:46:30
OF-2024-00455,ART-S17,Soudure,16.0,Acier,Bleu,6,MCH-09,ROBOT_CELL,2024-04-22 10:12:08,2024-04-22 10:33:34,0.0,done,2024-04-22 10:34:30
OF-2024-00456,ART-U28,Usinage,115.2,Aluminium,Bleu,208,MCH-01,CNC_FAST,2024-07-08 07:30:14,2024-07-08 11:28:26,49.0,done,2024-07-08 11:30:38
OF-2024-00457,ART-U32,Usinage,131.7,Aluminium,Gris,66,MCH-04,CNC_STD,2024-05-04 08:19:49,2024-05-04 10:53:05,0.0,done,2024-05-04 10:54:15
OF-2024-00458,ART-U12,Usinage,23.0,Titane,Noir,43,MCH-03,CNC_STD,2024-06-11 15:41:05,2024-06-11 16:29:34,0.0,done,2024-06-11 16:32:51
OF-2024-00459,ART-A26,Assemblage,183.1,Inox,Rouge,72,MCH-03,CNC_STD,2024-01-25 11:45:36,2024-01-25 14:23:57,0.0,done,2024-01-25 14:26:27
OF-2024-00460,  ART-U16 ,Usinage,144.1,Aluminium,Noir,14,MCH-05,CNC_STD,2024-07-24 18:34:37,2024-07-24 19:19:18,4.3,done,2024-07-24 19:22:56
OF-2024-00461,ARTF07,Finition,147.0,Acier,Gris,31,MCH-01,CNC_FAST,2024-04-25 17:18:04,2024-04-25 17:40:19,0.0,done,2024-04-25 17:41:10
OF-2024-00462,ART-U08,Usinage,22.6,Inox,Noir,61,MCH-01,CNC_FAST,2024-06-10 06:18:05,2024-06-10 07:07:20,0.0,done,2024-06-10 07:10:08
OF-2024-00463,ART-S25,Soudure,151.9,Acier,Bleu,54,MCH-08,MANUAL,2024-06-15 20:07:42,2024-06-16 01:39:20,0.0,done,2024-06-16 01:42:02
OF-2024-00464,ART-S05,Soudure,38.9,Acier,Vert,276,MCH-11,ROBOT_CELL,2024-04-23 15:22:23,,64.3,aborted,2024-04-23 21:40:23
OF-2024-00465,ART-S25,Soudure,151.9,Acier,Bleu,46,MCH-09,ROBOT_CELL,2024-04-11 17:41:26,2024-04-11 20:51:39,0.0,done,2024-04-11 20:56:17
OF-2024-00466,ART-U04,Usinage,186.4,Inox,Rouge,73,MCH-04,CNC_STD,2024-01-17 08:41:32,2024-01-17 14:57:59,0.0,done,2024-01-17 15:01:00
OF-2024-00467,ART-F31,Finition,25.3,Inox,Gris,14,MCH-02,CNC_FAST,2024-01-08 10:04:05,2024-01-08 10:16:11,0.0,done,2024-01-08 10:20:22
OF-2024-00468,ART-U00,Usinage,184.0,Inox,Jaune,39,MCH-03,CNC_STD,2024-03-21 09:06:38,2024-03-21 11:17:43,0.0,done,2024-03-21 11:19:19
OF-2024-00469,ART-U16,Usinage,144.1,Aluminium,Noir,50,MCH-04,CNC_STD,2024-05-21 11:10:10,2024-05-21 12:57:45,0.0,done,2024-05-21 13:00:12
OF-2024-00470,ART-S09,Soudure,11.4,Acier,Jaune,149,MCH-12,ROBOT_CELL,2024-08-23 10:34:00,2024-08-23 13:02:17,0.0,done,2024-08-23 13:03:21
OF-2024-00471,ART-A02,Assemblage,36.9,Aluminium,Vert,44,MCH-03,CNC_STD,2024-07-15 06:06:20,2024-07-15 06:34:08,0.0,done,2024-07-15 06:37:45
OF-2024-00472,ART-S13,Soudure,74.7,Acier,Jaune,21,MCH-08,MANUAL,2024-07-24 06:54:21,,0.0,running,2024-07-24 09:09:05
OF-2024-00473,ART-U16,Usinage,144.1,Aluminium,Noir,73,MCH-02,CNC_FAST,2024-04-09 20:03:35,2024-04-09 21:47:14,35.1,done,2024-04-09 21:51:04
OF-2024-00474,ART-F27,Finition,162.2,Titane,Rouge,71,MCH-07,MANUAL,10/03/2024 13:49,10/03/2024 16:04,0.0,done,10/03/2024 16:07
OF-2024-00475,ART-A06,Assemblage,21.3,Acier,Noir,40,MCH-06,MANUAL,2024-04-20 10:30:54,2024-04-20 11:12:46,3.9,done,2024-04-20 11:17:08
OF-2024-00476,ART-U32-MM,Usinage,131.7,Aluminium,Gris,26,MCH-01,CNC_FAST,2024-08-13 16:09:58,2024-08-13 17:05:52,10.4,done,2024-08-13 17:07:07
OF-2024-00477,ART-A26,Assemblage,183.1,Inox,Rouge,62,MCH-11,ROBOT_CELL,2024-03-03 08:50:39,2024-03-03 10:49:40,35.3,done,2024-03-03 10:54:06
OF-2024-00478,ART-U04,Usinage,186.4,Inox,Rouge,229,MCH-01,CNC_FAST,2024-04-30 06:37:05,2024-04-30 16:42:28,0.0,done,2024-04-30 16:47:01
OF-2024-00479,ART-U24,Usinage,173.0,Aluminium,Vert,51,MCH-01,CNC_FAST,2024-06-03 18:33:52,2024-06-03 20:00:03,0.0,done,2024-06-03 20:04:34
OF-2024-00480,ART-S25,Soudure,151.9,Acier,Bleu,47,MCH-07,MANUAL,05/01/2024 07:17,05/01/2024 13:52,77.4,done,05/01/2024 13:54
OF-2024-00481,ARTU20,Usinage,23.4,Titane,Rouge,41,MCH-01,CNC_FAST,2024-02-04 17:00:30,2024-02-04 18:08:26,11.1,done,2024-02-04 18:12:45
OF-2024-00482,ART-S29,Soudure,90.9,Aluminium,Vert,45,MCH-10,ROBOT_CELL,2024-02-25 21:39:36,2024-02-25 23:45:01,0.0,done,2024-02-25 23:49:23
OF-2024-00483,ART-A02,Assemblage,36.9,Aluminium,Vert,69,MCH-11,ROBOT_CELL,2024-01-01 14:56:24,2024-01-01 15:46:24,0.0,done,2024-01-01 15:49:29
OF-2024-00484,ART-S29,Soudure,90.9,Aluminium,Vert,25,MCH-07,MANUAL,16/05/2024 19:17,16/05/2024 21:16,0.0,done,16/05/2024 21:18
OF-2024-00485,ART-S25,Soudure,151.9,Acier,Bleu,329,MCH-08,MANUAL,2024-05-21 21:16:46,2024-05-23 04:32:16,0.0,done,2024-05-23 04:33:05
OF-2024-00486,ART-S29,Soudure,90.9,Aluminium,Vert,21,MCH-06,MANUAL,2024-08-14 11:25:47,2024-08-14 13:26:54,0.0,done,2024-08-14 13:31:53
OF-2024-00487,ART-A18,Assemblage,15.6,Inox,Rouge,285,MCH-11,ROBOT_CELL,2024-04-19 20:17:49,2024-04-19 21:47:53,0.0,done,2024-04-19 21:49:15
OF-2024-00488,ARTF19,Finition,100.8,Aluminium,Gris,48,MCH-02,CNC_FAST,2024-04-11 15:35:32,2024-04-11 15:59:39,2.5,done,2024-04-11 16:00:17
OF-2024-00489,ART-S13,Soudure,74.7,Acier,Jaune,9,MCH-06,MANUAL,2024-06-11 14:01:54,2024-06-11 15:23:07,24.0,done,2024-06-11 15:26:14
OF-2024-00490,ART-F27,Finition,162.2,Titane,Rouge,75,MCH-08,MANUAL,2024-01-10 17:58:14,2024-01-10 21:55:45,0.0,done,2024-01-10 21:59:12
OF-2024-00491,ART-S05,Soudure,38.9,Acier,Vert,65,MCH-12,ROBOT_CELL,2024-06-06 19:03:52,2024-06-06 20:43:38,0.0,done,2024-06-06 20:44:30
OF-2024-00492,ART-U00,Usinage,184.0,Inox,Jaune,18,MCH-01,CNC_FAST,2024-07-25 15:43:13,2024-07-25 16:42:43,0.0,done,2024-07-25 16:47:30
OF-2024-00493,ART-S13,Soudure,74.7,Acier,Jaune,153,MCH-07,MANUAL,09/07/2024 08:55,09/07/2024 18:55,58.2,done,09/07/2024 18:59
OF-2024-00494,ART-U16,Usinage,144.1,Aluminium,Noir,72,MCH-05,CNC_STD,2024-04-28 07:28:02,2024-04-28 09:34:35,0.0,done,2024-04-28 09:35:22
OF-2024-00495,ARTU08,Usinage,22.6,Inox,Noir,363,MCH-01,CNC_FAST,2024-02-11 18:51:42,2024-02-11 23:02:29,49.6,done,2024-02-11 23:05:12
OF-2024-00496,ART-S25,Soudure,151.9,Acier,Bleu,207,MCH-07,MANUAL,04/03/2024 13:50,05/03/2024 06:17,0.0,done,05/03/2024 06:19
OF-2024-00497,ART-S21,Soudure,45.5,Inox,Vert,14,MCH-09,ROBOT_CELL,2024-06-29 16:46:16,2024-06-29 17:34:49,0.0,done,2024-06-29 17:38:29
OF-2024-00498,ART-A14,Assemblage,190.7,Acier,Noir,13,MCH-07,MANUAL,30/07/2024 07:43,30/07/2024 08:49,6.5,done,30/07/2024 08:51
OF-2024-00499,ART-U28,Usinage,115.2,Aluminium,Bleu,21,MCH-02,CNC_FAST,2024-07-22 08:07:04,2024-07-22 08:40:17,8.9,done,2024-07-22 08:41:24
OF-2024-00500,ART-F15,Finition,196.8,Titane,Jaune,156,MCH-07,MANUAL,10/04/2024 15:42,10/04/2024 21:42,0.0,done,10/04/2024 21:45
OF-2024-00501,ART-U28,Usinage,115.2,Aluminium,Bleu,122,MCH-02,CNC_FAST,2024-03-12 17:21:26,2024-03-12 19:11:32,19.5,done,2024-03-12 19:15:50
OF-2024-00502,ART-F15,Finition,196.8,Titane,Jaune,44,MCH-07,MANUAL,09/02/2024 18:09,09/02/2024 20:32,0.0,done,09/02/2024 20:33
OF-2024-00503,ART-S21,Soudure,45.5,Inox,Vert,57,MCH-11,ROBOT_CELL,2024-02-29 13:01:31,2024-02-29 15:30:07,0.0,done,2024-02-29 15:34:13
OF-2024-00504,ARTA06,Assemblage,21.3,Acier,Noir,297,MCH-03,CNC_STD,2024-02-14 10:21:51,2024-02-14 13:04:32,51.9,done,2024-02-14 13:08:17
OF-2024-00505,ART-A26,Assemblage,183.1,Inox,Rouge,80,MCH-04,CNC_STD,2024-07-15 16:36:37,2024-07-15 19:32:58,0.0,done,2024-07-15 19:33:51
OF-2024-00506,ART-S29,Soudure,90.9,Aluminium,Vert,51,MCH-12,ROBOT_CELL,2024-08-31 09:10:23,2024-08-31 11:27:51,0.0,done,2024-08-31 11:31:03
OF-2024-00507,ART-S29,Soudure,90.9,Aluminium,Vert,27,MCH-07,MANUAL,10/03/2024 21:15,10/03/2024 23:26,0.0,done,10/03/2024 23:28
OF-2024-00508,ART-U24,Usinage,173.0,Aluminium,Vert,55,MCH-03,CNC_STD,2024-03-06 14:03:20,2024-03-06 16:10:47,16.1,done,2024-03-06 16:15:44
OF-2024-00509,ART-F15,Finition,196.8,Titane,Jaune,203,MCH-02,CNC_FAST,2024-06-12 12:49:32,2024-06-12 16:47:16,60.0,done,2024-06-12 16:49:55
OF-2024-00510,ART-U28,Usinage,115.2,Aluminium,Bleu,52,MCH-02,CNC_FAST,2024-08-07 13:09:20,2024-08-07 14:10:08,0.0,done,2024-08-07 14:11:13
OF-2024-00511,ART-F15,Finition,196.8,Titane,Jaune,19,MCH-02,CNC_FAST,2024-08-14 13:29:14,2024-08-14 14:05:55,0.0,done,2024-08-14 14:07:40
OF-2024-00512,ART-U20,Usinage,23.4,Titane,Rouge,64,MCH-02,CNC_FAST,2024-04-24 21:36:11,2024-04-24 22:57:40,0.0,done,2024-04-24 23:00:45
OF-2024-00513,ART-F03,Finition,55.9,Titane,Jaune,21,MCH-02,CNC_FAST,2024-02-27 15:09:27,2024-02-27 15:28:24,0.0,done,2024-02-27 15:29:06
OF-2024-00514,ART-U00,Usinage,184.0,Inox,Jaune,18,MCH-02,CNC_FAST,2024-03-25 21:47:48,2024-03-25 22:39:58,0.0,done,2024-03-25 22:42:14
OF-2024-00515,  ART-U32 ,Usinage,131.7,Aluminium,Gris,71,MCH-02,CNC_FAST,2024-02-22 12:49:22,2024-02-22 14:30:10,0.0,done,2024-02-22 14:32:04
OF-2024-00516,ART-A06,Assemblage,21.3,Acier,Noir,35,MCH-06,MANUAL,2024-02-21 13:52:46,2024-02-21 14:27:13,0.0,done,2024-02-21 14:29:46
OF-2024-00517,ART-U32,Usinage,131.7,Aluminium,Gris,263,MCH-05,CNC_STD,2024-01-05 12:19:54,2024-01-05 20:48:47,0.0,done,2024-01-05 20:49:34
OF-2024-00518,ART-F19,Finition,100.8,Aluminium,Gris,5,MCH-08,MANUAL,2024-04-30 07:40:40,2024-04-30 07:55:01,0.0,done,2024-04-30 07:59:19
OF-2024-00519,ART-U32,Usinage,131.7,Aluminium,Gris,39,MCH-03,CNC_STD,2024-04-30 19:23:33,2024-04-30 20:56:29,12.6,done,2024-04-30 21:00:43
OF-2024-00520,ART-U24,Usinage,173.0,Aluminium,Vert,273,MCH-05,CNC_STD,2024-01-02 15:23:00,2024-01-03 04:03:21,0.0,done,2024-01-03 04:05:04
OF-2024-00521,ART-S25,Soudure,151.9,Acier,Bleu,40,MCH-11,ROBOT_CELL,2024-08-26 17:47:18,2024-08-26 21:06:14,21.6,done,2024-08-26 21:09:50
OF-2024-00522,ART-A06-MM,Assemblage,21.3,Acier,Noir,179,MCH-03,CNC_STD,2024-08-10 17:40:07,2024-08-10 19:13:09,0.0,done,2024-08-10 19:17:36
OF-2024-00523,ART-U32,Usinage,131.7,Aluminium,Gris,42,MCH-03,CNC_STD,2024-01-09 08:54:35,2024-01-09 10:47:38,27.4,done,2024-01-09 10:48:54
OF-2024-00524,art-u16,Usinage,144.1,Aluminium,Noir,327,MCH-01,CNC_FAST,2024-05-11 16:43:34,2024-05-11 23:04:50,32.9,done,2024-05-11 23:09:04
OF-2024-00525,ART-U04,Usinage,186.4,Inox,Rouge,51,MCH-03,CNC_STD,2024-04-28 18:19:07,2024-04-28 22:07:50,0.0,done,2024-04-28 22:12:00
OF-2024-00526,ART-S05,Soudure,38.9,Acier,Vert,70,MCH-11,ROBOT_CELL,2024-01-16 11:50:02,2024-01-16 13:41:14,0.0,done,2024-01-16 13:42:38
OF-2024-00527,ART-F07,Finition,147.0,Acier,Gris,23,MCH-02,CNC_FAST,2024-02-15 21:47:26,2024-02-15 22:09:46,0.0,done,2024-02-15 22:11:06
OF-2024-00528,ART-F15,Finition,196.8,Titane,Jaune,14,MCH-07,MANUAL,15/03/2024 16:42,15/03/2024 17:37,0.0,done,15/03/2024 17:39
OF-2024-00529,ART-F15,Finition,196.8,Titane,Jaune,16,MCH-08,MANUAL,2024-02-29 20:14:44,2024-02-29 21:09:32,0.0,done,2024-02-29 21:13:14
OF-2024-00530,ART-F23,Finition,23.0,Acier,Gris,60,MCH-02,CNC_FAST,2024-08-23 15:33:39,2024-08-23 15:54:00,0.0,done,2024-08-23 15:57:19
OF-2024-00531,ART-S05,Soudure,38.9,Acier,Vert,71,MCH-08,MANUAL,2024-08-15 10:28:57,2024-08-15 14:41:19,79.2,done,2024-08-15 14:41:57
OF-2024-00532,ART-U00,Usinage,184.0,Inox,Jaune,74,MCH-05,CNC_STD,2024-07-09 13:27:37,2024-07-09 17:10:31,69.7,done,2024-07-09 17:14:39
OF-2024-00533,ART-A22,Assemblage,105.9,Aluminium,Noir,73,MCH-05,CNC_STD,2024-03-19 17:54:12,2024-03-19 19:08:31,0.0,done,2024-03-19 19:11:48
OF-2024-00534,ART-A14,Assemblage,190.7,Acier,Noir,291,MCH-05,CNC_STD,2024-05-12 19:32:57,2024-05-13 02:37:38,0.0,done,2024-05-13 02:42:09
OF-2024-00535,  ART-U32 ,Usinage,131.7,Aluminium,Gris,64,MCH-02,CNC_FAST,2024-05-06 16:00:06,2024-05-06 17:11:47,24.7,done,2024-05-06 17:16:44
OF-2024-00536,ART-S29,Soudure,90.9,Aluminium,Vert,5,MCH-08,MANUAL,2024-08-29 11:07:33,2024-08-29 12:24:01,0.0,done,2024-08-29 12:27:19
OF-2024-00537,ART-F27,Finition,162.2,Titane,Rouge,13,MCH-07,MANUAL,11/05/2024 11:59,11/05/2024 12:42,0.0,done,11/05/2024 12:47
OF-2024-00538,ART-S13,Soudure,74.7,Acier,Jaune,28,MCH-09,ROBOT_CELL,2024-05-05 17:48:27,2024-05-05 19:26:04,31.7,done,2024-05-05 19:27:00
OF-2024-00539,ART-U24,Usinage,173.0,Aluminium,Vert,66,MCH-02,CNC_FAST,2024-06-27 17:32:07,2024-06-27 19:01:13,25.8,done,2024-06-27 19:03:51
OF-2024-00540,ART-S21,Soudure,45.5,Inox,Vert,34,MCH-06,MANUAL,2024-07-03 10:35:55,2024-07-03 10:31:55,0.0,done,2024-07-03 13:05:51
OF-2024-00541,ART-F11,Finition,147.9,Acier,Gris,352,MCH-08,MANUAL,2024-06-28 08:05:59,2024-06-28 14:53:19,0.0,done,2024-06-28 14:54:26
OF-2024-00542,  ART-A06 ,Assemblage,21.3,Acier,Noir,210,MCH-06,MANUAL,2024-01-28 19:19:37,2024-01-28 22:51:48,0.0,done,2024-01-28 22:53:27
OF-2024-00543,ART-A06,Assemblage,21.3,Acier,Noir,12,MCH-10,ROBOT_CELL,2024-03-21 15:03:41,2024-03-21 15:16:42,4.4,done,2024-03-21 15:20:39
OF-2024-00544,ART-U32,Usinage,131.7,Aluminium,Gris,77,MCH-05,CNC_STD,2024-02-26 12:33:12,2024-02-26 15:08:20,0.0,done,2024-02-26 15:13:10
OF-2024-00545,ART-U32,Usinage,131.7,Aluminium,Gris,45,MCH-01,CNC_FAST,2024-03-02 09:35:46,2024-03-02 10:53:07,17.5,done,2024-03-02 10:54:47
OF-2024-00546,art-a06,Assemblage,21.3,Acier,Noir,64,MCH-08,MANUAL,2024-04-12 12:36:41,2024-04-12 13:35:15,0.0,done,2024-04-12 13:37:26
OF-2024-00547,ART-F15,Finition,196.8,Titane,Jaune,67,MCH-06,MANUAL,2024-06-20 07:08:46,2024-06-20 10:11:14,0.0,done,2024-06-20 10:14:11
OF-2024-00548,ART-U24,Usinage,173.0,Aluminium,Vert,21,MCH-03,CNC_STD,2024-07-03 06:30:09,2024-07-03 07:29:26,8.0,done,2024-07-03 07:32:14
OF-2024-00549,ART-S13,Soudure,74.7,Acier,Jaune,245,MCH-11,ROBOT_CELL,2024-07-15 11:46:58,2024-07-15 21:53:05,100.1,done,2024-07-15 21:56:19
OF-2024-00550,ART-A30,Assemblage,130.4,Acier,Gris,78,MCH-10,ROBOT_CELL,2024-03-31 14:31:33,2024-03-31 16:18:49,0.0,done,2024-03-31 16:21:34
OF-2024-00551,ART-F31,Finition,25.3,Inox,Gris,178,MCH-08,MANUAL,2024-02-08 20:16:03,2024-02-08 22:03:50,16.0,done,2024-02-08 22:08:03
OF-2024-00552,ART-U00,Usinage,184.0,Inox,Jaune,280,MCH-05,CNC_STD,2024-02-12 12:25:09,2024-02-13 05:08:54,0.0,done,2024-02-13 05:10:59
OF-2024-00553,ART-A10,Assemblage,48.9,Aluminium,Jaune,22,MCH-07,MANUAL,02/04/2024 10:32,02/04/2024 11:17,0.0,done,02/04/2024 11:22
OF-2024-00554,ART-A26,Assemblage,183.1,Inox,Rouge,79,MCH-04,CNC_STD,2024-05-10 07:16:37,2024-05-10 10:17:15,0.0,done,2024-05-10 10:18:14
OF-2024-00555,ART-F27,Finition,162.2,Titane,Rouge,125,MCH-08,MANUAL,2024-01-08 14:43:03,2024-01-08 19:34:53,59.1,done,2024-01-08 19:36:20
OF-2024-00556,art-u08,Usinage,22.6,Inox,Noir,23,MCH-02,CNC_FAST,2024-02-09 19:31:51,2024-02-09 19:56:47,0.0,done,2024-02-09 20:00:12
OF-2024-00557,ART-U28,Usinage,115.2,Aluminium,Bleu,221,MCH-04,CNC_STD,2024-04-23 21:09:17,2024-04-24 01:42:18,84.8,done,2024-04-24 01:46:53
OF-2024-00558,ART-A22,Assemblage,105.9,Aluminium,Noir,48,MCH-05,CNC_STD,2024-07-06 09:51:40,2024-07-06 10:42:47,0.0,done,2024-07-06 10:45:46
OF-2024-00559,ART-F19,Finition,100.8,Aluminium,Gris,203,MCH-08,MANUAL,2024-07-16 06:33:18,2024-07-16 10:11:55,55.8,done,2024-07-16 10:14:14
OF-2024-00560,ART-A22,Assemblage,105.9,Aluminium,Noir,80,MCH-07,MANUAL,20/06/2024 19:17,20/06/2024 21:18,0.0,done,20/06/2024 21:20
OF-2024-00561,ART-U16,Usinage,144.1,Aluminium,Noir,7,MCH-04,CNC_STD,2024-07-07 09:12:38,2024-07-07 09:48:14,12.0,done,2024-07-07 09:49:55
OF-2024-00562,ART-U00,Usinage,184.0,Inox,Jaune,64,MCH-02,CNC_FAST,2024-01-10 11:37:32,2024-01-10 14:26:09,0.0,done,2024-01-10 14:29:21
OF-2024-00563,ART-U28,Usinage,115.2,Aluminium,Bleu,26,MCH-01,CNC_FAST,2024-04-30 19:33:52,2024-04-30 20:21:56,0.0,done,2024-04-30 20:24:04
OF-2024-00564,ART-F19,Finition,100.8,Aluminium,Gris,9,MCH-08,MANUAL,2024-02-23 20:19:16,2024-02-23 20:41:55,3.0,done,2024-02-23 20:44:59
OF-2024-00565,art-u16,Usinage,144.1,Aluminium,Noir,312,MCH-03,CNC_STD,2024-04-03 14:41:12,2024-04-04 00:11:19,0.0,done,2024-04-04 00:13:39
OF-2024-00566,ART-U28,Usinage,115.2,Aluminium,Bleu,75,MCH-02,CNC_FAST,2024-04-16 19:50:19,2024-04-16 21:13:44,0.0,done,2024-04-16 21:16:24
OF-2024-00567,ART-U24,Usinage,173.0,Aluminium,Vert,10,MCH-05,CNC_STD,2024-02-23 17:35:22,2024-02-23 18:21:06,0.0,done,2024-02-23 18:22:45
OF-2024-00568,ART-U16,Usinage,144.1,Aluminium,Noir,33,MCH-03,CNC_STD,2024-01-13 13:04:24,2024-01-13 14:27:13,26.2,done,2024-01-13 14:28:44
OF-2024-00569,ART-U20,Usinage,23.4,Titane,Rouge,53,MCH-03,CNC_STD,2024-08-27 19:22:59,2024-08-27 21:13:03,0.0,done,2024-08-27 21:17:13
OF-2024-00570,ART-F15,Finition,196.8,Titane,Jaune,69,MCH-02,CNC_FAST,2024-03-12 08:14:09,2024-03-12 09:53:43,0.0,done,2024-03-12 09:54:26
OF-2024-00571,ART-U16,Usinage,144.1,Aluminium,Noir,35,MCH-04,CNC_STD,2024-05-21 17:27:11,,0.0,aborted,2024-05-21 19:18:46
OF-2024-00572,ART-U32,Usinage,131.7,Aluminium,Gris,31,MCH-01,CNC_FAST,2024-01-22 16:15:53,2024-01-22 17:17:42,7.1,done,2024-01-22 17:20:53
OF-2024-00573,ART-A26,Assemblage,183.1,Inox,Rouge,24,MCH-04,CNC_STD,2024-08-15 07:50:10,2024-08-15 08:52:02,0.0,done,2024-08-15 08:52:34
OF-2024-00574,ART-U28,Usinage,115.2,Aluminium,Bleu,15,MCH-02,CNC_FAST,2024-02-19 16:32:28,2024-02-19 16:58:46,0.0,done,2024-02-19 17:02:00
OF-2024-00575,ART-F15,Finition,196.8,Titane,Jaune,45,MCH-02,CNC_FAST,2024-01-27 17:52:47,2024-01-27 19:08:24,0.0,done,2024-01-27 19:09:34
OF-2024-00576,ART-U28,Usinage,115.2,Aluminium,Bleu,30,MCH-04,CNC_STD,2024-03-18 17:50:25,2024-03-18 18:55:29,0.0,done,2024-03-18 18:57:29
OF-2024-00577,ART-U12,Usinage,23.0,Titane,Noir,328,MCH-02,CNC_FAST,2024-07-01 07:59:48,2024-07-01 12:45:23,24.2,done,2024-07-01 12:50:07
OF-2024-00578,ART-A26,Assemblage,183.1,Inox,Rouge,73,MCH-04,CNC_STD,2024-04-01 19:40:14,2024-04-02 21:27:19,362.2,done,2024-04-02 21:31:23
OF-2024-00579,art-a06,Assemblage,21.3,Acier,Noir,72,MCH-06,MANUAL,2024-08-30 09:19:51,2024-08-30 10:31:20,0.0,done,2024-08-30 10:34:27
OF-2024-00580,ART-A06,Assemblage,21.3,Acier,Noir,76,MCH-09,ROBOT_CELL,2024-05-01 09:30:35,2024-05-01 10:08:30,11.0,done,2024-05-01 10:09:02
OF-2024-00581,ART-A10,Assemblage,48.9,Aluminium,Jaune,26,MCH-11,ROBOT_CELL,2024-02-14 08:38:09,2024-02-14 09:00:15,0.0,done,2024-02-14 09:01:52
OF-2024-00582,ART-U08,Usinage,22.6,Inox,Noir,56,MCH-01,CNC_FAST,2024-04-23 08:40:29,2024-04-23 09:28:35,0.0,done,2024-04-23 09:29:07
OF-2024-00583,ART-U16,Usinage,144.1,Aluminium,Noir,239,MCH-02,CNC_FAST,2024-04-07 18:53:10,2024-04-07 23:33:33,0.0,done,2024-04-07 23:36:25
OF-2024-00584,ART-F15,Finition,196.8,Titane,Jaune,33,MCH-08,MANUAL,2024-03-30 19:25:06,2024-03-30 21:06:34,0.0,done,2024-03-30 21:08:40
OF-2024-00585,ART-F15,Finition,196.8,Titane,Jaune,15,MCH-02,CNC_FAST,2024-03-18 07:35:30,,5.6,running,2024-03-18 08:07:41
OF-2024-00586,ART-A18,Assemblage,15.6,Inox,Rouge,375,MCH-07,MANUAL,29/02/2024 07:38,29/02/2024 12:57,0.0,done,29/02/2024 13:00
OF-2024-00587,ART-A06,Assemblage,21.3,Acier,Noir,51,MCH-11,ROBOT_CELL,2024-07-25 06:21:04,2024-07-25 06:51:43,0.0,done,2024-07-25 06:53:50
OF-2024-00588,ART-F11,Finition,147.9,Acier,Gris,72,MCH-08,MANUAL,2024-07-29 19:32:24,2024-07-29 21:20:43,20.7,done,2024-07-29 21:25:08
OF-2024-00589,ART-U28,Usinage,115.2,Aluminium,Bleu,76,MCH-05,CNC_STD,2024-08-02 20:57:44,2024-08-02 23:03:49,0.0,done,2024-08-02 23:08:40
OF-2024-00590,ART-S13,Soudure,74.7,Acier,Jaune,47,MCH-12,ROBOT_CELL,2024-07-02 14:14:20,2024-07-02 16:14:20,0.0,done,2024-07-02 16:16:48
OF-2024-00591,ART-U24,Usinage,173.0,Aluminium,Vert,300,MCH-04,CNC_STD,2024-01-22 09:33:44,2024-01-22 23:12:29,202.7,done,2024-01-22 23:15:21
OF-2024-00592,ART-S25,Soudure,151.9,Acier,Bleu,22,MCH-08,MANUAL,2024-08-09 06:24:07,2024-08-09 10:43:25,59.6,done,2024-08-09 10:44:27
OF-2024-00593,ART-A10,Assemblage,48.9,Aluminium,Jaune,295,MCH-06,MANUAL,2024-04-14 06:44:56,2024-04-14 11:26:34,0.0,done,2024-04-14 11:31:09
OF-2024-00594,ART-U32,Usinage,131.7,Aluminium,Gris,215,MCH-02,CNC_FAST,2024-07-22 13:06:26,2024-07-22 16:57:05,0.0,done,2024-07-22 17:01:47
OF-2024-00595,ART-F15,Finition,196.8,Titane,Jaune,22,MCH-06,MANUAL,2024-01-02 19:03:48,,0.0,running,2024-01-02 20:43:31
OF-2024-00596,ART-U08,Usinage,22.6,Inox,Noir,37,MCH-02,CNC_FAST,2024-08-28 18:59:27,2024-08-28 19:38:18,9.0,done,2024-08-28 19:41:11
OF-2024-00597,ART-U24,Usinage,173.0,Aluminium,Vert,54,MCH-02,CNC_FAST,2024-01-08 13:05:28,2024-01-08 14:23:49,0.0,done,2024-01-08 14:24:32
OF-2024-00598,ART-S13,Soudure,74.7,Acier,Jaune,52,MCH-10,ROBOT_CELL,2024-08-25 07:51:45,2024-08-25 10:23:44,0.0,done,2024-08-25 10:26:54
OF-2024-00599,ART-U16,Usinage,144.1,Aluminium,Noir,173,MCH-04,CNC_STD,2024-01-19 09:04:27,2024-01-19 14:45:30,0.0,done,2024-01-19 14:46:50
OF-2024-00600,ART-F19,Finition,100.8,Aluminium,Gris,15,MCH-08,MANUAL,2024-03-09 11:00:18,2024-03-09 11:27:13,0.0,done,2024-03-09 11:30:39
OF-2024-00601,ART-F15,Finition,196.8,Titane,Jaune,74,MCH-07,MANUAL,26/08/2024 11:33,26/08/2024 15:24,0.0,done,26/08/2024 15:26
OF-2024-00602,ART-U04,Usinage,186.4,Inox,Rouge,45,MCH-05,CNC_STD,2024-08-21 07:02:31,2024-08-21 10:39:55,34.3,done,2024-08-21 10:42:51
OF-2024-00603,ART-F15,Finition,196.8,Titane,Jaune,45,MCH-02,CNC_FAST,2024-07-18 09:12:24,2024-07-18 10:25:30,0.0,done,2024-07-18 10:28:35
OF-2024-00604,ART-S13,Soudure,74.7,Acier,Jaune,27,MCH-11,ROBOT_CELL,2024-02-09 08:23:25,2024-02-09 09:57:32,27.4,done,2024-02-09 09:58:48
OF-2024-00605,art-s17,Soudure,16.0,Acier,Bleu,27,MCH-09,ROBOT_CELL,2024-02-04 18:57:06,2024-02-04 19:40:17,7.9,done,2024-02-04 19:43:25
OF-2024-00606,ART-S33,Soudure,195.1,Inox,Gris,76,MCH-09,ROBOT_CELL,2024-07-02 22:03:24,2024-07-03 04:18:00,76.7,done,2024-07-03 04:19:55
OF-2024-00607,ART-S13,Soudure,74.7,Acier,Jaune,100,MCH-11,ROBOT_CELL,2024-06-21 19:16:58,2024-06-22 00:23:02,0.0,done,2024-06-22 00:25:18
OF-2024-00608,ARTU16,Usinage,144.1,Aluminium,Noir,21,MCH-01,CNC_FAST,2024-05-21 19:28:27,2024-05-21 20:06:05,0.0,done,2024-05-21 20:08:52
OF-2024-00609,ART-S05,Soudure,38.9,Acier,Vert,75,MCH-06,MANUAL,2024-07-16 06:20:59,2024-07-16 09:20:53,0.0,done,2024-07-16 09:22:30
OF-2024-00610,ART-S29,Soudure,90.9,Aluminium,Vert,54,MCH-10,ROBOT_CELL,2024-03-29 07:36:56,2024-03-29 10:24:50,33.7,done,2024-03-29 10:29:29
OF-2024-00611,ART-U24,Usinage,173.0,Aluminium,Vert,189,MCH-03,CNC_STD,2024-04-17 21:21:40,2024-04-18 04:13:35,0.0,done,2024-04-18 04:15:13
OF-2024-00612,ART-S29,Soudure,90.9,Aluminium,Vert,123,MCH-09,ROBOT_CELL,2024-07-19 16:51:44,2024-07-19 21:11:01,0.0,done,2024-07-19 21:12:57
OF-2024-00613,ART-A10,Assemblage,48.9,Aluminium,Jaune,44,MCH-10,ROBOT_CELL,2024-06-14 21:11:54,2024-06-14 21:50:24,8.0,done,2024-06-14 21:52:28
OF-2024-00614,ART-S21,Soudure,45.5,Inox,Vert,11,MCH-06,MANUAL,2024-02-01 17:43:21,2024-02-01 19:13:57,0.0,done,2024-02-01 19:15:01
OF-2024-00615,ART-A22,Assemblage,105.9,Aluminium,Noir,125,MCH-03,CNC_STD,2024-02-08 15:44:14,2024-02-08 17:40:32,0.0,done,2024-02-08 17:41:21
OF-2024-00616,art-a30,Assemblage,130.4,Acier,Gris,68,MCH-07,MANUAL,05/05/2024 11:42,05/05/2024 15:10,32.8,done,05/05/2024 15:13
OF-2024-00617,ART-U32-MM,Usinage,131.7,Aluminium,Gris,7,MCH-04,CNC_STD,2024-02-07 07:52:22,2024-02-07 08:26:28,0.0,done,2024-02-07 08:27:13
OF-2024-00618,ART-A26,Assemblage,183.1,Inox,Rouge,21,MCH-10,ROBOT_CELL,2024-04-20 16:36:29,2024-04-20 17:16:22,0.0,done,2024-04-20 17:18:04
OF-2024-00619,ART-U24,Usinage,173.0,Aluminium,Vert,55,MCH-03,CNC_STD,2024-01-16 07:13:35,2024-01-16 09:51:27,0.0,done,2024-01-16 09:55:50
OF-2024-00620,  ART-A06 ,Assemblage,21.3,Acier,Noir,58,MCH-06,MANUAL,2024-08-09 13:20:00,2024-08-09 14:39:02,0.0,done,2024-08-09 14:40:40
OF-2024-00621,ART-U16,Usinage,144.1,Aluminium,Noir,12,MCH-02,CNC_FAST,2024-07-16 06:38:54,2024-07-16 07:06:08,0.0,done,2024-07-16 07:09:40
OF-2024-00622,ART-S25,Soudure,151.9,Acier,Bleu,68,MCH-08,MANUAL,2024-04-21 21:22:05,2024-04-22 03:55:25,73.0,done,2024-04-22 03:57:52
OF-2024-00623,ART-A26,Assemblage,183.1,Inox,Rouge,32,MCH-05,CNC_STD,2024-07-12 22:00:47,2024-07-12 23:08:44,15.9,done,2024-07-12 23:13:24
OF-2024-00624,  ART-U08 ,Usinage,22.6,Inox,Noir,73,MCH-05,CNC_STD,2024-02-16 15:38:15,,0.0,aborted,2024-02-16 17:26:29
OF-2024-00625,ART-F11,Finition,147.9,Acier,Gris,26,MCH-07,MANUAL,11/07/2024 11:22,11/07/2024 12:06,0.0,done,11/07/2024 12:09
OF-2024-00626,ART-F27,Finition,162.2,Titane,Rouge,15,MCH-06,MANUAL,2024-01-16 10:11:44,2024-01-16 11:16:30,0.0,done,2024-01-16 11:18:49
OF-2024-00627,ART-A10,Assemblage,48.9,Aluminium,Jaune,100,MCH-06,MANUAL,2024-06-16 20:30:46,2024-06-16 22:48:27,32.5,done,2024-06-16 22:50:43
OF-2024-00628,ART-U24,Usinage,173.0,Aluminium,Vert,75,MCH-01,CNC_FAST,2024-02-15 14:26:11,2024-02-15 16:29:34,0.0,done,2024-02-15 16:32:22
OF-2024-00629,ART-S25,Soudure,151.9,Acier,Bleu,23,MCH-07,MANUAL,29/06/2024 11:01,29/06/2024 14:01,0.0,done,29/06/2024 14:03
OF-2024-00630,ART-A06,Assemblage,21.3,Acier,Noir,31,MCH-11,ROBOT_CELL,2024-08-06 15:48:14,2024-08-06 16:14:12,0.0,done,2024-08-06 16:19:05
OF-2024-00631,ART-U32,Usinage,131.7,Aluminium,Gris,61,MCH-02,CNC_FAST,2024-07-21 14:45:03,2024-07-21 16:12:18,0.0,done,2024-07-21 16:13:08
OF-2024-00632,ART-F23,Finition,23.0,Acier,Gris,382,MCH-06,MANUAL,2024-04-20 15:44:03,2024-04-20 18:39:35,0.0,done,2024-04-20 18:42:31
OF-2024-00633,ART-U28,Usinage,115.2,Aluminium,Bleu,78,MCH-05,CNC_STD,2024-05-13 21:53:05,2024-05-13 21:53:05,11.0,done,2024-05-13 23:51:45
OF-2024-00634,ART-F27,Finition,162.2,Titane,Rouge,286,MCH-08,MANUAL,2024-05-09 13:23:18,2024-05-09 23:06:16,0.0,done,2024-05-09 23:09:45
OF-2024-00635,ART-U20,Usinage,23.4,Titane,Rouge,73,MCH-01,CNC_FAST,2024-03-28 20:53:31,2024-03-28 22:13:38,0.0,done,2024-03-28 22:14:35
OF-2024-00636,ART-U28,Usinage,115.2,Aluminium,Bleu,384,MCH-02,CNC_FAST,2024-06-21 07:08:04,2024-06-21 12:50:03,0.0,done,2024-06-21 12:51:15
OF-2024-00637,ART-A10,Assemblage,48.9,Aluminium,Jaune,239,MCH-09,ROBOT_CELL,2024-04-03 20:08:18,2024-04-03 22:54:40,49.5,done,2024-04-03 22:58:59
OF-2024-00638,ART-F11,Finition,147.9,Acier,Gris,18,MCH-08,MANUAL,2024-08-24 20:53:44,2024-08-24 21:34:24,2.5,done,2024-08-24 21:35:07
OF-2024-00639,ART-U04,Usinage,186.4,Inox,Rouge,323,MCH-01,CNC_FAST,2024-08-25 12:41:21,2024-08-26 04:13:31,0.0,done,2024-08-26 04:15:56
OF-2024-00640,ART-A06,Assemblage,21.3,Acier,Noir,15,MCH-06,MANUAL,2024-06-25 13:41:40,2024-06-25 14:07:18,8.4,done,2024-06-25 14:08:35
OF-2024-00641,ART-U00,Usinage,184.0,Inox,Jaune,76,MCH-02,CNC_FAST,2024-06-30 14:34:55,2024-06-30 16:56:31,0.0,done,2024-06-30 16:59:17
OF-2024-00642,ART-U00,Usinage,184.0,Inox,Jaune,9,MCH-02,CNC_FAST,2024-03-17 17:30:03,2024-03-17 18:11:44,6.3,done,2024-03-17 18:13:49
OF-2024-00643,ART-A18,Assemblage,15.6,Inox,Rouge,41,MCH-11,ROBOT_CELL,2024-01-31 18:37:08,2024-01-31 18:59:51,0.0,done,2024-01-31 19:03:47
OF-2024-00644,  ART-U16 ,Usinage,144.1,Aluminium,Noir,49,MCH-05,CNC_STD,2024-08-19 20:52:33,2024-08-19 22:53:20,7.4,done,2024-08-19 22:54:37
OF-2024-00645,ART-U28,Usinage,115.2,Aluminium,Bleu,40,MCH-04,CNC_STD,2024-01-17 13:32:36,2024-01-17 14:32:21,0.0,done,2024-01-17 14:33:56
OF-2024-00646,ART-S05,Soudure,38.9,Acier,Vert,11,MCH-06,MANUAL,2024-06-26 09:22:13,2024-06-26 10:06:42,0.0,done,2024-06-26 10:08:24
OF-2024-00647,ART-U04,Usinage,186.4,Inox,Rouge,23,MCH-05,CNC_STD,2024-05-03 19:14:09,2024-05-03 20:51:07,0.0,done,2024-05-03 20:54:43
OF-2024-00648,ART-U00,Usinage,184.0,Inox,Jaune,39,MCH-03,CNC_STD,2024-02-16 13:39:20,2024-02-16 16:24:01,31.9,done,2024-02-16 16:24:50
OF-2024-00649,ART-F11,Finition,147.9,Acier,Gris,174,MCH-01,CNC_FAST,2024-08-05 12:53:09,2024-08-05 14:40:21,20.3,done,2024-08-05 14:40:57
OF-2024-00650,ART-F15,Finition,196.8,Titane,Jaune,37,MCH-01,CNC_FAST,2024-02-14 07:29:07,2024-02-14 08:27:26,0.0,done,2024-02-14 08:32:14
OF-2024-00651,ART-A10,Assemblage,48.9,Aluminium,Jaune,16,MCH-07,MANUAL,11/03/2024 10:34,11/03/2024 11:07,9.2,done,11/03/2024 11:10
OF-2024-00652,art-a06,Assemblage,21.3,Acier,Noir,65,MCH-08,MANUAL,2024-02-11 10:19:46,2024-02-11 11:17:36,0.0,done,2024-02-11 11:21:45
OF-2024-00653,ART-U04,Usinage,186.4,Inox,Rouge,36,MCH-02,CNC_FAST,2024-06-09 06:48:41,2024-06-09 08:23:25,31.7,done,2024-06-09 08:25:35
OF-2024-00654,ART-U28,Usinage,115.2,Aluminium,Bleu,73,MCH-01,CNC_FAST,2024-05-06 08:04:55,2024-05-06 09:19:04,10.2,done,2024-05-06 09:23:31
OF-2024-00655,ART-A30,Assemblage,130.4,Acier,Gris,11,MCH-03,CNC_STD,2024-01-17 18:12:37,2024-01-17 18:49:27,10.5,done,2024-01-17 18:50:40
OF-2024-00656,ART-U12,Usinage,23.0,Titane,Noir,17,MCH-04,CNC_STD,2024-03-11 17:50:19,,10.5,running,2024-03-11 18:28:53
OF-2024-00657,ART-U12,Usinage,23.0,Titane,Noir,18,MCH-05,CNC_STD,2024-04-20 16:24:04,2024-04-20 16:53:08,0.0,done,2024-04-20 16:55:05
OF-2024-00658,ART-A18,Assemblage,15.6,Inox,Rouge,73,MCH-03,CNC_STD,2024-02-04 21:02:57,2024-02-04 21:53:48,0.0,done,2024-02-04 21:57:59
OF-2024-00659,ART-S33,Soudure,195.1,Inox,Gris,34,MCH-08,MANUAL,2024-03-23 09:01:11,2024-03-23 15:34:10,0.0,done,2024-03-23 15:36:07
OF-2024-00660,ART-U12,Usinage,23.0,Titane,Noir,338,MCH-02,CNC_FAST,2024-07-29 06:24:39,2024-07-29 11:58:55,99.0,done,2024-07-29 12:00:06
OF-2024-00661,ART-S09,Soudure,11.4,Acier,Jaune,13,MCH-08,MANUAL,2024-07-11 13:00:07,2024-07-11 13:49:15,0.0,done,2024-07-11 13:53:07
OF-2024-00662,ART-A22,Assemblage,105.9,Aluminium,Noir,41,MCH-03,CNC_STD,2024-06-06 09:35:36,2024-06-06 10:16:30,0.0,done,2024-06-06 10:17:52
OF-2024-00663,ART-U04,Usinage,186.4,Inox,Rouge,48,MCH-05,CNC_STD,2024-05-04 14:09:03,2024-05-04 18:12:44,0.0,done,2024-05-04 18:15:53
OF-2024-00664,ART-S29,Soudure,90.9,Aluminium,Vert,49,MCH-08,MANUAL,2024-08-09 19:44:54,2024-08-09 23:21:13,0.0,done,2024-08-09 23:25:59
OF-2024-00665,ART-A06,Assemblage,21.3,Acier,Noir,43,MCH-07,MANUAL,04/08/2024 08:52,04/08/2024 09:38,4.0,done,04/08/2024 09:40
OF-2024-00666,ART-A06,Assemblage,21.3,Acier,Noir,32,MCH-03,CNC_STD,2024-07-13 21:28:14,2024-07-13 21:56:52,0.0,done,2024-07-13 21:59:53
OF-2024-00667,ART-U32,Usinage,131.7,Aluminium,Gris,61,MCH-05,CNC_STD,2024-05-02 21:10:06,2024-05-02 23:20:54,0.0,done,2024-05-02 23:25:50
OF-2024-00668,ART-A10,Assemblage,48.9,Aluminium,Jaune,21,MCH-09,ROBOT_CELL,2024-03-31 08:42:01,2024-03-31 08:59:13,0.0,done,2024-03-31 09:01:56
OF-2024-00669,ART-A06,Assemblage,21.3,Acier,Noir,116,MCH-03,CNC_STD,2024-07-23 20:43:59,,11.4,aborted,2024-07-23 21:52:20
OF-2024-00670,ART-F27,Finition,162.2,Titane,Rouge,71,MCH-07,MANUAL,28/06/2024 13:17,28/06/2024 15:50,0.0,done,28/06/2024 15:51
OF-2024-00671,ART-U04,Usinage,186.4,Inox,Rouge,328,MCH-04,CNC_STD,2024-05-09 10:24:18,2024-05-10 10:55:29,0.0,done,2024-05-10 11:00:21
OF-2024-00672,ART-S37,Soudure,181.1,Acier,Gris,61,MCH-12,ROBOT_CELL,2024-05-17 17:48:55,2024-05-17 23:43:49,0.0,done,2024-05-17 23:47:43
OF-2024-00673,ART-U04,Usinage,186.4,Inox,Rouge,35,MCH-04,CNC_STD,2024-03-17 15:37:50,2024-03-17 18:09:58,33.9,done,2024-03-17 18:11:45
OF-2024-00674,ART-U32,Usinage,131.7,Aluminium,Gris,310,MCH-05,CNC_STD,2024-02-23 07:25:52,2024-02-23 17:38:53,0.0,done,2024-02-23 17:41:46
OF-2024-00675,ART-S29,Soudure,90.9,Aluminium,Vert,64,MCH-07,MANUAL,17/05/2024 10:41,17/05/2024 14:34,0.0,done,17/05/2024 14:36
OF-2024-00676,ART-S13,Soudure,74.7,Acier,Jaune,160,MCH-10,ROBOT_CELL,2024-06-09 08:26:10,2024-06-09 14:51:01,0.0,done,2024-06-09 14:55:52
OF-2024-00677,ART-A02,Assemblage,36.9,Aluminium,Vert,147,MCH-05,CNC_STD,2024-05-15 15:42:03,2024-05-15 16:38:46,8.8,done,2024-05-15 16:43:30
OF-2024-00678,ART-A10,Assemblage,48.9,Aluminium,Jaune,361,MCH-08,MANUAL,2024-04-02 11:00:18,2024-04-02 17:00:37,0.0,done,2024-04-02 17:02:58
OF-2024-00679,ART-A06,Assemblage,21.3,Acier,Noir,311,MCH-10,ROBOT_CELL,2024-07-21 20:05:21,2024-07-21 21:50:49,0.0,done,2024-07-21 21:55:09
OF-2024-00680,ARTU08,Usinage,22.6,Inox,Noir,35,MCH-01,CNC_FAST,2024-01-04 21:38:43,2024-01-04 22:14:32,0.0,done,2024-01-04 22:15:19
OF-2024-00681,ART-U20,Usinage,23.4,Titane,Rouge,391,MCH-04,CNC_STD,2024-03-08 15:22:38,2024-03-09 02:33:57,98.7,done,2024-03-09 02:37:08
OF-2024-00682,ART-U20,Usinage,23.4,Titane,Rouge,198,MCH-02,CNC_FAST,2024-08-25 17:37:31,2024-08-25 21:09:43,0.0,done,2024-08-25 21:10:15
OF-2024-00683,ART-U28,Usinage,115.2,Aluminium,Bleu,334,MCH-04,CNC_STD,2024-07-14 07:21:29,2024-07-14 16:02:37,160.5,done,2024-07-14 16:03:31
OF-2024-00684,ART-F27,Finition,162.2,Titane,Rouge,56,MCH-01,CNC_FAST,2024-07-10 20:06:45,2024-07-10 21:07:33,0.0,done,2024-07-10 21:12:02
OF-2024-00685,ART-F27,Finition,162.2,Titane,Rouge,17,MCH-01,CNC_FAST,2024-08-25 13:29:08,,2.0,running,2024-08-25 13:58:46
OF-2024-00686,ART-F15,Finition,196.8,Titane,Jaune,388,MCH-01,CNC_FAST,2024-08-29 16:26:07,2024-08-30 01:59:46,194.3,done,2024-08-30 02:02:13
OF-2024-00687,ART-A02,Assemblage,36.9,Aluminium,Vert,161,MCH-08,MANUAL,2024-06-01 07:27:30,2024-06-01 09:08:23,0.0,done,2024-06-01 09:13:03
OF-2024-00688,ART-F15,Finition,196.8,Titane,Jaune,31,MCH-08,MANUAL,2024-01-14 20:44:16,2024-01-14 22:22:17,0.0,done,2024-01-14 22:23:34
OF-2024-00689,ART-U28,Usinage,115.2,Aluminium,Bleu,45,MCH-04,CNC_STD,2024-05-05 09:01:15,2024-05-05 10:15:31,0.0,done,2024-05-05 10:17:42
OF-2024-00690,ART-A14,Assemblage,190.7,Acier,Noir,29,MCH-08,MANUAL,2024-04-15 15:37:33,2024-04-15 17:06:02,0.0,done,2024-04-15 17:09:11
OF-2024-00691,ARTU16,Usinage,144.1,Aluminium,Noir,58,MCH-01,CNC_FAST,2024-01-26 16:20:48,2024-01-26 17:48:12,0.0,done,2024-01-26 17:52:07
OF-2024-00692,ART-S29,Soudure,90.9,Aluminium,Vert,66,MCH-07,MANUAL,17/07/2024 08:47,17/07/2024 13:40,14.8,done,17/07/2024 13:42
OF-2024-00693,ART-U28,Usinage,115.2,Aluminium,Bleu,22,MCH-05,CNC_STD,2024-05-01 07:39:33,2024-05-01 08:41:25,0.0,done,2024-05-01 08:44:36
OF-2024-00694,art-u32,Usinage,131.7,Aluminium,Gris,48,MCH-05,CNC_STD,2024-02-21 18:04:06,2024-02-21 19:41:22,0.0,done,2024-02-21 19:45:16
OF-2024-00695,ART-U28,Usinage,115.2,Aluminium,Bleu,75,MCH-01,CNC_FAST,2024-01-14 12:44:12,2024-01-14 14:39:48,6.2,done,2024-01-14 14:40:57
OF-2024-00696,ART-U08,Usinage,22.6,Inox,Noir,61,MCH-03,CNC_STD,2024-01-05 11:17:04,2024-01-05 12:48:57,9.6,done,2024-01-05 12:52:42
OF-2024-00697,ART-A06,Assemblage,21.3,Acier,Noir,20,MCH-11,ROBOT_CELL,2024-06-24 07:54:21,2024-06-24 08:13:23,5.3,done,2024-06-24 08:17:41
OF-2024-00698,ART-U04,Usinage,186.4,Inox,Rouge,18,MCH-03,CNC_STD,2024-01-10 14:06:29,,0.0,aborted,2024-01-10 15:55:15
OF-2024-00699,art-s17,Soudure,16.0,Acier,Bleu,58,MCH-11,ROBOT_CELL,2024-08-08 08:45:14,2024-08-08 10:08:18,0.0,done,2024-08-08 10:09:24
OF-2024-00700,ART-A30,Assemblage,130.4,Acier,Gris,47,MCH-11,ROBOT_CELL,2024-04-03 14:19:00,2024-04-03 15:33:04,0.0,done,2024-04-03 15:35:59
OF-2024-00701,ART-U24,Usinage,173.0,Aluminium,Vert,388,MCH-02,CNC_FAST,2024-05-25 12:49:15,2024-05-25 22:44:01,0.0,done,2024-05-25 22:46:39
OF-2024-00702,ART-A18,Assemblage,15.6,Inox,Rouge,79,MCH-11,ROBOT_CELL,2024-07-15 16:29:56,2024-07-15 17:03:48,4.4,done,2024-07-15 17:04:20
OF-2024-00703,ART-F27,Finition,162.2,Titane,Rouge,20,MCH-02,CNC_FAST,2024-03-06 15:07:17,2024-03-06 15:31:27,0.0,done,2024-03-06 15:35:17
OF-2024-00704,ART-F19-MM,Finition,100.8,Aluminium,Gris,333,MCH-07,MANUAL,07/06/2024 07:45,07/06/2024 13:47,0.0,done,07/06/2024 13:51
OF-2024-00705,ART-U24,Usinage,173.0,Aluminium,Vert,8,MCH-05,CNC_STD,2024-06-07 16:57:00,2024-06-07 17:28:32,0.0,done,2024-06-07 17:31:58
OF-2024-00706,ART-F15,Finition,196.8,Titane,Jaune,12,MCH-08,MANUAL,2024-07-21 18:33:02,2024-07-21 19:18:15,0.0,done,2024-07-21 19:19:46
OF-2024-00707,ART-U12,Usinage,23.0,Titane,Noir,80,MCH-05,CNC_STD,2024-04-25 17:26:39,2024-04-25 18:57:28,0.0,done,2024-04-25 19:01:29
OF-2024-00708,ART-A22,Assemblage,105.9,Aluminium,Noir,65,MCH-07,MANUAL,29/08/2024 13:06,29/08/2024 15:09,0.0,done,29/08/2024 15:11
OF-2024-00709,ART-F27,Finition,162.2,Titane,Rouge,38,MCH-01,CNC_FAST,2024-05-08 06:22:39,2024-05-08 07:05:16,0.0,done,2024-05-08 07:06:20
OF-2024-00710,ART-S13,Soudure,74.7,Acier,Jaune,220,MCH-08,MANUAL,2024-05-21 11:01:10,2024-05-22 03:20:05,0.0,done,2024-05-22 03:22:46
OF-2024-00711,  ART-U20 ,Usinage,23.4,Titane,Rouge,52,MCH-02,CNC_FAST,2024-07-16 21:52:29,2024-07-16 22:59:26,0.0,done,2024-07-16 23:00:48
OF-2024-00712,ART-S29,Soudure,90.9,Aluminium,Vert,161,MCH-06,MANUAL,2024-01-11 16:22:40,2024-01-12 06:15:49,0.0,done,2024-01-12 06:19:20
OF-2024-00713,ART-S29,Soudure,90.9,Aluminium,Vert,75,MCH-09,ROBOT_CELL,2024-05-11 08:41:48,2024-05-11 11:25:12,45.1,done,2024-05-11 11:28:16
OF-2024-00714,ART-F27,Finition,162.2,Titane,Rouge,129,MCH-07,MANUAL,08/08/2024 21:01,09/08/2024 01:38,0.0,done,09/08/2024 01:40
OF-2024-00715,ART-U04,Usinage,186.4,Inox,Rouge,319,MCH-02,CNC_FAST,2024-06-29 20:51:31,2024-06-30 11:52:26,310.6,done,2024-06-30 11:54:08
OF-2024-00716,ART-U28,Usinage,115.2,Aluminium,Bleu,39,MCH-01,CNC_FAST,2024-04-16 08:07:10,2024-04-16 09:06:09,0.0,done,2024-04-16 09:06:53
OF-2024-00717,ART-A26,Assemblage,183.1,Inox,Rouge,27,MCH-03,CNC_STD,2024-03-12 07:10:54,2024-03-12 08:13:19,0.0,done,2024-03-12 08:16:29
OF-2024-00718,ART-U04,Usinage,186.4,Inox,Rouge,78,MCH-04,CNC_STD,2024-08-22 06:57:41,2024-08-22 12:56:14,0.0,done,2024-08-22 12:56:49
OF-2024-00719,ART-U16,Usinage,144.1,Aluminium,Noir,64,MCH-02,CNC_FAST,2024-02-07 08:11:08,2024-02-07 09:53:54,26.0,done,2024-02-07 09:55:11
OF-2024-00720,ART-A26,Assemblage,183.1,Inox,Rouge,8,MCH-08,MANUAL,2024-04-20 19:58:57,2024-04-20 20:34:44,6.8,done,2024-04-20 20:35:41
OF-2024-00721,ART-A06,Assemblage,21.3,Acier,Noir,36,MCH-04,CNC_STD,2024-05-07 16:32:24,2024-05-07 17:03:06,5.1,done,2024-05-07 17:05:05
OF-2024-00722,ART-F15,Finition,196.8,Titane,Jaune,58,MCH-06,MANUAL,2024-04-10 13:53:21,2024-04-10 16:34:21,42.5,done,2024-04-10 16:39:10
OF-2024-00723,ART-U04,Usinage,186.4,Inox,Rouge,61,MCH-01,CNC_FAST,2024-05-03 08:39:05,,0.0,running,2024-05-03 11:32:07
OF-2024-00724,ART-U32-MM,Usinage,131.7,Aluminium,Gris,239,MCH-02,CNC_FAST,2024-02-09 21:57:39,2024-02-10 04:16:41,0.0,done,2024-02-10 04:17:29
OF-2024-00725,ART-A02,Assemblage,36.9,Aluminium,Vert,60,MCH-04,CNC_STD,2024-04-20 21:03:07,2024-04-20 21:35:17,0.0,done,2024-04-20 21:39:43
OF-2024-00726,ART-U04,Usinage,186.4,Inox,Rouge,74,MCH-01,CNC_FAST,2024-01-17 07:36:07,2024-01-17 12:14:05,0.0,done,2024-01-17 12:16:20
OF-2024-00727,ART-U16,Usinage,144.1,Aluminium,Noir,77,MCH-01,CNC_FAST,2024-01-23 12:57:51,2024-01-23 15:04:23,0.0,done,2024-01-23 15:07:44
OF-2024-00728,ART-A06,Assemblage,21.3,Acier,Noir,72,MCH-08,MANUAL,2024-01-31 15:57:10,2024-01-31 16:54:56,12.4,done,2024-01-31 16:57:41
OF-2024-00729,ART-F19,Finition,100.8,Aluminium,Gris,151,MCH-01,CNC_FAST,2024-02-28 11:28:00,2024-02-28 12:43:53,18.6,done,2024-02-28 12:47:42
OF-2024-00730,ART-F15,Finition,196.8,Titane,Jaune,302,MCH-06,MANUAL,2024-05-04 20:41:28,2024-05-05 13:30:27,0.0,done,2024-05-05 13:32:26
OF-2024-00731,ART-U32,Usinage,131.7,Aluminium,Gris,159,MCH-02,CNC_FAST,2024-05-18 19:59:30,2024-05-18 23:29:31,0.0,done,2024-05-18 23:32:43
OF-2024-00732,ART-S29,Soudure,90.9,Aluminium,Vert,60,MCH-11,ROBOT_CELL,2024-06-06 08:22:52,2024-06-06 08:14:52,0.0,done,2024-06-06 10:48:40
OF-2024-00733,ART-A02,Assemblage,36.9,Aluminium,Vert,341,MCH-10,ROBOT_CELL,2024-02-05 16:33:07,2024-02-05 18:58:49,0.0,done,2024-02-05 19:02:46
OF-2024-00734,ART-U08,Usinage,22.6,Inox,Noir,399,MCH-04,CNC_STD,2024-08-09 12:54:30,2024-08-09 20:16:26,71.8,done,2024-08-09 20:17:54
OF-2024-00735,ART-A14,Assemblage,190.7,Acier,Noir,155,MCH-06,MANUAL,2024-03-14 16:05:13,2024-03-14 21:58:52,35.9,done,2024-03-14 22:03:12
OF-2024-00736,ARTA06,Assemblage,21.3,Acier,Noir,15,MCH-10,ROBOT_CELL,2024-03-10 06:03:07,2024-03-10 06:15:55,0.0,done,2024-03-10 06:20:07
OF-2024-00737,ART-U32,Usinage,131.7,Aluminium,Gris,67,MCH-05,CNC_STD,2024-07-18 08:15:20,2024-07-18 10:33:07,11.5,done,2024-07-18 10:34:30
OF-2024-00738,ART-U24,Usinage,173.0,Aluminium,Vert,23,MCH-01,CNC_FAST,2024-05-05 12:51:13,2024-05-05 13:34:30,0.0,done,2024-05-05 13:35:33
OF-2024-00739,ART-S33,Soudure,195.1,Inox,Gris,68,MCH-07,MANUAL,05/01/2024 08:31,05/01/2024 17:59,0.0,done,05/01/2024 18:03
OF-2024-00740,ART-S25,Soudure,151.9,Acier,Bleu,60,MCH-11,ROBOT_CELL,2024-07-11 07:03:22,2024-07-11 11:28:24,0.0,done,2024-07-11 11:33:14
OF-2024-00741,ART-U04,Usinage,186.4,Inox,Rouge,48,MCH-04,CNC_STD,2024-01-21 19:05:02,2024-01-21 23:27:47,0.0,done,2024-01-21 23:31:49
OF-2024-00742,ART-U28,Usinage,115.2,Aluminium,Bleu,29,MCH-01,CNC_FAST,2024-04-19 13:28:18,2024-04-19 14:11:48,5.8,done,2024-04-19 14:14:33
OF-2024-00743,ART-S13,Soudure,74.7,Acier,Jaune,294,MCH-11,ROBOT_CELL,2024-02-16 08:45:23,2024-02-16 23:11:10,0.0,done,2024-02-16 23:15:34
OF-2024-00744,ARTU16,Usinage,144.1,Aluminium,Noir,380,MCH-04,CNC_STD,2024-07-29 06:26:05,2024-07-29 18:54:05,0.0,done,2024-07-29 18:55:22
OF-2024-00745,ART-S13,Soudure,74.7,Acier,Jaune,210,MCH-11,ROBOT_CELL,2024-03-08 11:09:59,2024-03-08 18:36:04,151.9,done,2024-03-08 18:37:04
OF-2024-00746,ART-F19,Finition,100.8,Aluminium,Gris,23,MCH-07,MANUAL,18/02/2024 06:40,18/02/2024 07:10,0.0,done,18/02/2024 07:13
OF-2024-00747,ART-U00,Usinage,184.0,Inox,Jaune,229,MCH-05,CNC_STD,2024-07-14 20:18:36,2024-07-15 06:32:58,0.0,done,2024-07-15 06:36:09
OF-2024-00748,ART-U20-MM,Usinage,23.4,Titane,Rouge,306,MCH-04,CNC_STD,2024-07-29 15:43:06,2024-07-29 23:59:41,74.5,done,2024-07-30 00:01:40
OF-2024-00749,ART-F31,Finition,25.3,Inox,Gris,58,MCH-06,MANUAL,2024-07-31 15:11:19,2024-07-31 16:05:48,0.0,done,2024-07-31 16:06:52
OF-2024-00750,ART-U00,Usinage,184.0,Inox,Jaune,47,MCH-03,CNC_STD,2024-01-17 06:17:23,2024-01-17 08:17:44,19.6,done,2024-01-17 08:20:01
OF-2024-00751,ART-S05,Soudure,38.9,Acier,Vert,26,MCH-09,ROBOT_CELL,2024-03-16 16:59:25,2024-03-16 17:47:16,7.7,done,2024-03-16 17:51:47
OF-2024-00752,ART-S13,Soudure,74.7,Acier,Jaune,60,MCH-12,ROBOT_CELL,2024-07-17 16:55:34,2024-07-17 19:30:04,0.0,done,2024-07-17 19:31:44
OF-2024-00753,ART-A02,Assemblage,36.9,Aluminium,Vert,32,MCH-03,CNC_STD,2024-01-05 12:32:50,2024-01-05 13:01:58,9.8,done,2024-01-05 13:06:06
OF-2024-00754,ART-A06,Assemblage,21.3,Acier,Noir,347,MCH-06,MANUAL,2024-02-06 21:31:53,2024-02-07 02:01:44,85.6,done,2024-02-07 02:04:59
OF-2024-00755,ART-U08,Usinage,22.6,Inox,Noir,39,MCH-04,CNC_STD,2024-02-07 21:36:43,2024-02-07 22:48:59,0.0,done,2024-02-07 22:50:47
OF-2024-00756,ART-A06,Assemblage,21.3,Acier,Noir,69,MCH-11,ROBOT_CELL,2024-05-27 14:53:02,2024-05-27 15:28:37,0.0,done,2024-05-27 15:33:03
OF-2024-00757,ART-F27,Finition,162.2,Titane,Rouge,21,MCH-07,MANUAL,22/07/2024 15:01,22/07/2024 15:54,13.5,done,22/07/2024 15:55
OF-2024-00758,ART-S21,Soudure,45.5,Inox,Vert,71,MCH-10,ROBOT_CELL,2024-05-09 10:39:01,2024-05-09 13:46:04,0.0,done,2024-05-09 13:47:27
OF-2024-00759,ART-U28,Usinage,115.2,Aluminium,Bleu,177,MCH-05,CNC_STD,2024-02-02 11:06:30,2024-02-02 15:29:43,0.0,done,2024-02-02 15:31:02
OF-2024-00760,ART-U28,Usinage,115.2,Aluminium,Bleu,49,MCH-04,CNC_STD,2024-03-09 14:36:26,2024-03-09 16:05:12,16.5,done,2024-03-09 16:10:12
OF-2024-00761,ART-F27,Finition,162.2,Titane,Rouge,217,MCH-06,MANUAL,2024-06-13 13:07:00,2024-06-13 21:39:39,0.0,done,2024-06-13 21:42:38
OF-2024-00762,ART-S13,Soudure,74.7,Acier,Jaune,262,MCH-12,ROBOT_CELL,2024-05-08 18:02:51,2024-05-09 10:10:58,308.0,done,2024-05-09 10:14:56
OF-2024-00763,ART-U04,Usinage,186.4,Inox,Rouge,59,MCH-01,CNC_FAST,2024-03-06 21:36:57,2024-03-07 00:14:55,40.9,done,2024-03-07 00:18:50
OF-2024-00764,ART-U24,Usinage,173.0,Aluminium,Vert,277,MCH-02,CNC_FAST,2024-03-04 18:46:05,2024-03-05 00:25:40,19.5,done,2024-03-05 00:30:26
OF-2024-00765,ART-S29,Soudure,90.9,Aluminium,Vert,7,MCH-09,ROBOT_CELL,2024-02-08 14:19:52,2024-02-08 14:52:55,0.0,done,2024-02-08 14:57:21
OF-2024-00766,ART-S33,Soudure,195.1,Inox,Gris,7,MCH-08,MANUAL,2024-08-19 11:18:52,2024-08-19 13:24:58,0.0,done,2024-08-19 13:29:11
OF-2024-00767,ART-S13,Soudure,74.7,Acier,Jaune,186,MCH-07,MANUAL,16/07/2024 17:31,17/07/2024 08:15,0.0,done,17/07/2024 08:20
OF-2024-00768,ART-F19-MM,Finition,100.8,Aluminium,Gris,41,MCH-02,CNC_FAST,2024-01-10 20:23:30,2024-01-10 20:49:57,0.0,done,2024-01-10 20:52:57
OF-2024-00769,ART-A26,Assemblage,183.1,Inox,Rouge,6,MCH-11,ROBOT_CELL,2024-08-24 08:42:08,2024-08-24 09:06:30,2.2,done,2024-08-24 09:09:39
OF-2024-00770,ART-S29,Soudure,90.9,Aluminium,Vert,304,MCH-08,MANUAL,2024-02-12 15:01:38,2024-02-13 14:01:07,0.0,done,2024-02-13 14:03:25
OF-2024-00771,ART-F31,Finition,25.3,Inox,Gris,248,MCH-02,CNC_FAST,2024-08-31 09:09:38,2024-08-31 10:34:36,0.0,done,2024-08-31 10:35:29
OF-2024-00772,ART-U24,Usinage,173.0,Aluminium,Vert,28,MCH-04,CNC_STD,2024-07-22 13:53:02,2024-07-22 15:03:41,19.5,done,2024-07-22 15:07:42
OF-2024-00773,ARTU20,Usinage,23.4,Titane,Rouge,36,MCH-01,CNC_FAST,2024-03-23 09:36:32,2024-03-23 10:17:51,14.1,done,2024-03-23 10:19:47
OF-2024-00774,ART-S25,Soudure,151.9,Acier,Bleu,68,MCH-10,ROBOT_CELL,2024-07-19 06:35:02,2024-07-19 10:47:35,0.0,done,2024-07-19 10:51:46
OF-2024-00775,ART-F15,Finition,196.8,Titane,Jaune,64,MCH-07,MANUAL,15/04/2024 12:47,15/04/2024 15:27,0.0,done,15/04/2024 15:29
OF-2024-00776,ART-U16,Usinage,144.1,Aluminium,Noir,245,MCH-03,CNC_STD,2024-06-30 08:46:34,2024-06-30 17:50:24,0.0,done,2024-06-30 17:55:20
OF-2024-00777,ART-A26,Assemblage,183.1,Inox,Rouge,8,MCH-09,ROBOT_CELL,2024-02-22 12:28:23,2024-02-22 12:50:03,7.4,done,2024-02-22 12:54:16
OF-2024-00778,ART-U04,Usinage,186.4,Inox,Rouge,27,MCH-05,CNC_STD,2024-07-30 07:54:01,2024-07-30 09:49:19,22.3,done,2024-07-30 09:52:12
OF-2024-00779,ART-A30,Assemblage,130.4,Acier,Gris,10,MCH-04,CNC_STD,2024-02-29 17:06:51,2024-02-29 17:35:36,0.0,done,2024-02-29 17:36:21
OF-2024-00780,ART-S29,Soudure,90.9,Aluminium,Vert,67,MCH-12,ROBOT_CELL,2024-08-26 10:01:27,2024-08-26 13:25:28,57.5,done,2024-08-26 13:26:23
OF-2024-00781,ART-U16,Usinage,144.1,Aluminium,Noir,325,MCH-05,CNC_STD,2024-04-07 19:43:42,2024-04-08 05:56:56,0.0,done,2024-04-08 06:00:30
OF-2024-00782,ART-U20,Usinage,23.4,Titane,Rouge,135,MCH-01,CNC_FAST,2024-03-26 21:47:19,2024-03-27 00:48:43,33.3,done,2024-03-27 00:49:15
OF-2024-00783,ART-U16,Usinage,144.1,Aluminium,Noir,35,MCH-01,CNC_FAST,2024-01-13 19:56:05,2024-01-13 20:57:14,0.0,done,2024-01-13 21:02:03
OF-2024-00784,art-u08,Usinage,22.6,Inox,Noir,395,MCH-04,CNC_STD,2024-05-31 19:35:35,2024-06-01 03:56:18,0.0,done,2024-06-01 04:00:57
OF-2024-00785,ART-U04,Usinage,186.4,Inox,Rouge,37,MCH-03,CNC_STD,2024-08-23 14:19:22,2024-08-23 17:40:56,0.0,done,2024-08-23 17:42:45
OF-2024-00786,ART-S25,Soudure,151.9,Acier,Bleu,31,MCH-07,MANUAL,10/02/2024 14:03,10/02/2024 18:45,0.0,done,10/02/2024 18:49
OF-2024-00787,ART-S25,Soudure,151.9,Acier,Bleu,63,MCH-07,MANUAL,24/03/2024 14:03,24/03/2024 20:26,0.0,done,24/03/2024 20:27
OF-2024-00788,ART-U08-MM,Usinage,22.6,Inox,Noir,255,MCH-03,CNC_STD,2024-01-26 16:11:02,2024-01-26 20:04:58,73.4,done,2024-01-26 20:09:16
OF-2024-00789,ART-A10,Assemblage,48.9,Aluminium,Jaune,57,MCH-10,ROBOT_CELL,2024-04-24 22:00:27,2024-04-24 22:42:34,8.1,done,2024-04-24 22:45:26
OF-2024-00790,ART-U32,Usinage,131.7,Aluminium,Gris,71,MCH-03,CNC_STD,2024-07-10 13:20:17,2024-07-10 15:15:16,39.5,done,2024-07-10 15:19:55
OF-2024-00791,ART-A06-MM,Assemblage,21.3,Acier,Noir,59,MCH-06,MANUAL,2024-02-26 16:50:45,2024-02-26 17:40:39,0.0,done,2024-02-26 17:41:31
OF-2024-00792,ART-U04,Usinage,186.4,Inox,Rouge,227,MCH-04,CNC_STD,2024-07-27 13:57:54,2024-07-28 06:47:46,350.8,done,2024-07-28 06:48:18
OF-2024-00793,ART-A30,Assemblage,130.4,Acier,Gris,57,MCH-06,MANUAL,2024-07-22 17:35:09,2024-07-22 20:21:20,10.8,done,2024-07-22 20:24:22
OF-2024-00794,ART-U28,Usinage,115.2,Aluminium,Bleu,9,MCH-05,CNC_STD,2024-02-10 10:20:25,2024-02-10 10:58:44,0.0,done,2024-02-10 11:00:48
OF-2024-00795,ART-F07-MM,Finition,147.0,Acier,Gris,60,MCH-02,CNC_FAST,2024-02-23 16:40:55,2024-02-23 17:29:36,0.0,done,2024-02-23 17:33:41
OF-2024-00796,ART-S25,Soudure,151.9,Acier,Bleu,117,MCH-10,ROBOT_CELL,2024-05-23 19:23:35,2024-05-24 03:01:11,0.0,done,2024-05-24 03:02:36
OF-2024-00797,ART-U32,Usinage,131.7,Aluminium,Gris,69,MCH-05,CNC_STD,2024-04-14 06:52:03,2024-04-14 08:58:26,43.3,done,2024-04-14 09:00:06
OF-2024-00798,ART-S29,Soudure,90.9,Aluminium,Vert,277,MCH-11,ROBOT_CELL,2024-08-05 16:14:15,2024-08-06 05:21:05,142.1,done,2024-08-06 05:23:19
OF-2024-00799,ART-S25,Soudure,151.9,Acier,Bleu,15,MCH-08,MANUAL,2024-05-16 16:06:51,2024-05-16 18:46:17,0.0,done,2024-05-16 18:47:14
OF-2024-00800,ART-F15,Finition,196.8,Titane,Jaune,13,MCH-07,MANUAL,19/03/2024 11:37,19/03/2024 12:21,10.5,done,19/03/2024 12:25
OF-2024-00801,ART-F15,Finition,196.8,Titane,Jaune,78,MCH-08,MANUAL,2024-02-25 11:05:40,2024-02-25 15:23:16,0.0,done,2024-02-25 15:25:25
OF-2024-00802,ART-U16,Usinage,144.1,Aluminium,Noir,48,MCH-02,CNC_FAST,2024-07-07 15:40:57,2024-07-07 16:49:02,0.0,done,2024-07-07 16:51:36
OF-2024-00803,ART-F19,Finition,100.8,Aluminium,Gris,269,MCH-08,MANUAL,2024-06-23 20:32:40,2024-06-24 01:03:32,0.0,done,2024-06-24 01:06:06
OF-2024-00804,ART-A06,Assemblage,21.3,Acier,Noir,277,MCH-07,MANUAL,24/04/2024 21:08,25/04/2024 00:52,0.0,done,25/04/2024 00:53
OF-2024-00805,  ART-U12 ,Usinage,23.0,Titane,Noir,318,MCH-02,CNC_FAST,2024-08-12 14:37:32,2024-08-12 19:49:56,0.0,done,2024-08-12 19:53:52
OF-2024-00806,ART-U28,Usinage,115.2,Aluminium,Bleu,56,MCH-01,CNC_FAST,2024-04-05 19:16:18,2024-04-05 20:20:28,0.0,done,2024-04-05 20:23:23
OF-2024-00807,ART-A22,Assemblage,105.9,Aluminium,Noir,178,MCH-04,CNC_STD,2024-04-21 13:06:12,2024-04-21 16:18:42,0.0,done,2024-04-21 16:19:21
OF-2024-00808,  ART-U08 ,Usinage,22.6,Inox,Noir,173,MCH-03,CNC_STD,2024-04-11 19:36:06,2024-04-11 22:55:45,30.4,done,2024-04-11 22:58:32
OF-2024-00809,  ART-U32 ,Usinage,131.7,Aluminium,Gris,43,MCH-01,CNC_FAST,2024-06-01 09:20:47,2024-06-01 10:24:22,14.4,done,2024-06-01 10:26:19
OF-2024-00810,ART-A10,Assemblage,48.9,Aluminium,Jaune,20,MCH-09,ROBOT_CELL,2024-07-09 13:43:21,2024-07-09 14:01:23,1.4,done,2024-07-09 14:02:30
OF-2024-00811,ART-S25,Soudure,151.9,Acier,Bleu,70,MCH-11,ROBOT_CELL,2024-02-02 20:11:44,2024-02-03 01:53:45,0.0,done,2024-02-03 01:56:43
OF-2024-00812,ART-U28,Usinage,115.2,Aluminium,Bleu,352,MCH-01,CNC_FAST,2024-06-08 10:47:30,2024-06-08 16:05:32,0.0,done,2024-06-08 16:09:01
OF-2024-00813,ART-U12,Usinage,23.0,Titane,Noir,71,MCH-05,CNC_STD,2024-03-29 14:13:20,2024-03-29 16:10:22,0.0,done,2024-03-29 16:12:17
OF-2024-00814,ART-F11,Finition,147.9,Acier,Gris,74,MCH-02,CNC_FAST,2024-02-15 11:45:44,2024-02-15 12:36:28,0.0,done,2024-02-15 12:37:35
OF-2024-00815,  ART-A06 ,Assemblage,21.3,Acier,Noir,189,MCH-03,CNC_STD,2024-02-17 19:48:01,2024-02-17 21:45:56,17.8,done,2024-02-17 21:49:57
OF-2024-00816,ART-U04,Usinage,186.4,Inox,Rouge,21,MCH-05,CNC_STD,2024-04-23 16:52:55,2024-04-23 18:28:18,5.2,done,2024-04-23 18:30:39
OF-2024-00817,ART-A06,Assemblage,21.3,Acier,Noir,35,MCH-06,MANUAL,2024-05-04 18:36:26,2024-05-04 19:13:12,0.0,done,2024-05-04 19:17:56
OF-2024-00818,ART-S25,Soudure,151.9,Acier,Bleu,134,MCH-06,MANUAL,2024-05-03 19:06:17,2024-05-04 08:10:19,0.0,done,2024-05-04 08:13:55
OF-2024-00819,ART-S25,Soudure,151.9,Acier,Bleu,314,MCH-10,ROBOT_CELL,2024-06-13 11:48:07,2024-06-14 04:33:19,0.0,done,2024-06-14 04:38:02
OF-2024-00820,ART-A06,Assemblage,21.3,Acier,Noir,355,MCH-08,MANUAL,2024-02-22 15:28:56,2024-02-22 19:40:03,0.0,done,2024-02-22 19:40:56
OF-2024-00821,ART-F15,Finition,196.8,Titane,Jaune,301,MCH-08,MANUAL,2024-04-07 17:42:43,2024-04-08 06:43:52,270.7,done,2024-04-08 06:45:29
OF-2024-00822,ART-F15,Finition,196.8,Titane,Jaune,40,MCH-08,MANUAL,2024-07-19 06:28:41,,0.0,running,2024-07-19 08:17:47
OF-2024-00823,ART-A06,Assemblage,21.3,Acier,Noir,127,MCH-10,ROBOT_CELL,2024-02-11 18:48:04,2024-02-11 19:39:50,0.0,done,2024-02-11 19:42:14
OF-2024-00824,ART-U28,Usinage,115.2,Aluminium,Bleu,72,MCH-01,CNC_FAST,2024-06-07 19:26:00,2024-06-07 20:34:08,0.0,done,2024-06-07 20:37:33
OF-2024-00825,ART-S33,Soudure,195.1,Inox,Gris,301,MCH-10,ROBOT_CELL,2024-04-01 18:28:37,2024-04-02 17:42:36,0.0,done,2024-04-02 17:47:34
OF-2024-00826,ART-U08,Usinage,22.6,Inox,Noir,23,MCH-03,CNC_STD,2024-07-31 13:14:28,2024-07-31 13:44:36,0.0,done,2024-07-31 13:45:42
OF-2024-00827,ART-F27,Finition,162.2,Titane,Rouge,53,MCH-01,CNC_FAST,2024-06-24 20:35:11,2024-06-24 21:38:31,0.0,done,2024-06-24 21:43:26
OF-2024-00828,ART-F11,Finition,147.9,Acier,Gris,192,MCH-01,CNC_FAST,2024-03-16 07:47:41,2024-03-16 09:30:44,0.0,done,2024-03-16 09:31:50
OF-2024-00829,ART-S33,Soudure,195.1,Inox,Gris,55,MCH-10,ROBOT_CELL,2024-04-29 15:28:44,2024-04-29 19:43:08,0.0,done,2024-04-29 19:44:27
OF-2024-00830,ART-U28,Usinage,115.2,Aluminium,Bleu,31,MCH-01,CNC_FAST,2024-06-10 15:16:15,2024-06-10 16:01:50,0.0,done,2024-06-10 16:02:54
OF-2024-00831,ART-A10,Assemblage,48.9,Aluminium,Jaune,131,MCH-09,ROBOT_CELL,2024-02-04 09:37:40,2024-02-04 11:02:52,0.0,done,2024-02-04 11:04:34
OF-2024-00832,ART-U00,Usinage,184.0,Inox,Jaune,221,MCH-04,CNC_STD,2024-06-21 11:20:59,,0.0,running,2024-06-21 22:09:22
OF-2024-00833,ART-S29,Soudure,90.9,Aluminium,Vert,73,MCH-06,MANUAL,2024-05-19 08:20:08,2024-05-19 12:30:32,28.3,done,2024-05-19 12:31:17
OF-2024-00834,art-f19,Finition,100.8,Aluminium,Gris,66,MCH-06,MANUAL,2024-01-02 06:43:07,2024-01-02 08:10:29,0.0,done,2024-01-02 08:12:13
OF-2024-00835,ART-F19,Finition,100.8,Aluminium,Gris,8,MCH-02,CNC_FAST,2024-05-12 07:16:57,2024-05-12 07:24:16,1.8,done,2024-05-12 07:25:00
OF-2024-00836,ART-S13,Soudure,74.7,Acier,Jaune,67,MCH-07,MANUAL,22/08/2024 14:10,22/08/2024 20:40,0.0,done,22/08/2024 20:44
OF-2024-00837,ART-U24,Usinage,173.0,Aluminium,Vert,53,MCH-03,CNC_STD,2024-02-05 15:46:34,2024-02-05 18:03:25,12.7,done,2024-02-05 18:04:04
OF-2024-00838,ART-A26,Assemblage,183.1,Inox,Rouge,253,MCH-06,MANUAL,2024-07-11 12:16:10,2024-07-12 00:38:58,0.0,done,2024-07-12 00:42:05
OF-2024-00839,ART-F11-MM,Finition,147.9,Acier,Gris,69,MCH-01,CNC_FAST,2024-03-31 07:12:36,2024-03-31 08:06:20,4.2,done,2024-03-31 08:07:49
OF-2024-00840,ART-F27,Finition,162.2,Titane,Rouge,39,MCH-01,CNC_FAST,2024-05-31 17:29:49,2024-05-31 18:16:01,0.0,done,2024-05-31 18:19:44
OF-2024-00841,ART-U28,Usinage,115.2,Aluminium,Bleu,14,MCH-02,CNC_FAST,2024-07-25 17:53:09,2024-07-25 18:21:56,0.0,done,2024-07-25 18:26:04
OF-2024-00842,ART-F15,Finition,196.8,Titane,Jaune,302,MCH-07,MANUAL,11/07/2024 16:48,12/07/2024 04:00,77.4,done,12/07/2024 04:02
OF-2024-00843,ART-F11,Finition,147.9,Acier,Gris,70,MCH-07,MANUAL,13/08/2024 16:11,13/08/2024 17:57,0.0,done,13/08/2024 18:00
OF-2024-00844,ART-F15,Finition,196.8,Titane,Jaune,122,MCH-06,MANUAL,2024-08-24 19:45:51,2024-08-25 01:07:03,0.0,done,2024-08-25 01:08:53
OF-2024-00845,ART-F19,Finition,100.8,Aluminium,Gris,35,MCH-07,MANUAL,08/08/2024 21:54,08/08/2024 22:34,0.0,done,08/08/2024 22:39
OF-2024-00846,ART-S29,Soudure,90.9,Aluminium,Vert,65,MCH-11,ROBOT_CELL,2024-05-24 14:52:04,2024-05-24 17:05:43,0.0,done,2024-05-24 17:08:47
OF-2024-00847,ART-S29,Soudure,90.9,Aluminium,Vert,72,MCH-10,ROBOT_CELL,2024-01-15 14:05:03,2024-01-15 17:33:40,0.0,done,2024-01-15 17:38:34
OF-2024-00848,ART-U04,Usinage,186.4,Inox,Rouge,273,MCH-03,CNC_STD,2024-02-24 10:40:28,2024-02-25 03:36:11,236.9,done,2024-02-25 03:39:36
OF-2024-00849,ART-S25,Soudure,151.9,Acier,Bleu,391,MCH-10,ROBOT_CELL,2024-06-27 11:45:26,2024-06-28 13:14:23,217.2,done,2024-06-28 13:17:09
OF-2024-00850,ART-S25,Soudure,151.9,Acier,Bleu,49,MCH-10,ROBOT_CELL,2024-06-23 08:23:04,2024-06-23 11:27:50,0.0,done,2024-06-23 11:32:06
OF-2024-00851,ART-U28,Usinage,115.2,Aluminium,Bleu,77,MCH-04,CNC_STD,2024-01-12 19:13:46,2024-01-12 21:23:31,0.0,done,2024-01-12 21:25:54
OF-2024-00852,ART-A26,Assemblage,183.1,Inox,Rouge,111,MCH-05,CNC_STD,2024-04-03 14:57:00,2024-04-03 18:18:24,0.0,done,2024-04-03 18:21:54
OF-2024-00853,ART-A22,Assemblage,105.9,Aluminium,Noir,15,MCH-10,ROBOT_CELL,2024-02-07 12:00:59,2024-02-07 12:24:07,6.2,done,2024-02-07 12:24:38
OF-2024-00854,ART-A06,Assemblage,21.3,Acier,Noir,330,MCH-09,ROBOT_CELL,2024-04-08 06:11:56,2024-04-08 08:11:54,0.0,done,2024-04-08 08:13:12
OF-2024-00855,ART-F31,Finition,25.3,Inox,Gris,19,MCH-08,MANUAL,2024-05-15 06:07:45,2024-05-15 06:33:00,0.0,done,2024-05-15 06:35:32
OF-2024-00856,ART-U20-MM,Usinage,23.4,Titane,Rouge,79,MCH-05,CNC_STD,2024-02-01 15:18:29,2024-02-01 18:09:20,0.0,done,2024-02-01 18:10:41
OF-2024-00857,ART-S25,Soudure,151.9,Acier,Bleu,57,MCH-06,MANUAL,2024-08-29 19:29:58,2024-08-30 03:01:47,51.2,done,2024-08-30 03:05:22
OF-2024-00858,ART-A02,Assemblage,36.9,Aluminium,Vert,38,MCH-05,CNC_STD,2024-02-10 18:15:25,2024-02-10 18:44:08,9.3,done,2024-02-10 18:47:56
OF-2024-00859,ART-A14,Assemblage,190.7,Acier,Noir,27,MCH-10,ROBOT_CELL,2024-06-02 17:17:53,2024-06-02 18:07:11,12.7,done,2024-06-02 18:10:37
OF-2024-00860,ART-F15,Finition,196.8,Titane,Jaune,80,MCH-06,MANUAL,2024-05-08 17:49:25,2024-05-08 21:17:56,55.8,done,2024-05-08 21:19:53
OF-2024-00861,art-f19,Finition,100.8,Aluminium,Gris,21,MCH-02,CNC_FAST,2024-05-28 14:38:31,2024-05-28 14:56:16,0.0,done,2024-05-28 14:57:08
OF-2024-00862,ART-S33,Soudure,195.1,Inox,Gris,33,MCH-10,ROBOT_CELL,2024-01-03 19:35:47,2024-01-04 00:33:34,0.0,done,2024-01-04 00:35:38
OF-2024-00863,ART-F27,Finition,162.2,Titane,Rouge,125,MCH-08,MANUAL,2024-05-10 19:22:46,2024-05-10 23:20:41,0.0,done,2024-05-10 23:24:07
OF-2024-00864,ART-U12,Usinage,23.0,Titane,Noir,5,MCH-04,CNC_STD,2024-01-07 11:09:22,2024-01-07 11:29:00,1.9,done,2024-01-07 11:32:53
OF-2024-00865,ART-U32,Usinage,131.7,Aluminium,Gris,366,MCH-02,CNC_FAST,2024-08-31 12:47:05,2024-08-31 21:33:52,0.0,done,2024-08-31 21:37:17
OF-2024-00866,ART-F15,Finition,196.8,Titane,Jaune,22,MCH-07,MANUAL,04/03/2024 12:53,04/03/2024 14:00,0.0,done,04/03/2024 14:04
OF-2024-00867,ART-A22,Assemblage,105.9,Aluminium,Noir,67,MCH-09,ROBOT_CELL,2024-08-15 12:35:39,2024-08-15 13:53:36,0.0,done,2024-08-15 13:54:35
OF-2024-00868,ART-F19,Finition,100.8,Aluminium,Gris,227,MCH-01,CNC_FAST,2024-04-25 17:39:46,2024-04-25 19:13:41,0.0,done,2024-04-25 19:14:50
OF-2024-00869,ART-S33,Soudure,195.1,Inox,Gris,64,MCH-12,ROBOT_CELL,2024-05-26 11:40:14,2024-05-26 17:20:17,0.0,done,2024-05-26 17:22:34
OF-2024-00870,ART-S05,Soudure,38.9,Acier,Vert,41,MCH-09,ROBOT_CELL,2024-04-13 09:40:29,2024-04-13 11:26:08,0.0,done,2024-04-13 11:27:15
OF-2024-00871,ART-A26,Assemblage,183.1,Inox,Rouge,31,MCH-09,ROBOT_CELL,2024-03-31 11:29:39,2024-03-31 12:27:31,0.0,done,2024-03-31 12:28:43
OF-2024-00872,ART-A06,Assemblage,21.3,Acier,Noir,27,MCH-07,MANUAL,12/07/2024 14:15,12/07/2024 14:43,5.8,done,12/07/2024 14:44
OF-2024-00873,ART-U08,Usinage,22.6,Inox,Noir,8,MCH-04,CNC_STD,2024-02-03 07:13:25,,0.0,running,2024-02-03 07:39:52
OF-2024-00874,ART-S33,Soudure,195.1,Inox,Gris,350,MCH-09,ROBOT_CELL,2024-04-17 07:38:47,2024-04-18 13:05:56,0.0,done,2024-04-18 13:08:24
OF-2024-00875,ART-U28,Usinage,115.2,Aluminium,Bleu,20,MCH-01,CNC_FAST,2024-04-30 20:17:19,2024-04-30 20:50:44,0.0,done,2024-04-30 20:53:31
OF-2024-00876,  ART-U16 ,Usinage,144.1,Aluminium,Noir,15,MCH-03,CNC_STD,2024-04-27 19:13:15,2024-04-27 19:58:40,15.6,done,2024-04-27 20:03:21
OF-2024-00877,ART-S13,Soudure,74.7,Acier,Jaune,20,MCH-07,MANUAL,07/02/2024 07:19,07/02/2024 09:21,21.8,done,07/02/2024 09:24
OF-2024-00878,ART-U28,Usinage,115.2,Aluminium,Bleu,41,MCH-01,CNC_FAST,2024-07-21 12:46:33,2024-07-21 13:35:21,6.8,done,2024-07-21 13:38:35
OF-2024-00879,ART-S05,Soudure,38.9,Acier,Vert,180,MCH-10,ROBOT_CELL,2024-07-13 14:55:44,2024-07-13 19:11:50,0.0,done,2024-07-13 19:12:38
OF-2024-00880,ART-U04,Usinage,186.4,Inox,Rouge,25,MCH-03,CNC_STD,2024-05-25 16:31:45,2024-05-25 18:15:58,0.0,done,2024-05-25 18:17:56
OF-2024-00881,ART-S25,Soudure,151.9,Acier,Bleu,18,MCH-11,ROBOT_CELL,2024-08-08 12:02:14,2024-08-08 13:55:23,31.3,done,2024-08-08 13:56:01
OF-2024-00882,ART-F15,Finition,196.8,Titane,Jaune,123,MCH-01,CNC_FAST,2024-07-05 19:28:20,2024-07-05 22:12:04,0.0,done,2024-07-05 22:16:18
OF-2024-00883,ART-F15,Finition,196.8,Titane,Jaune,71,MCH-08,MANUAL,2024-04-17 11:07:34,,0.0,running,2024-04-17 14:21:08
OF-2024-00884,ART-A22,Assemblage,105.9,Aluminium,Noir,317,MCH-04,CNC_STD,2024-05-04 14:14:19,2024-05-04 18:08:08,16.7,done,2024-05-04 18:10:56
OF-2024-00885,ART-F15,Finition,196.8,Titane,Jaune,35,MCH-07,MANUAL,11/06/2024 17:51,,0.0,aborted,11/06/2024 19:50
OF-2024-00886,ART-A30,Assemblage,130.4,Acier,Gris,42,MCH-11,ROBOT_CELL,2024-08-08 08:04:34,,0.0,aborted,2024-08-08 09:09:39
OF-2024-00887,ART-U24,Usinage,173.0,Aluminium,Vert,39,MCH-02,CNC_FAST,2024-07-03 12:46:54,2024-07-03 13:46:05,16.0,done,2024-07-03 13:50:16
OF-2024-00888,ART-A26,Assemblage,183.1,Inox,Rouge,41,MCH-11,ROBOT_CELL,2024-04-24 20:29:59,2024-04-24 21:56:32,23.8,done,2024-04-24 21:59:40
OF-2024-00889,ART-U28,Usinage,115.2,Aluminium,Bleu,64,MCH-02,CNC_FAST,2024-04-28 09:19:09,2024-04-28 10:41:16,0.0,done,2024-04-28 10:45:01
OF-2024-00890,ART-F27,Finition,162.2,Titane,Rouge,30,MCH-08,MANUAL,2024-03-07 14:55:00,2024-03-07 16:02:45,0.0,done,2024-03-07 16:03:20
OF-2024-00891,ART-U08,Usinage,22.6,Inox,Noir,137,MCH-01,CNC_FAST,2024-03-29 08:38:20,2024-03-29 10:28:06,20.3,done,2024-03-29 10:28:38
OF-2024-00892,ART-F27,Finition,162.2,Titane,Rouge,5,MCH-08,MANUAL,2024-01-28 14:21:52,2024-01-28 14:48:25,7.6,done,2024-01-28 14:50:55
OF-2024-00893,  ART-U20 ,Usinage,23.4,Titane,Rouge,185,MCH-01,CNC_FAST,2024-05-04 12:32:06,2024-05-04 15:47:42,20.8,done,2024-05-04 15:50:56
OF-2024-00894,art-a06,Assemblage,21.3,Acier,Noir,42,MCH-07,MANUAL,06/07/2024 18:44,06/07/2024 19:24,0.0,done,06/07/2024 19:26
OF-2024-00895,ART-F15,Finition,196.8,Titane,Jaune,190,MCH-08,MANUAL,2024-01-23 13:58:14,,0.0,aborted,2024-01-23 22:54:02
OF-2024-00896,  ART-U16 ,Usinage,144.1,Aluminium,Noir,74,MCH-03,CNC_STD,2024-02-18 15:13:16,2024-02-18 17:37:19,28.4,done,2024-02-18 17:39:14
OF-2024-00897,ART-F19,Finition,100.8,Aluminium,Gris,55,MCH-01,CNC_FAST,2024-08-14 09:40:56,2024-08-14 10:15:50,0.0,done,2024-08-14 10:18:11
OF-2024-00898,ART-U12,Usinage,23.0,Titane,Noir,75,MCH-04,CNC_STD,2024-01-20 16:53:20,2024-01-20 18:57:34,10.2,done,2024-01-20 18:58:10
OF-2024-00899,ART-S13,Soudure,74.7,Acier,Jaune,49,MCH-06,MANUAL,2024-05-19 21:57:50,2024-05-20 02:29:48,67.9,done,2024-05-20 02:32:42
OF-2024-00900,ART-A06,Assemblage,21.3,Acier,Noir,65,MCH-11,ROBOT_CELL,2024-03-18 17:39:43,2024-03-18 18:13:25,0.0,done,2024-03-18 18:16:48
OF-2024-00901,ART-A06,Assemblage,21.3,Acier,Noir,67,MCH-05,CNC_STD,2024-05-17 08:28:34,2024-05-17 09:09:59,0.0,done,2024-05-17 09:14:46
OF-2024-00902,ART-U28,Usinage,115.2,Aluminium,Bleu,49,MCH-01,CNC_FAST,2024-06-01 20:43:10,2024-06-01 21:40:53,13.1,done,2024-06-01 21:45:08
OF-2024-00903,ART-A26,Assemblage,183.1,Inox,Rouge,55,MCH-05,CNC_STD,2024-03-26 16:48:16,2024-03-26 18:40:19,0.0,done,2024-03-26 18:43:44
OF-2024-00904,ART-U32,Usinage,131.7,Aluminium,Gris,51,MCH-04,CNC_STD,2024-02-21 14:55:34,2024-02-21 16:40:21,0.0,done,2024-02-21 16:44:08
OF-2024-00905,ART-U20,Usinage,23.4,Titane,Rouge,116,MCH-03,CNC_STD,2024-04-23 07:06:08,2024-04-23 09:56:46,0.0,done,2024-04-23 10:01:22
OF-2024-00906,ART-F31,Finition,25.3,Inox,Gris,64,MCH-02,CNC_FAST,2024-06-27 08:33:28,2024-06-27 09:02:55,3.1,done,2024-06-27 09:06:35
OF-2024-00907,ART-A26,Assemblage,183.1,Inox,Rouge,28,MCH-07,MANUAL,25/03/2024 14:28,25/03/2024 16:04,16.4,done,25/03/2024 16:08
OF-2024-00908,ART-S13,Soudure,74.7,Acier,Jaune,47,MCH-11,ROBOT_CELL,2024-08-29 17:50:39,2024-08-29 20:35:34,0.0,done,2024-08-29 20:37:30
OF-2024-00909,ART-F39,Finition,157.5,Titane,Jaune,184,MCH-06,MANUAL,2024-07-29 11:49:31,2024-07-29 18:53:03,0.0,done,2024-07-29 18:55:32
OF-2024-00910,ART-U00,Usinage,184.0,Inox,Jaune,194,MCH-02,CNC_FAST,2024-08-12 06:58:31,2024-08-12 14:45:42,0.0,done,2024-08-12 14:48:02
OF-2024-00911,ART-A26,Assemblage,183.1,Inox,Rouge,25,MCH-12,ROBOT_CELL,2024-08-12 10:09:13,2024-08-12 10:58:22,0.0,done,2024-08-12 11:01:36
OF-2024-00912,ART-U20-MM,Usinage,23.4,Titane,Rouge,63,MCH-01,CNC_FAST,2024-05-20 13:01:05,2024-05-20 14:40:41,28.6,done,2024-05-20 14:44:56
OF-2024-00913,ART-U04,Usinage,186.4,Inox,Rouge,69,MCH-04,CNC_STD,2024-08-17 12:43:06,2024-08-17 17:29:24,49.5,done,2024-08-17 17:31:12
OF-2024-00914,  ART-U08 ,Usinage,22.6,Inox,Noir,11,MCH-05,CNC_STD,2024-08-15 11:37:39,2024-08-15 12:05:25,0.0,done,2024-08-15 12:09:31
OF-2024-00915,ART-U16,Usinage,144.1,Aluminium,Noir,18,MCH-02,CNC_FAST,2024-03-07 20:32:05,2024-03-07 21:08:11,0.0,done,2024-03-07 21:08:56
OF-2024-00916,ART-A26,Assemblage,183.1,Inox,Rouge,14,MCH-04,CNC_STD,2024-05-23 17:57:52,2024-05-23 18:38:56,7.6,done,2024-05-23 18:41:54
OF-2024-00917,art-a06,Assemblage,21.3,Acier,Noir,313,MCH-05,CNC_STD,2024-05-12 12:31:30,2024-05-12 14:41:37,11.6,done,2024-05-12 14:42:58
OF-2024-00918,ART-U16,Usinage,144.1,Aluminium,Noir,50,MCH-01,CNC_FAST,2024-08-14 06:15:37,2024-08-14 07:42:59,0.0,done,2024-08-14 07:47:34
OF-2024-00919,ART-U28,Usinage,115.2,Aluminium,Bleu,7,MCH-03,CNC_STD,2024-07-27 15:05:04,,0.0,aborted,2024-07-27 15:34:23
OF-2024-00920,ART-S01,Soudure,191.3,Titane,Bleu,375,MCH-07,MANUAL,17/06/2024 14:46,19/06/2024 15:29,0.0,done,19/06/2024 15:31
OF-2024-00921,ART-F15,Finition,196.8,Titane,Jaune,143,MCH-07,MANUAL,24/06/2024 08:33,24/06/2024 14:37,0.0,done,24/06/2024 14:41
OF-2024-00922,ART-S33,Soudure,195.1,Inox,Gris,8,MCH-07,MANUAL,12/07/2024 09:12,12/07/2024 10:59,0.0,done,12/07/2024 11:00
OF-2024-00923,ART-F15,Finition,196.8,Titane,Jaune,72,MCH-01,CNC_FAST,2024-01-12 18:36:56,2024-01-12 20:25:33,20.9,done,2024-01-12 20:26:11
OF-2024-00924,ART-S29,Soudure,90.9,Aluminium,Vert,348,MCH-08,MANUAL,2024-08-14 07:32:31,2024-08-15 06:49:10,0.0,done,2024-08-15 06:50:12
OF-2024-00925,ART-F07,Finition,147.0,Acier,Gris,73,MCH-07,MANUAL,22/06/2024 09:01,22/06/2024 10:33,0.0,done,22/06/2024 10:37
OF-2024-00926,ART-A06,Assemblage,21.3,Acier,Noir,284,MCH-03,CNC_STD,2024-06-30 13:06:39,2024-06-30 15:31:05,0.0,done,2024-06-30 15:32:12
OF-2024-00927,ART-A06,Assemblage,21.3,Acier,Noir,54,MCH-06,MANUAL,2024-07-05 11:20:39,2024-07-05 12:13:59,12.7,done,2024-07-05 12:17:17
OF-2024-00928,ART-U28,Usinage,115.2,Aluminium,Bleu,8,MCH-01,CNC_FAST,2024-08-05 17:18:46,2024-08-05 17:42:04,0.0,done,2024-08-05 17:45:27
OF-2024-00929,ART-U00,Usinage,184.0,Inox,Jaune,30,MCH-04,CNC_STD,2024-08-04 12:19:10,2024-08-04 14:18:46,7.6,done,2024-08-04 14:22:26
OF-2024-00930,art-f19,Finition,100.8,Aluminium,Gris,45,MCH-02,CNC_FAST,2024-04-22 12:14:41,2024-04-22 12:39:09,0.0,done,2024-04-22 12:42:33
OF-2024-00931,ART-A10,Assemblage,48.9,Aluminium,Jaune,7,MCH-06,MANUAL,2024-01-25 20:53:46,2024-01-25 21:18:18,5.3,done,2024-01-25 21:19:49
OF-2024-00932,ART-S05,Soudure,38.9,Acier,Vert,65,MCH-09,ROBOT_CELL,2024-06-18 08:55:29,2024-06-18 10:17:03,10.7,done,2024-06-18 10:18:17
OF-2024-00933,ART-S33,Soudure,195.1,Inox,Gris,143,MCH-07,MANUAL,18/06/2024 21:47,20/06/2024 00:00,0.0,done,20/06/2024 00:04
OF-2024-00934,ART-U16,Usinage,144.1,Aluminium,Noir,43,MCH-02,CNC_FAST,2024-08-19 12:06:07,2024-08-19 13:24:20,14.7,done,2024-08-19 13:26:05
OF-2024-00935,ART-A18,Assemblage,15.6,Inox,Rouge,21,MCH-11,ROBOT_CELL,2024-01-20 21:01:32,2024-01-20 21:20:45,0.0,done,2024-01-20 21:21:54
OF-2024-00936,ART-U08,Usinage,22.6,Inox,Noir,69,MCH-01,CNC_FAST,2024-02-27 10:50:08,2024-02-27 10:50:08,0.0,done,2024-02-27 11:52:15
OF-2024-00937,ART-U28,Usinage,115.2,Aluminium,Bleu,12,MCH-04,CNC_STD,2024-06-24 07:42:37,2024-06-24 08:20:20,12.7,done,2024-06-24 08:25:13
OF-2024-00938,ART-S25,Soudure,151.9,Acier,Bleu,71,MCH-09,ROBOT_CELL,2024-01-17 07:47:29,2024-01-17 13:14:29,62.4,done,2024-01-17 13:16:50
OF-2024-00939,ART-F11,Finition,147.9,Acier,Gris,16,MCH-06,MANUAL,2024-06-11 20:49:41,2024-06-11 21:21:47,1.7,done,2024-06-11 21:23:27
OF-2024-00940,ART-A22,Assemblage,105.9,Aluminium,Noir,224,MCH-05,CNC_STD,2024-07-17 09:57:24,2024-07-17 12:42:35,36.6,done,2024-07-17 12:44:34
OF-2024-00941,ART-S33,Soudure,195.1,Inox,Gris,43,MCH-09,ROBOT_CELL,2024-04-14 15:55:51,2024-04-14 20:13:59,45.7,done,2024-04-14 20:14:54
OF-2024-00942,ART-U20,Usinage,23.4,Titane,Rouge,64,MCH-01,CNC_FAST,2024-04-04 13:24:16,2024-04-04 14:33:48,13.8,done,2024-04-04 14:35:47
OF-2024-00943,ART-S29,Soudure,90.9,Aluminium,Vert,125,MCH-06,MANUAL,2024-01-02 19:42:59,2024-01-03 05:44:16,137.0,done,2024-01-03 05:46:16
OF-2024-00944,ART-U12,Usinage,23.0,Titane,Noir,77,MCH-01,CNC_FAST,2024-05-29 18:54:00,2024-05-29 20:12:57,7.6,done,2024-05-29 20:14:04
OF-2024-00945,ART-A02,Assemblage,36.9,Aluminium,Vert,23,MCH-04,CNC_STD,2024-05-10 14:11:21,2024-05-10 14:34:31,0.0,done,2024-05-10 14:35:53
OF-2024-00946,ART-S21,Soudure,45.5,Inox,Vert,49,MCH-07,MANUAL,19/03/2024 13:42,19/03/2024 17:57,0.0,done,19/03/2024 18:01
OF-2024-00947,ART-U12-MM,Usinage,23.0,Titane,Noir,277,MCH-05,CNC_STD,2024-02-09 10:02:52,2024-02-09 15:59:13,41.2,done,2024-02-09 16:00:17
OF-2024-00948,ART-S33,Soudure,195.1,Inox,Gris,39,MCH-07,MANUAL,24/06/2024 13:48,24/06/2024 19:08,28.7,done,24/06/2024 19:11
OF-2024-00949,ART-U24,Usinage,173.0,Aluminium,Vert,198,MCH-04,CNC_STD,2024-07-26 17:36:48,2024-07-27 00:21:43,0.0,done,2024-07-27 00:26:30
OF-2024-00950,ART-A26,Assemblage,183.1,Inox,Rouge,16,MCH-05,CNC_STD,2024-07-16 10:14:13,2024-07-16 10:55:14,0.0,done,2024-07-16 10:57:20
OF-2024-00951,ART-U16,Usinage,144.1,Aluminium,Noir,74,MCH-03,CNC_STD,2024-02-19 17:26:15,2024-02-19 19:52:05,12.9,done,2024-02-19 19:52:44
OF-2024-00952,ART-A22,Assemblage,105.9,Aluminium,Noir,5,MCH-04,CNC_STD,2024-05-03 09:03:18,2024-05-03 09:24:31,0.0,done,2024-05-03 09:28:28
OF-2024-00953,ART-F31,Finition,25.3,Inox,Gris,239,MCH-06,MANUAL,2024-06-26 16:53:45,2024-06-26 16:53:45,0.0,done,2024-06-26 19:15:51
OF-2024-00954,ART-U08,Usinage,22.6,Inox,Noir,380,MCH-03,CNC_STD,2024-01-07 09:21:03,2024-01-07 16:18:19,0.0,done,2024-01-07 16:20:50
OF-2024-00955,ARTU32,Usinage,131.7,Aluminium,Gris,21,MCH-04,CNC_STD,2024-07-15 18:55:31,2024-07-15 19:48:25,0.0,done,2024-07-15 19:49:20
OF-2024-00956,ART-S21,Soudure,45.5,Inox,Vert,38,MCH-10,ROBOT_CELL,2024-01-09 09:28:44,2024-01-09 11:10:43,29.5,done,2024-01-09 11:14:51
OF-2024-00957,ART-A06,Assemblage,21.3,Acier,Noir,46,MCH-07,MANUAL,19/06/2024 16:20,19/06/2024 17:00,0.0,done,19/06/2024 17:02
OF-2024-00958,ART-U24,Usinage,173.0,Aluminium,Vert,201,MCH-01,CNC_FAST,2024-08-11 12:52:54,2024-08-11 17:55:10,79.1,done,2024-08-11 17:57:28
OF-2024-00959,ART-A06,Assemblage,21.3,Acier,Noir,68,MCH-03,CNC_STD,2024-07-03 13:56:40,2024-07-03 14:49:02,0.0,done,2024-07-03 14:51:37
OF-2024-00960,ART-U16,Usinage,144.1,Aluminium,Noir,374,MCH-04,CNC_STD,2024-04-12 19:05:20,2024-04-13 06:27:16,0.0,done,2024-04-13 06:29:24
OF-2024-00961,ART-S29,Soudure,90.9,Aluminium,Vert,30,MCH-07,MANUAL,18/05/2024 11:20,18/05/2024 14:09,0.0,done,18/05/2024 14:10
OF-2024-00962,ART-A10,Assemblage,48.9,Aluminium,Jaune,22,MCH-07,MANUAL,07/06/2024 15:51,07/06/2024 16:37,11.6,done,07/06/2024 16:39
OF-2024-00963,art-u08,Usinage,22.6,Inox,Noir,21,MCH-01,CNC_FAST,2024-05-11 21:56:30,2024-05-11 22:17:52,0.0,done,2024-05-11 22:22:40
OF-2024-00964,ART-F03,Finition,55.9,Titane,Jaune,58,MCH-01,CNC_FAST,2024-06-24 14:39:09,2024-06-24 15:23:20,0.0,done,2024-06-24 15:24:54
OF-2024-00965,ART-F27,Finition,162.2,Titane,Rouge,80,MCH-02,CNC_FAST,2024-05-09 07:29:08,2024-05-09 08:57:53,0.0,done,2024-05-09 08:59:32
OF-2024-00966,ART-U00,Usinage,184.0,Inox,Jaune,117,MCH-01,CNC_FAST,2024-08-07 06:20:57,2024-08-07 11:11:01,0.0,done,2024-08-07 11:15:59
OF-2024-00967,ART-U04,Usinage,186.4,Inox,Rouge,63,MCH-02,CNC_FAST,2024-03-12 10:53:01,2024-03-12 14:53:51,25.7,done,2024-03-12 14:57:06
OF-2024-00968,ARTU20,Usinage,23.4,Titane,Rouge,30,MCH-02,CNC_FAST,2024-03-17 06:33:46,2024-03-17 07:18:54,6.4,done,2024-03-17 07:22:46
OF-2024-00969,ART-U24,Usinage,173.0,Aluminium,Vert,33,MCH-04,CNC_STD,2024-03-06 06:20:10,2024-03-06 07:23:40,9.5,done,2024-03-06 07:27:36
OF-2024-00970,ART-A10,Assemblage,48.9,Aluminium,Jaune,23,MCH-06,MANUAL,2024-08-14 10:41:23,2024-08-14 11:26:48,8.5,done,2024-08-14 11:29:17
OF-2024-00971,ART-S13,Soudure,74.7,Acier,Jaune,359,MCH-07,MANUAL,23/01/2024 21:16,24/01/2024 21:28,0.0,done,24/01/2024 21:32
OF-2024-00972,ART-S13,Soudure,74.7,Acier,Jaune,380,MCH-10,ROBOT_CELL,2024-07-02 21:23:44,2024-07-03 15:24:29,0.0,done,2024-07-03 15:26:27
OF-2024-00973,ART-U28,Usinage,115.2,Aluminium,Bleu,358,MCH-02,CNC_FAST,2024-08-05 16:33:42,2024-08-05 23:24:34,0.0,done,2024-08-05 23:29:20
OF-2024-00974,ART-S33,Soudure,195.1,Inox,Gris,11,MCH-06,MANUAL,2024-05-17 14:37:32,2024-05-17 16:56:12,0.0,done,2024-05-17 16:58:35
OF-2024-00975,ART-S05,Soudure,38.9,Acier,Vert,45,MCH-10,ROBOT_CELL,2024-04-11 11:59:27,2024-04-11 13:10:34,7.7,done,2024-04-11 13:13:38
OF-2024-00976,ART-U16,Usinage,144.1,Aluminium,Noir,68,MCH-03,CNC_STD,2024-03-01 17:26:17,2024-03-01 20:09:13,0.0,done,2024-03-01 20:09:53
OF-2024-00977,ART-U24,Usinage,173.0,Aluminium,Vert,348,MCH-02,CNC_FAST,2024-03-10 14:09:15,2024-03-10 21:40:41,157.1,done,2024-03-10 21:44:13
OF-2024-00978,ART-U04,Usinage,186.4,Inox,Rouge,9,MCH-03,CNC_STD,2024-03-14 13:10:33,2024-03-14 14:00:31,0.0,done,2024-03-14 14:01:36
OF-2024-00979,  ART-U16 ,Usinage,144.1,Aluminium,Noir,228,MCH-04,CNC_STD,2024-05-23 15:42:03,2024-05-23 22:56:42,0.0,done,2024-05-23 22:57:42
OF-2024-00980,ART-U28,Usinage,115.2,Aluminium,Bleu,50,MCH-03,CNC_STD,2024-08-05 12:44:59,2024-08-05 14:22:30,0.0,done,2024-08-05 14:26:35
OF-2024-00981,ART-U28,Usinage,115.2,Aluminium,Bleu,46,MCH-05,CNC_STD,2024-06-13 12:31:26,2024-06-13 13:54:07,0.0,done,2024-06-13 13:55:11
OF-2024-00982,ART-A18,Assemblage,15.6,Inox,Rouge,15,MCH-04,CNC_STD,2024-07-21 14:44:41,2024-07-21 14:59:15,0.0,done,2024-07-21 15:00:53
OF-2024-00983,ART-S05,Soudure,38.9,Acier,Vert,28,MCH-08,MANUAL,2024-04-29 10:42:59,2024-04-29 11:57:19,0.0,done,2024-04-29 11:58:36
OF-2024-00984,ART-U16,Usinage,144.1,Aluminium,Noir,80,MCH-05,CNC_STD,2024-01-15 14:11:56,2024-01-15 16:56:51,0.0,done,2024-01-15 16:57:55
OF-2024-00985,ART-S29,Soudure,90.9,Aluminium,Vert,64,MCH-07,MANUAL,09/06/2024 20:18,10/06/2024 00:11,70.3,done,10/06/2024 00:14
OF-2024-00986,ART-F27,Finition,162.2,Titane,Rouge,60,MCH-01,CNC_FAST,2024-05-28 18:17:06,2024-05-28 19:26:01,0.0,done,2024-05-28 19:27:18
OF-2024-00987,ART-F27,Finition,162.2,Titane,Rouge,59,MCH-07,MANUAL,02/02/2024 13:59,02/02/2024 16:26,34.9,done,02/02/2024 16:27
OF-2024-00988,ART-S21,Soudure,45.5,Inox,Vert,56,MCH-09,ROBOT_CELL,2024-01-25 10:21:24,,0.0,running,2024-01-25 12:37:19
OF-2024-00989,ART-U28,Usinage,115.2,Aluminium,Bleu,381,MCH-02,CNC_FAST,2024-06-11 12:56:03,2024-06-11 18:01:19,19.5,done,2024-06-11 18:05:29
OF-2024-00990,ART-S29,Soudure,90.9,Aluminium,Vert,49,MCH-08,MANUAL,2024-04-04 06:47:31,2024-04-04 11:03:24,0.0,done,2024-04-04 11:06:22
OF-2024-00991,ART-U28,Usinage,115.2,Aluminium,Bleu,64,MCH-01,CNC_FAST,2024-03-08 10:52:57,2024-03-08 12:09:56,0.0,done,2024-03-08 12:11:33
OF-2024-00992,ART-U24,Usinage,173.0,Aluminium,Vert,386,MCH-02,CNC_FAST,2024-04-11 18:00:11,2024-04-12 01:29:52,126.5,done,2024-04-12 01:34:43
OF-2024-00993,ART-A38,Assemblage,165.3,Titane,Noir,10,MCH-12,ROBOT_CELL,2024-08-17 11:29:51,2024-08-17 12:07:16,0.0,done,2024-08-17 12:09:18
OF-2024-00994,ART-F03,Finition,55.9,Titane,Jaune,162,MCH-01,CNC_FAST,2024-07-21 14:20:13,2024-07-21 16:05:38,0.0,done,2024-07-21 16:06:28
OF-2024-00995,ART-U00,Usinage,184.0,Inox,Jaune,14,MCH-05,CNC_STD,2024-03-19 13:22:38,2024-03-19 14:31:51,0.0,done,2024-03-19 14:36:30
OF-2024-00996,  ART-U32 ,Usinage,131.7,Aluminium,Gris,70,MCH-04,CNC_STD,2024-03-23 10:13:52,2024-03-24 10:18:07,0.0,done,2024-03-24 10:21:37
OF-2024-00997,ART-S25,Soudure,151.9,Acier,Bleu,67,MCH-06,MANUAL,2024-06-11 12:48:03,2024-06-11 20:11:58,0.0,done,2024-06-11 20:16:08
OF-2024-00998,art-u16,Usinage,144.1,Aluminium,Noir,46,MCH-02,CNC_FAST,2024-05-28 21:46:42,2024-05-28 23:05:11,0.0,done,2024-05-28 23:07:07
OF-2024-00999,ART-S21,Soudure,45.5,Inox,Vert,9,MCH-07,MANUAL,12/05/2024 09:26,12/05/2024 10:25,0.0,done,12/05/2024 10:29
OF-2024-01000,ART-S33,Soudure,195.1,Inox,Gris,273,MCH-12,ROBOT_CELL,2024-07-22 10:55:04,2024-07-23 09:24:48,0.0,done,2024-07-23 09:27:39
OF-2024-01001,ART-S13,Soudure,74.7,Acier,Jaune,48,MCH-10,ROBOT_CELL,2024-04-22 21:47:38,2024-04-23 00:15:41,36.5,done,2024-04-23 00:17:52
OF-2024-01002,ART-U16,Usinage,144.1,Aluminium,Noir,74,MCH-01,CNC_FAST,2024-08-02 10:19:46,2024-08-02 12:05:16,0.0,done,2024-08-02 12:07:38
OF-2024-01003,ART-F15,Finition,196.8,Titane,Jaune,35,MCH-02,CNC_FAST,2024-05-05 16:03:48,2024-05-05 17:13:31,0.0,done,2024-05-05 17:18:09
OF-2024-01004,ART-U28,Usinage,115.2,Aluminium,Bleu,174,MCH-04,CNC_STD,2024-04-01 17:49:18,2024-04-02 22:01:55,196.4,done,2024-04-02 22:03:29
OF-2024-01005,ARTA06,Assemblage,21.3,Acier,Noir,26,MCH-07,MANUAL,22/08/2024 15:34,22/08/2024 16:05,0.0,done,22/08/2024 16:05
OF-2024-01006,ART-S29,Soudure,90.9,Aluminium,Vert,16,MCH-09,ROBOT_CELL,2024-01-01 21:02:52,2024-01-01 22:22:28,0.0,done,2024-01-01 22:23:46
OF-2024-01007,ART-F19,Finition,100.8,Aluminium,Gris,386,MCH-08,MANUAL,2024-06-06 10:05:35,2024-06-06 14:56:41,0.0,done,2024-06-06 15:01:26
OF-2024-01008,ART-U32,Usinage,131.7,Aluminium,Gris,66,MCH-03,CNC_STD,2024-03-11 15:08:36,2024-03-11 17:42:11,0.0,done,2024-03-11 17:46:37
OF-2024-01009,ART-U16,Usinage,144.1,Aluminium,Noir,44,MCH-01,CNC_FAST,2024-02-08 06:51:26,2024-02-08 08:00:40,0.0,done,2024-02-08 08:03:03
OF-2024-01010,ART-U24,Usinage,173.0,Aluminium,Vert,52,MCH-03,CNC_STD,2024-05-25 09:06:50,2024-05-25 11:18:07,0.0,done,2024-05-25 11:21:39
OF-2024-01011,  ART-A06 ,Assemblage,21.3,Acier,Noir,65,MCH-10,ROBOT_CELL,2024-04-18 15:13:29,2024-04-18 15:49:19,0.0,done,2024-04-18 15:50:10
OF-2024-01012,ART-A06,Assemblage,21.3,Acier,Noir,378,MCH-05,CNC_STD,2024-05-12 06:12:22,2024-05-12 09:23:18,0.0,done,2024-05-12 09:26:15
OF-2024-01013,ART-A26,Assemblage,183.1,Inox,Rouge,73,MCH-04,CNC_STD,2024-02-14 16:06:43,2024-02-14 18:29:45,0.0,done,2024-02-14 18:30:43
OF-2024-01014,ART-S25,Soudure,151.9,Acier,Bleu,28,MCH-08,MANUAL,2024-06-11 07:47:27,,38.0,running,2024-06-11 11:28:55
OF-2024-01015,ART-A06,Assemblage,21.3,Acier,Noir,5,MCH-07,MANUAL,25/07/2024 09:48,25/07/2024 10:02,0.0,done,25/07/2024 10:06
OF-2024-01016,ART-U32,Usinage,131.7,Aluminium,Gris,34,MCH-03,CNC_STD,2024-05-24 15:44:54,2024-05-24 17:03:08,12.8,done,2024-05-24 17:03:53
OF-2024-01017,  ART-F11 ,Finition,147.9,Acier,Gris,313,MCH-07,MANUAL,13/03/2024 21:11,14/03/2024 03:53,0.0,done,14/03/2024 03:55
OF-2024-01018,ART-U04,Usinage,186.4,Inox,Rouge,193,MCH-03,CNC_STD,2024-04-01 06:32:28,2024-04-01 20:51:28,0.0,done,2024-04-01 20:53:09
OF-2024-01019,ART-U28,Usinage,115.2,Aluminium,Bleu,28,MCH-04,CNC_STD,2024-06-02 13:43:06,2024-06-02 14:42:00,11.7,done,2024-06-02 14:46:10
OF-2024-01020,ART-U16,Usinage,144.1,Aluminium,Noir,381,MCH-02,CNC_FAST,2024-04-29 21:25:44,,56.2,running,2024-04-30 05:49:55
OF-2024-01021,ART-A22,Assemblage,105.9,Aluminium,Noir,38,MCH-11,ROBOT_CELL,2024-03-22 09:07:51,2024-03-22 09:39:20,2.3,done,2024-03-22 09:43:42
OF-2024-01022,ART-U32,Usinage,131.7,Aluminium,Gris,27,MCH-04,CNC_STD,2024-01-03 12:00:33,2024-01-03 13:36:39,15.0,done,2024-01-03 13:40:12
OF-2024-01023,  ART-F11 ,Finition,147.9,Acier,Gris,7,MCH-07,MANUAL,03/01/2024 20:17,03/01/2024 20:46,8.8,done,03/01/2024 20:47
OF-2024-01024,ART-F15,Finition,196.8,Titane,Jaune,227,MCH-01,CNC_FAST,2024-08-02 17:10:54,2024-08-02 21:58:38,0.0,done,2024-08-02 22:02:07
OF-2024-01025,ART-U32,Usinage,131.7,Aluminium,Gris,20,MCH-01,CNC_FAST,2024-08-22 10:00:45,2024-08-22 10:42:02,0.0,done,2024-08-22 10:42:51
OF-2024-01026,ART-F27,Finition,162.2,Titane,Rouge,9,MCH-07,MANUAL,28/08/2024 14:32,28/08/2024 15:07,0.0,done,28/08/2024 15:11
OF-2024-01027,ART-A22,Assemblage,105.9,Aluminium,Noir,70,MCH-04,CNC_STD,2024-04-14 14:01:16,2024-04-14 15:09:44,0.0,done,2024-04-14 15:12:22
OF-2024-01028,ART-A06,Assemblage,21.3,Acier,Noir,54,MCH-05,CNC_STD,2024-07-14 11:21:03,2024-07-14 11:52:30,0.0,done,2024-07-14 11:53:42
OF-2024-01029,ART-S29,Soudure,90.9,Aluminium,Vert,23,MCH-11,ROBOT_CELL,2024-08-02 16:51:06,2024-08-02 18:01:00,0.0,done,2024-08-02 18:01:50
OF-2024-01030,ART-U16,Usinage,144.1,Aluminium,Noir,38,MCH-05,CNC_STD,2024-01-03 09:32:54,2024-01-03 11:20:30,35.7,done,2024-01-03 11:21:32
OF-2024-01031,ART-F15,Finition,196.8,Titane,Jaune,191,MCH-06,MANUAL,2024-06-02 21:52:01,2024-06-03 07:24:57,157.7,done,2024-06-03 07:27:25
OF-2024-01032,ART-F27,Finition,162.2,Titane,Rouge,29,MCH-06,MANUAL,2024-04-02 18:01:41,2024-04-02 19:09:59,16.8,done,2024-04-02 19:10:33
OF-2024-01033,ART-U32,Usinage,131.7,Aluminium,Gris,7,MCH-05,CNC_STD,2024-08-23 16:01:52,2024-08-23 16:33:56,1.6,done,2024-08-23 16:36:55
OF-2024-01034,ART-U00,Usinage,184.0,Inox,Jaune,45,MCH-05,CNC_STD,2024-03-07 15:27:42,2024-03-07 18:00:03,44.6,done,2024-03-07 18:04:53
OF-2024-01035,ART-S17,Soudure,16.0,Acier,Bleu,5,MCH-09,ROBOT_CELL,2024-03-15 16:02:36,2024-03-15 16:25:27,0.0,done,2024-03-15 16:30:27
OF-2024-01036,ART-A30,Assemblage,130.4,Acier,Gris,57,MCH-05,CNC_STD,2024-05-19 10:32:39,2024-05-19 11:58:16,0.0,done,2024-05-19 12:01:32
OF-2024-01037,ART-F15,Finition,196.8,Titane,Jaune,295,MCH-06,MANUAL,2024-08-03 19:19:29,2024-08-04 06:58:35,0.0,done,2024-08-04 07:03:07
OF-2024-01038,ART-F19,Finition,100.8,Aluminium,Gris,51,MCH-08,MANUAL,2024-01-20 15:08:46,2024-01-20 16:17:17,0.0,done,2024-01-20 16:21:16
OF-2024-01039,ART-A02,Assemblage,36.9,Aluminium,Vert,53,MCH-10,ROBOT_CELL,2024-02-28 07:35:52,2024-02-28 08:12:20,0.0,done,2024-02-28 08:12:57
OF-2024-01040,ART-F03,Finition,55.9,Titane,Jaune,38,MCH-02,CNC_FAST,2024-05-27 15:33:38,,0.0,running,2024-05-27 16:10:43
OF-2024-01041,ART-S13,Soudure,74.7,Acier,Jaune,52,MCH-10,ROBOT_CELL,2024-08-07 10:19:04,2024-08-07 12:55:54,33.4,done,2024-08-07 12:58:25
OF-2024-01042,ART-U28,Usinage,115.2,Aluminium,Bleu,61,MCH-01,CNC_FAST,2024-08-27 13:24:46,2024-08-27 14:37:42,0.0,done,2024-08-27 14:39:32
OF-2024-01043,ART-U04,Usinage,186.4,Inox,Rouge,9,MCH-04,CNC_STD,2024-01-24 10:15:01,,0.0,aborted,2024-01-24 11:37:46
OF-2024-01044,ART-U24,Usinage,173.0,Aluminium,Vert,47,MCH-01,CNC_FAST,2024-07-23 10:16:31,2024-07-23 11:31:56,0.0,done,2024-07-23 11:35:57
OF-2024-01045,ART-S33,Soudure,195.1,Inox,Gris,7,MCH-10,ROBOT_CELL,2024-06-12 19:17:26,2024-06-12 20:28:22,6.3,done,2024-06-12 20:30:53
OF-2024-01046,ART-U32,Usinage,131.7,Aluminium,Gris,398,MCH-04,CNC_STD,2024-08-28 06:53:11,2024-08-28 19:30:44,226.0,done,2024-08-28 19:34:38
OF-2024-01047,ART-F15,Finition,196.8,Titane,Jaune,386,MCH-01,CNC_FAST,2024-08-05 14:46:14,2024-08-06 00:42:16,198.2,done,2024-08-06 00:46:51
OF-2024-01048,ART-U32,Usinage,131.7,Aluminium,Gris,54,MCH-02,CNC_FAST,2024-03-01 17:36:14,2024-03-01 18:57:55,8.4,done,2024-03-01 19:01:45
OF-2024-01049,ART-F19,Finition,100.8,Aluminium,Gris,22,MCH-01,CNC_FAST,2024-05-31 12:42:03,2024-05-31 12:58:56,0.0,done,2024-05-31 12:59:38
OF-2024-01050,ART-F19-MM,Finition,100.8,Aluminium,Gris,22,MCH-08,MANUAL,2024-02-01 13:35:38,2024-02-01 14:12:18,0.0,done,2024-02-01 14:13:03
OF-2024-01051,ART-F31,Finition,25.3,Inox,Gris,256,MCH-02,CNC_FAST,2024-03-03 12:32:02,2024-03-03 13:55:43,0.0,done,2024-03-03 13:56:59
OF-2024-01052,ART-F11,Finition,147.9,Acier,Gris,372,MCH-01,CNC_FAST,2024-02-14 13:05:54,2024-02-14 16:31:40,0.0,done,2024-02-14 16:33:12
OF-2024-01053,ART-S25,Soudure,151.9,Acier,Bleu,48,MCH-08,MANUAL,2024-06-09 18:30:18,2024-06-10 00:03:39,51.3,done,2024-06-10 00:05:19
OF-2024-01054,ART-S29,Soudure,90.9,Aluminium,Vert,56,MCH-07,MANUAL,09/01/2024 13:33,09/01/2024 18:44,40.5,done,09/01/2024 18:46
OF-2024-01055,ART-U32,Usinage,131.7,Aluminium,Gris,30,MCH-03,CNC_STD,2024-02-10 07:53:31,2024-02-10 09:10:59,0.0,done,2024-02-10 09:14:10
OF-2024-01056,ART-F15,Finition,196.8,Titane,Jaune,112,MCH-07,MANUAL,20/01/2024 06:04,20/01/2024 12:44,76.1,done,20/01/2024 12:46
OF-2024-01057,ART-U04,Usinage,186.4,Inox,Rouge,23,MCH-01,CNC_FAST,2024-07-26 21:46:20,2024-07-26 23:15:05,0.0,done,2024-07-26 23:19:06
OF-2024-01058,ART-U28,Usinage,115.2,Aluminium,Bleu,74,MCH-01,CNC_FAST,2024-05-28 19:02:32,2024-05-28 20:37:25,5.0,done,2024-05-28 20:40:57
OF-2024-01059,ART-U08,Usinage,22.6,Inox,Noir,74,MCH-01,CNC_FAST,2024-04-08 12:34:27,2024-04-08 13:34:58,0.0,done,2024-04-08 13:38:18
OF-2024-01060,ART-F31,Finition,25.3,Inox,Gris,31,MCH-02,CNC_FAST,2024-01-22 15:33:24,2024-01-22 15:50:47,6.0,done,2024-01-22 15:55:35
OF-2024-01061,ART-U32,Usinage,131.7,Aluminium,Gris,153,MCH-05,CNC_STD,2024-04-21 18:45:39,2024-04-21 23:49:34,0.0,done,2024-04-21 23:54:24
OF-2024-01062,ART-S13,Soudure,74.7,Acier,Jaune,48,MCH-07,MANUAL,01/04/2024 06:19,01/04/2024 11:26,35.9,done,01/04/2024 11:29
OF-2024-01063,ART-A06,Assemblage,21.3,Acier,Noir,73,MCH-05,CNC_STD,2024-05-13 11:00:27,2024-05-13 11:40:56,13.2,done,2024-05-13 11:41:51
OF-2024-01064,ARTU32,Usinage,131.7,Aluminium,Gris,214,MCH-04,CNC_STD,2024-01-12 17:21:48,2024-01-13 02:20:48,112.0,done,2024-01-13 02:23:56
OF-2024-01065,ART-F27,Finition,162.2,Titane,Rouge,57,MCH-02,CNC_FAST,2024-05-07 11:06:35,2024-05-07 12:06:16,18.3,done,2024-05-07 12:07:31
OF-2024-01066,ART-U16,Usinage,144.1,Aluminium,Noir,243,MCH-03,CNC_STD,2024-08-26 17:56:39,2024-08-27 04:21:51,0.0,done,2024-08-27 04:23:33
OF-2024-01067,ART-F19,Finition,100.8,Aluminium,Gris,36,MCH-07,MANUAL,06/08/2024 21:05,06/08/2024 21:54,0.0,done,06/08/2024 21:55
OF-2024-01068,ART-F15,Finition,196.8,Titane,Jaune,17,MCH-02,CNC_FAST,2024-06-21 13:12:32,2024-06-21 13:44:50,6.7,done,2024-06-21 13:49:29
OF-2024-01069,ART-S21,Soudure,45.5,Inox,Vert,37,MCH-07,MANUAL,15/05/2024 15:02,15/05/2024 18:45,0.0,done,15/05/2024 18:48
OF-2024-01070,ART-U28,Usinage,115.2,Aluminium,Bleu,312,MCH-01,CNC_FAST,2024-04-17 06:41:21,2024-04-17 11:42:22,0.0,done,2024-04-17 11:46:06
OF-2024-01071,ART-S25,Soudure,151.9,Acier,Bleu,391,MCH-11,ROBOT_CELL,2024-02-17 09:37:19,2024-02-18 06:10:28,167.8,done,2024-02-18 06:13:27
OF-2024-01072,ART-S25,Soudure,151.9,Acier,Bleu,68,MCH-12,ROBOT_CELL,2024-05-20 13:17:19,2024-05-20 19:11:55,76.1,done,2024-05-20 19:16:26
OF-2024-01073,ART-U32,Usinage,131.7,Aluminium,Gris,41,MCH-03,CNC_STD,2024-01-07 08:08:16,2024-01-07 09:59:14,25.9,done,2024-01-07 10:03:26
OF-2024-01074,ART-S25,Soudure,151.9,Acier,Bleu,109,MCH-08,MANUAL,2024-01-24 10:17:56,2024-01-24 23:19:25,0.0,done,2024-01-24 23:21:54
OF-2024-01075,ART-A06,Assemblage,21.3,Acier,Noir,74,MCH-08,MANUAL,2024-02-10 20:45:12,2024-02-10 21:58:16,0.0,done,2024-02-10 21:59:22
OF-2024-01076,ART-S25,Soudure,151.9,Acier,Bleu,24,MCH-07,MANUAL,18/06/2024 20:00,18/06/2024 23:20,0.0,done,18/06/2024 23:23
OF-2024-01077,ART-F39,Finition,157.5,Titane,Jaune,14,MCH-08,MANUAL,2024-08-15 14:12:46,2024-08-15 15:07:56,0.0,done,2024-08-15 15:12:24
OF-2024-01078,art-s05,Soudure,38.9,Acier,Vert,40,MCH-06,MANUAL,2024-08-18 08:56:14,2024-08-18 11:02:12,0.0,done,2024-08-18 11:05:47
OF-2024-01079,ART-A10,Assemblage,48.9,Aluminium,Jaune,38,MCH-05,CNC_STD,2024-08-12 09:54:10,2024-08-12 10:37:16,0.0,done,2024-08-12 10:40:29
OF-2024-01080,ART-S13,Soudure,74.7,Acier,Jaune,33,MCH-10,ROBOT_CELL,2024-04-14 19:51:21,2024-04-14 21:43:21,0.0,done,2024-04-14 21:44:06
OF-2024-01081,ART-U32,Usinage,131.7,Aluminium,Gris,51,MCH-05,CNC_STD,2024-08-11 06:39:32,2024-08-11 08:45:22,0.0,done,2024-08-11 08:50:04
OF-2024-01082,ART-S01,Soudure,191.3,Titane,Bleu,328,MCH-09,ROBOT_CELL,2024-07-03 12:18:10,2024-07-04 14:17:31,0.0,done,2024-07-04 14:18:26
OF-2024-01083,art-s05,Soudure,38.9,Acier,Vert,40,MCH-12,ROBOT_CELL,2024-06-28 12:20:36,2024-06-28 13:13:23,0.0,done,2024-06-28 13:14:44
OF-2024-01084,ART-U04,Usinage,186.4,Inox,Rouge,51,MCH-01,CNC_FAST,2024-05-01 16:15:59,2024-05-01 16:15:59,0.0,done,2024-05-01 18:56:18
OF-2024-01085,ART-F15,Finition,196.8,Titane,Jaune,25,MCH-07,MANUAL,07/03/2024 15:08,07/03/2024 16:20,0.0,done,07/03/2024 16:24
OF-2024-01086,ART-U24,Usinage,173.0,Aluminium,Vert,48,MCH-05,CNC_STD,2024-04-04 09:51:18,2024-04-04 11:40:49,0.0,done,2024-04-04 11:41:35
OF-2024-01087,ART-A22,Assemblage,105.9,Aluminium,Noir,76,MCH-10,ROBOT_CELL,2024-01-23 08:34:01,2024-01-23 09:43:25,10.1,done,2024-01-23 09:47:24
OF-2024-01088,ART-F19,Finition,100.8,Aluminium,Gris,76,MCH-08,MANUAL,2024-08-07 21:54:17,2024-08-07 23:24:09,11.9,done,2024-08-07 23:27:55
OF-2024-01089,art-s17,Soudure,16.0,Acier,Bleu,115,MCH-07,MANUAL,17/01/2024 07:08,17/01/2024 11:04,66.4,done,17/01/2024 11:05
OF-2024-01090,ART-F03,Finition,55.9,Titane,Jaune,254,MCH-01,CNC_FAST,2024-03-29 08:24:52,2024-03-29 10:56:58,0.0,done,2024-03-29 11:01:02
OF-2024-01091,ART-F11,Finition,147.9,Acier,Gris,235,MCH-01,CNC_FAST,2024-01-15 12:13:36,2024-01-15 14:57:48,0.0,done,2024-01-15 15:02:46
OF-2024-01092,ART-A22,Assemblage,105.9,Aluminium,Noir,145,MCH-05,CNC_STD,2024-02-21 21:05:29,2024-02-21 22:52:21,0.0,done,2024-02-21 22:57:21
OF-2024-01093,ART-S29,Soudure,90.9,Aluminium,Vert,52,MCH-06,MANUAL,2024-05-06 20:05:49,2024-05-06 23:10:12,19.7,done,2024-05-06 23:13:07
OF-2024-01094,ART-A22,Assemblage,105.9,Aluminium,Noir,46,MCH-06,MANUAL,2024-02-03 21:54:03,2024-02-03 23:24:39,0.0,done,2024-02-03 23:25:16
OF-2024-01095,ART-A02,Assemblage,36.9,Aluminium,Vert,248,MCH-09,ROBOT_CELL,2024-02-16 10:54:31,2024-02-16 12:23:45,0.0,done,2024-02-16 12:27:48
OF-2024-01096,ART-U28,Usinage,115.2,Aluminium,Bleu,43,MCH-02,CNC_FAST,2024-04-30 13:12:56,2024-04-30 12:48:56,0.0,done,2024-04-30 14:05:19
OF-2024-01097,ART-U32-MM,Usinage,131.7,Aluminium,Gris,22,MCH-05,CNC_STD,2024-01-31 11:27:09,2024-01-31 12:48:45,19.7,done,2024-01-31 12:53:25
OF-2024-01098,ART-A18,Assemblage,15.6,Inox,Rouge,39,MCH-03,CNC_STD,2024-05-10 10:51:51,2024-05-10 11:23:08,0.0,done,2024-05-10 11:26:28
OF-2024-01099,ART-F07-MM,Finition,147.0,Acier,Gris,217,MCH-06,MANUAL,2024-04-24 16:19:15,2024-04-24 20:16:17,0.0,done,2024-04-24 20:19:16
OF-2024-01100,ART-F15,Finition,196.8,Titane,Jaune,39,MCH-07,MANUAL,29/03/2024 13:58,29/03/2024 16:13,27.7,done,29/03/2024 16:17
OF-2024-01101,ART-F15,Finition,196.8,Titane,Jaune,200,MCH-07,MANUAL,03/03/2024 20:30,04/03/2024 03:44,28.0,done,04/03/2024 03:45
OF-2024-01102,ART-F19,Finition,100.8,Aluminium,Gris,260,MCH-02,CNC_FAST,2024-06-25 07:27:54,2024-06-25 09:06:37,0.0,done,2024-06-25 09:07:18
OF-2024-01103,ART-U16,Usinage,144.1,Aluminium,Noir,45,MCH-02,CNC_FAST,2024-05-08 19:41:13,2024-05-08 20:50:21,0.0,done,2024-05-08 20:52:36
OF-2024-01104,ART-A02,Assemblage,36.9,Aluminium,Vert,326,MCH-08,MANUAL,2024-06-01 13:55:54,2024-06-01 17:55:36,72.0,done,2024-06-01 17:56:49
OF-2024-01105,ART-A18,Assemblage,15.6,Inox,Rouge,21,MCH-06,MANUAL,2024-05-13 10:45:11,2024-05-13 11:09:53,0.0,done,2024-05-13 11:11:05
OF-2024-01106,ART-S25,Soudure,151.9,Acier,Bleu,41,MCH-08,MANUAL,2024-03-30 08:38:30,2024-03-30 14:19:36,0.0,done,2024-03-30 14:23:38
OF-2024-01107,ARTA30,Assemblage,130.4,Acier,Gris,74,MCH-03,CNC_STD,2024-08-20 10:34:37,,31.1,running,2024-08-20 12:21:16
OF-2024-01108,ART-A26,Assemblage,183.1,Inox,Rouge,18,MCH-09,ROBOT_CELL,2024-01-15 17:56:28,2024-01-15 18:45:23,0.0,done,2024-01-15 18:47:25
OF-2024-01109,ART-F15,Finition,196.8,Titane,Jaune,13,MCH-08,MANUAL,2024-01-25 12:49:22,2024-01-25 13:50:22,0.0,done,2024-01-25 13:55:10
OF-2024-01110,ART-U32,Usinage,131.7,Aluminium,Gris,50,MCH-01,CNC_FAST,2024-07-08 12:32:10,2024-07-08 14:14:03,0.0,done,2024-07-08 14:18:56
OF-2024-01111,ART-U28,Usinage,115.2,Aluminium,Bleu,76,MCH-03,CNC_STD,2024-02-11 17:22:14,2024-02-11 19:22:32,0.0,done,2024-02-11 19:27:17
OF-2024-01112,ART-S13,Soudure,74.7,Acier,Jaune,53,MCH-08,MANUAL,2024-07-04 14:51:48,2024-07-04 19:08:24,0.0,done,2024-07-04 19:11:02
OF-2024-01113,ART-S13,Soudure,74.7,Acier,Jaune,117,MCH-07,MANUAL,28/05/2024 07:15,28/05/2024 07:15,0.0,done,28/05/2024 15:11
OF-2024-01114,ART-F35,Finition,55.5,Aluminium,Gris,326,MCH-02,CNC_FAST,2024-06-18 17:23:15,2024-06-18 19:28:58,0.0,done,2024-06-18 19:31:35
OF-2024-01115,ART-S25,Soudure,151.9,Acier,Bleu,69,MCH-10,ROBOT_CELL,2024-02-15 21:28:45,2024-02-16 02:46:32,108.3,done,2024-02-16 02:48:32
OF-2024-01116,ART-F19,Finition,100.8,Aluminium,Gris,37,MCH-02,CNC_FAST,2024-05-21 11:38:35,2024-05-21 11:56:24,0.0,done,2024-05-21 11:57:01
OF-2024-01117,ART-S13,Soudure,74.7,Acier,Jaune,270,MCH-10,ROBOT_CELL,2024-01-20 09:21:14,2024-01-20 22:20:57,190.4,done,2024-01-20 22:23:41
OF-2024-01118,ART-S29,Soudure,90.9,Aluminium,Vert,239,MCH-12,ROBOT_CELL,2024-05-07 14:34:30,2024-05-08 02:23:21,0.0,done,2024-05-08 02:23:53
OF-2024-01119,ART-A22,Assemblage,105.9,Aluminium,Noir,184,MCH-09,ROBOT_CELL,2024-02-01 06:31:32,2024-02-01 09:22:31,0.0,done,2024-02-01 09:23:31
OF-2024-01120,ART-U28,Usinage,115.2,Aluminium,Bleu,271,MCH-04,CNC_STD,2024-06-01 19:10:25,2024-06-02 00:31:43,67.7,done,2024-06-02 00:32:29
OF-2024-01121,ART-F27,Finition,162.2,Titane,Rouge,8,MCH-01,CNC_FAST,2024-03-29 11:23:17,2024-03-29 11:37:02,3.1,done,2024-03-29 11:37:51
OF-2024-01122,ART-F15,Finition,196.8,Titane,Jaune,294,MCH-02,CNC_FAST,2024-03-14 11:45:26,2024-03-14 17:30:04,66.4,done,2024-03-14 17:31:59
OF-2024-01123,ART-S25,Soudure,151.9,Acier,Bleu,175,MCH-07,MANUAL,21/04/2024 14:31,22/04/2024 06:35,181.4,done,22/04/2024 06:37
OF-2024-01124,ART-U32,Usinage,131.7,Aluminium,Gris,52,MCH-02,CNC_FAST,2024-07-21 13:12:43,2024-07-21 14:24:33,0.0,done,2024-07-21 14:28:17
OF-2024-01125,ART-U08,Usinage,22.6,Inox,Noir,43,MCH-02,CNC_FAST,2024-07-15 13:54:14,2024-07-15 14:39:18,0.0,done,2024-07-15 14:41:05
OF-2024-01126,ART-U16,Usinage,144.1,Aluminium,Noir,10,MCH-01,CNC_FAST,2024-02-03 16:01:18,2024-02-03 16:29:39,0.0,done,2024-02-03 16:30:29
OF-2024-01127,ART-U08,Usinage,22.6,Inox,Noir,22,MCH-03,CNC_STD,2024-02-26 06:16:21,2024-02-26 06:49:58,0.0,done,2024-02-26 06:54:26
OF-2024-01128,ART-U24,Usinage,173.0,Aluminium,Vert,39,MCH-05,CNC_STD,2024-05-08 20:06:54,2024-05-08 21:52:51,0.0,done,2024-05-08 21:56:34
OF-2024-01129,ART-A22,Assemblage,105.9,Aluminium,Noir,170,MCH-07,MANUAL,21/04/2024 15:26,21/04/2024 18:52,0.0,done,21/04/2024 18:53
OF-2024-01130,ART-S29,Soudure,90.9,Aluminium,Vert,38,MCH-12,ROBOT_CELL,2024-05-06 16:54:06,2024-05-06 19:04:45,0.0,done,2024-05-06 19:08:37
OF-2024-01131,ART-U16,Usinage,144.1,Aluminium,Noir,50,MCH-04,CNC_STD,2024-04-08 15:04:41,2024-04-08 16:38:56,0.0,done,2024-04-08 16:40:36
OF-2024-01132,ART-A26,Assemblage,183.1,Inox,Rouge,191,MCH-08,MANUAL,2024-05-26 06:31:25,2024-05-26 16:32:19,0.0,done,2024-05-26 16:36:39
OF-2024-01133,ART-U32,Usinage,131.7,Aluminium,Gris,205,MCH-02,CNC_FAST,2024-04-26 20:16:19,2024-04-27 01:16:43,0.0,done,2024-04-27 01:20:16
OF-2024-01134,ART-U28,Usinage,115.2,Aluminium,Bleu,9,MCH-05,CNC_STD,2024-07-22 11:16:24,2024-07-22 11:46:47,0.0,done,2024-07-22 11:51:37
OF-2024-01135,ART-S29,Soudure,90.9,Aluminium,Vert,213,MCH-10,ROBOT_CELL,2024-02-25 19:38:10,,0.0,aborted,2024-02-26 05:05:50
OF-2024-01136,ART-A38,Assemblage,165.3,Titane,Noir,29,MCH-07,MANUAL,30/08/2024 07:57,30/08/2024 10:21,0.0,done,30/08/2024 10:26
OF-2024-01137,ART-F15,Finition,196.8,Titane,Jaune,232,MCH-02,CNC_FAST,2024-07-05 14:01:09,2024-07-05 18:48:53,0.0,done,2024-07-05 18:50:16
OF-2024-01138,ART-A22,Assemblage,105.9,Aluminium,Noir,129,MCH-04,CNC_STD,2024-04-04 19:07:57,2024-04-04 20:42:23,0.0,done,2024-04-04 20:47:06
OF-2024-01139,ART-F27,Finition,162.2,Titane,Rouge,120,MCH-01,CNC_FAST,2024-01-24 12:35:10,2024-01-24 14:49:16,0.0,done,2024-01-24 14:50:54
OF-2024-01140,ART-S25,Soudure,151.9,Acier,Bleu,253,MCH-09,ROBOT_CELL,2024-07-22 17:58:16,2024-07-23 07:58:32,0.0,done,2024-07-23 08:01:08
OF-2024-01141,ART-F27,Finition,162.2,Titane,Rouge,56,MCH-01,CNC_FAST,2024-05-28 20:27:29,2024-05-28 21:32:15,0.0,done,2024-05-28 21:35:09
OF-2024-01142,ART-F27,Finition,162.2,Titane,Rouge,5,MCH-07,MANUAL,13/03/2024 07:10,13/03/2024 07:38,0.0,done,13/03/2024 07:40
OF-2024-01143,ART-A22,Assemblage,105.9,Aluminium,Noir,134,MCH-06,MANUAL,2024-04-14 21:52:28,2024-04-15 00:29:35,0.0,done,2024-04-15 00:34:04
OF-2024-01144,ART-A18,Assemblage,15.6,Inox,Rouge,242,MCH-05,CNC_STD,2024-02-29 08:02:09,2024-02-29 10:16:40,23.9,done,2024-02-29 10:18:16
OF-2024-01145,ART-S13,Soudure,74.7,Acier,Jaune,245,MCH-08,MANUAL,2024-06-06 14:47:03,,309.6,aborted,2024-06-07 05:50:24
OF-2024-01146,ART-F27,Finition,162.2,Titane,Rouge,56,MCH-07,MANUAL,05/03/2024 12:38,05/03/2024 15:04,26.2,done,05/03/2024 15:05
OF-2024-01147,ART-S33,Soudure,195.1,Inox,Gris,199,MCH-09,ROBOT_CELL,2024-05-04 20:50:49,2024-05-05 12:07:13,97.6,done,2024-05-05 12:11:31
OF-2024-01148,ART-F07,Finition,147.0,Acier,Gris,41,MCH-02,CNC_FAST,2024-03-14 14:58:06,2024-03-14 15:27:43,0.0,done,2024-03-14 15:29:46
OF-2024-01149,ARTA06,Assemblage,21.3,Acier,Noir,114,MCH-12,ROBOT_CELL,2024-08-23 15:04:45,2024-08-23 15:55:41,0.0,done,2024-08-23 16:00:28
OF-2024-01150,ART-A26,Assemblage,183.1,Inox,Rouge,9,MCH-08,MANUAL,2024-03-06 20:40:25,2024-03-06 21:30:02,5.9,done,2024-03-06 21:34:32
OF-2024-01151,ART-A02,Assemblage,36.9,Aluminium,Vert,12,MCH-05,CNC_STD,2024-07-11 18:16:12,2024-07-11 18:30:47,0.0,done,2024-07-11 18:32:18
OF-2024-01152,ART-A26,Assemblage,183.1,Inox,Rouge,27,MCH-07,MANUAL,30/03/2024 20:49,30/03/2024 22:27,13.5,done,30/03/2024 22:29
OF-2024-01153,ART-U16,Usinage,144.1,Aluminium,Noir,63,MCH-02,CNC_FAST,2024-04-28 15:16:09,2024-04-28 16:40:09,6.1,done,2024-04-28 16:43:16
OF-2024-01154,ART-A26,Assemblage,183.1,Inox,Rouge,47,MCH-05,CNC_STD,2024-04-05 11:20:14,2024-04-05 13:15:18,24.1,done,2024-04-05 13:16:34
OF-2024-01155,ART-U04,Usinage,186.4,Inox,Rouge,48,MCH-05,CNC_STD,2024-08-16 20:48:41,2024-08-17 00:50:31,0.0,done,2024-08-17 00:52:28
OF-2024-01156,ART-U08,Usinage,22.6,Inox,Noir,58,MCH-02,CNC_FAST,2024-04-27 21:34:34,,0.0,aborted,2024-04-27 22:26:12
OF-2024-01157,ART-U16,Usinage,144.1,Aluminium,Noir,70,MCH-04,CNC_STD,2024-02-21 07:50:45,2024-02-21 10:15:27,48.1,done,2024-02-21 10:18:58
OF-2024-01158,ART-U20,Usinage,23.4,Titane,Rouge,398,MCH-02,CNC_FAST,2024-02-16 18:31:17,2024-02-17 02:57:40,171.8,done,2024-02-17 02:59:08
OF-2024-01159,ART-U28,Usinage,115.2,Aluminium,Bleu,43,MCH-01,CNC_FAST,2024-01-24 09:06:21,2024-01-24 10:01:08,7.8,done,2024-01-24 10:04:58
OF-2024-01160,ART-U28,Usinage,115.2,Aluminium,Bleu,151,MCH-02,CNC_FAST,2024-05-14 07:13:46,2024-05-14 09:59:32,0.0,done,2024-05-14 10:04:01
OF-2024-01161,ART-A38,Assemblage,165.3,Titane,Noir,249,MCH-07,MANUAL,25/07/2024 21:48,26/07/2024 15:20,209.7,done,26/07/2024 15:24
OF-2024-01162,ART-S17,Soudure,16.0,Acier,Bleu,78,MCH-10,ROBOT_CELL,2024-02-13 10:11:00,2024-02-13 11:31:51,27.8,done,2024-02-13 11:33:32
OF-2024-01163,ART-U24,Usinage,173.0,Aluminium,Vert,13,MCH-04,CNC_STD,2024-01-15 16:45:00,2024-01-15 17:33:19,0.0,done,2024-01-15 17:34:48
OF-2024-01164,ARTS17,Soudure,16.0,Acier,Bleu,36,MCH-09,ROBOT_CELL,2024-02-03 20:38:37,2024-02-03 21:29:31,0.0,done,2024-02-03 21:30:39
OF-2024-01165,ARTU08,Usinage,22.6,Inox,Noir,18,MCH-02,CNC_FAST,2024-03-20 08:45:13,2024-03-20 09:06:46,0.0,done,2024-03-20 09:09:01
OF-2024-01166,ART-U28,Usinage,115.2,Aluminium,Bleu,302,MCH-01,CNC_FAST,2024-01-26 10:13:27,2024-01-26 15:02:20,0.0,done,2024-01-26 15:03:24
OF-2024-01167,ART-A06,Assemblage,21.3,Acier,Noir,150,MCH-10,ROBOT_CELL,2024-04-11 15:04:42,2024-04-11 16:27:37,0.0,done,2024-04-11 16:31:10
OF-2024-01168,ART-U28,Usinage,115.2,Aluminium,Bleu,32,MCH-03,CNC_STD,2024-06-28 11:22:40,2024-06-28 12:21:25,3.0,done,2024-06-28 12:22:44
OF-2024-01169,ART-A02,Assemblage,36.9,Aluminium,Vert,375,MCH-11,ROBOT_CELL,2024-04-16 09:35:24,2024-04-16 11:43:14,44.2,done,2024-04-16 11:44:42
OF-2024-01170,ART-F27,Finition,162.2,Titane,Rouge,277,MCH-07,MANUAL,16/02/2024 12:58,16/02/2024 23:56,101.9,done,16/02/2024 23:59
OF-2024-01171,ART-S25,Soudure,151.9,Acier,Bleu,50,MCH-10,ROBOT_CELL,2024-02-21 21:00:38,2024-02-22 00:40:27,0.0,done,2024-02-22 00:43:33
OF-2024-01172,ARTS05,Soudure,38.9,Acier,Vert,149,MCH-11,ROBOT_CELL,2024-06-20 08:04:11,2024-06-20 11:22:00,24.8,done,2024-06-20 11:23:17
OF-2024-01173,ART-U04,Usinage,186.4,Inox,Rouge,205,MCH-01,CNC_FAST,2024-02-04 06:52:03,2024-02-04 16:14:55,0.0,done,2024-02-04 16:18:26
OF-2024-01174,ART-S25,Soudure,151.9,Acier,Bleu,22,MCH-07,MANUAL,16/07/2024 09:15,16/07/2024 12:25,0.0,done,16/07/2024 12:29
OF-2024-01175,ART-S25,Soudure,151.9,Acier,Bleu,223,MCH-09,ROBOT_CELL,2024-07-25 20:14:34,2024-07-26 08:31:32,248.0,done,2024-07-26 08:36:26
OF-2024-01176,ART-A18,Assemblage,15.6,Inox,Rouge,298,MCH-05,CNC_STD,2024-05-19 13:39:18,2024-05-19 15:44:02,0.0,done,2024-05-19 15:46:48
OF-2024-01177,ART-A06,Assemblage,21.3,Acier,Noir,367,MCH-09,ROBOT_CELL,2024-01-22 15:05:35,2024-01-22 17:56:24,12.4,done,2024-01-22 17:59:48
OF-2024-01178,ART-U16,Usinage,144.1,Aluminium,Noir,75,MCH-03,CNC_STD,2024-04-02 11:48:31,2024-04-02 14:19:44,14.8,done,2024-04-02 14:21:47
OF-2024-01179,ART-U24,Usinage,173.0,Aluminium,Vert,119,MCH-05,CNC_STD,2024-07-05 06:20:50,2024-07-05 10:10:43,44.8,done,2024-07-05 10:14:23
OF-2024-01180,ART-U08,Usinage,22.6,Inox,Noir,42,MCH-04,CNC_STD,2024-03-03 19:01:02,,0.0,aborted,2024-03-03 19:59:40
OF-2024-01181,ART-S25,Soudure,151.9,Acier,Bleu,141,MCH-06,MANUAL,2024-03-21 14:16:34,2024-03-22 06:23:45,0.0,done,2024-03-22 06:25:50
OF-2024-01182,ART-U00,Usinage,184.0,Inox,Jaune,39,MCH-05,CNC_STD,2024-01-01 11:52:54,2024-01-01 15:10:41,0.0,done,2024-01-01 15:14:34
OF-2024-01183,ART-S29,Soudure,90.9,Aluminium,Vert,302,MCH-06,MANUAL,2024-06-02 16:47:34,2024-06-03 12:28:56,0.0,done,2024-06-03 12:29:34
OF-2024-01184,ART-S33,Soudure,195.1,Inox,Gris,54,MCH-08,MANUAL,2024-08-19 06:20:08,2024-08-19 14:39:43,26.2,done,2024-08-19 14:42:43
OF-2024-01185,ART-S25,Soudure,151.9,Acier,Bleu,54,MCH-09,ROBOT_CELL,2024-05-23 11:37:45,2024-05-23 15:59:55,0.0,done,2024-05-23 16:01:51
OF-2024-01186,ART-S25,Soudure,151.9,Acier,Bleu,26,MCH-06,MANUAL,2024-06-14 08:46:19,2024-06-14 12:23:13,51.3,done,2024-06-14 12:25:16
OF-2024-01187,art-u08,Usinage,22.6,Inox,Noir,29,MCH-03,CNC_STD,2024-07-04 14:05:09,2024-07-04 14:44:00,0.0,done,2024-07-04 14:47:41
OF-2024-01188,ART-F31,Finition,25.3,Inox,Gris,47,MCH-01,CNC_FAST,2024-07-15 10:13:24,2024-07-15 10:40:08,6.5,done,2024-07-15 10:44:44
OF-2024-01189,ART-S25,Soudure,151.9,Acier,Bleu,67,MCH-06,MANUAL,2024-04-23 10:55:02,2024-04-23 18:58:53,0.0,done,2024-04-23 19:00:47
OF-2024-01190,ART-A10,Assemblage,48.9,Aluminium,Jaune,15,MCH-09,ROBOT_CELL,2024-03-06 09:01:33,,0.0,aborted,2024-03-06 09:22:01
OF-2024-01191,ART-U28,Usinage,115.2,Aluminium,Bleu,319,MCH-02,CNC_FAST,2024-08-21 18:23:00,,0.0,aborted,2024-08-22 00:29:26
OF-2024-01192,ART-S33,Soudure,195.1,Inox,Gris,254,MCH-06,MANUAL,2024-08-17 08:59:01,2024-08-18 17:50:22,0.0,done,2024-08-18 17:54:13
OF-2024-01193,ART-S29,Soudure,90.9,Aluminium,Vert,12,MCH-07,MANUAL,10/04/2024 10:20,10/04/2024 11:29,14.3,done,10/04/2024 11:31
OF-2024-01194,ART-U16-MM,Usinage,144.1,Aluminium,Noir,25,MCH-01,CNC_FAST,2024-04-24 10:17:15,2024-04-24 10:55:37,0.0,done,2024-04-24 10:58:06
OF-2024-01195,ARTU20,Usinage,23.4,Titane,Rouge,41,MCH-05,CNC_STD,2024-03-05 11:27:25,2024-03-05 12:31:28,0.0,done,2024-03-05 12:35:13
OF-2024-01196,ARTU32,Usinage,131.7,Aluminium,Gris,34,MCH-04,CNC_STD,2024-01-30 08:32:36,2024-01-30 10:06:02,30.8,done,2024-01-30 10:10:29
OF-2024-01197,ART-U08,Usinage,22.6,Inox,Noir,35,MCH-01,CNC_FAST,2024-02-05 10:17:07,2024-02-05 10:44:13,0.0,done,2024-02-05 10:45:04
OF-2024-01198,ART-U20,Usinage,23.4,Titane,Rouge,74,MCH-02,CNC_FAST,2024-04-19 09:15:30,2024-04-19 10:28:59,24.0,done,2024-04-19 10:30:53
OF-2024-01199,ART-S13,Soudure,74.7,Acier,Jaune,47,MCH-09,ROBOT_CELL,2024-07-28 13:53:17,2024-07-28 16:30:14,49.1,done,2024-07-28 16:34:42
OF-2024-01200,ART-S25,Soudure,151.9,Acier,Bleu,56,MCH-09,ROBOT_CELL,2024-01-18 15:47:06,2024-01-18 19:44:46,76.0,done,2024-01-18 19:48:00
OF-2024-01201,ART-U28,Usinage,115.2,Aluminium,Bleu,349,MCH-02,CNC_FAST,2024-07-29 09:56:30,2024-07-29 14:30:59,90.2,done,2024-07-29 14:32:45
OF-2024-01202,ART-F15,Finition,196.8,Titane,Jaune,26,MCH-07,MANUAL,30/08/2024 17:49,30/08/2024 19:15,0.0,done,30/08/2024 19:17
OF-2024-01203,ART-A10,Assemblage,48.9,Aluminium,Jaune,51,MCH-05,CNC_STD,2024-04-09 07:07:21,2024-04-09 07:58:20,0.0,done,2024-04-09 08:00:38
OF-2024-01204,ART-U20,Usinage,23.4,Titane,Rouge,205,MCH-02,CNC_FAST,2024-01-19 15:05:03,2024-01-19 20:11:54,0.0,done,2024-01-19 20:15:38
OF-2024-01205,ART-U20,Usinage,23.4,Titane,Rouge,315,MCH-01,CNC_FAST,2024-02-16 21:35:35,2024-02-17 03:22:33,42.0,done,2024-02-17 03:23:55
OF-2024-01206,ART-A26,Assemblage,183.1,Inox,Rouge,156,MCH-04,CNC_STD,2024-08-08 19:22:20,2024-08-09 00:02:55,0.0,done,2024-08-09 00:03:38
OF-2024-01207,art-u16,Usinage,144.1,Aluminium,Noir,52,MCH-05,CNC_STD,2024-05-14 11:24:08,,35.1,aborted,2024-05-14 13:28:28
OF-2024-01208,ART-U36,Usinage,179.1,Aluminium,Rouge,109,MCH-05,CNC_STD,2024-06-25 22:14:13,2024-06-26 01:33:18,0.0,done,2024-06-26 01:34:10
OF-2024-01209,ART-S25,Soudure,151.9,Acier,Bleu,25,MCH-11,ROBOT_CELL,2024-02-13 17:20:53,2024-02-13 19:56:34,0.0,done,2024-02-13 19:57:54
OF-2024-01210,ART-U16,Usinage,144.1,Aluminium,Noir,31,MCH-01,CNC_FAST,2024-06-05 14:46:31,2024-06-05 15:40:41,0.0,done,2024-06-05 15:43:08
OF-2024-01211,ART-F15,Finition,196.8,Titane,Jaune,49,MCH-02,CNC_FAST,2024-03-31 10:36:40,2024-03-31 11:34:35,10.3,done,2024-03-31 11:39:32
OF-2024-01212,ART-A26,Assemblage,183.1,Inox,Rouge,203,MCH-06,MANUAL,2024-02-26 10:27:34,2024-02-26 21:39:57,0.0,done,2024-02-26 21:44:07
OF-2024-01213,ART-U24,Usinage,173.0,Aluminium,Vert,14,MCH-02,CNC_FAST,2024-04-05 06:32:04,2024-04-05 07:01:06,3.8,done,2024-04-05 07:05:08
OF-2024-01214,ART-F27,Finition,162.2,Titane,Rouge,290,MCH-02,CNC_FAST,2024-05-14 16:07:23,2024-05-14 20:15:31,0.0,done,2024-05-14 20:18:04
OF-2024-01215,ART-A18,Assemblage,15.6,Inox,Rouge,10,MCH-07,MANUAL,14/08/2024 06:16,14/08/2024 06:35,0.0,done,14/08/2024 06:35
OF-2024-01216,ARTF19,Finition,100.8,Aluminium,Gris,26,MCH-08,MANUAL,2024-03-04 11:01:50,2024-03-04 11:39:42,0.0,done,2024-03-04 11:44:22
OF-2024-01217,art-u12,Usinage,23.0,Titane,Noir,27,MCH-04,CNC_STD,2024-06-04 10:20:04,2024-06-04 10:59:52,9.4,done,2024-06-04 11:04:44
OF-2024-01218,ART-U04,Usinage,186.4,Inox,Rouge,132,MCH-04,CNC_STD,2024-08-07 19:01:32,2024-08-08 04:17:52,0.0,done,2024-08-08 04:20:35
OF-2024-01219,ART-U04,Usinage,186.4,Inox,Rouge,69,MCH-03,CNC_STD,2024-06-29 12:34:06,2024-06-29 17:44:55,99.8,done,2024-06-29 17:48:22
OF-2024-01220,ART-F15,Finition,196.8,Titane,Jaune,308,MCH-08,MANUAL,2024-04-06 17:28:09,2024-04-07 05:43:06,199.5,done,2024-04-07 05:47:25
OF-2024-01221,ART-A26,Assemblage,183.1,Inox,Rouge,68,MCH-07,MANUAL,28/04/2024 07:53,28/04/2024 11:06,63.1,done,28/04/2024 11:08
OF-2024-01222,ART-F27,Finition,162.2,Titane,Rouge,326,MCH-02,CNC_FAST,2024-08-28 10:42:21,2024-08-28 16:01:31,0.0,done,2024-08-28 16:04:24
OF-2024-01223,ART-F15,Finition,196.8,Titane,Jaune,382,MCH-02,CNC_FAST,2024-05-11 06:55:02,2024-05-11 13:36:44,35.9,done,2024-05-11 13:40:19
OF-2024-01224,ART-A02,Assemblage,36.9,Aluminium,Vert,225,MCH-11,ROBOT_CELL,2024-07-15 06:40:21,2024-07-15 08:08:34,0.0,done,2024-07-15 08:11:42
OF-2024-01225,ART-F31,Finition,25.3,Inox,Gris,10,MCH-06,MANUAL,2024-03-24 13:54:03,2024-03-24 14:14:09,0.0,done,2024-03-24 14:18:15
OF-2024-01226,ART-U04,Usinage,186.4,Inox,Rouge,80,MCH-03,CNC_STD,2024-04-08 22:01:02,2024-04-09 04:20:14,29.2,done,2024-04-09 04:20:59
OF-2024-01227,ART-S25,Soudure,151.9,Acier,Bleu,22,MCH-06,MANUAL,2024-06-05 21:24:36,2024-06-05 23:56:29,0.0,done,2024-06-05 23:58:28
OF-2024-01228,ART-F19,Finition,100.8,Aluminium,Gris,65,MCH-06,MANUAL,2024-04-11 07:58:07,2024-04-11 09:00:18,15.1,done,2024-04-11 09:03:33
OF-2024-01229,ART-U24,Usinage,173.0,Aluminium,Vert,203,MCH-04,CNC_STD,2024-03-06 09:49:23,2024-03-06 15:48:20,0.0,done,2024-03-06 15:52:13
OF-2024-01230,ART-A26,Assemblage,183.1,Inox,Rouge,31,MCH-06,MANUAL,2024-01-12 12:31:26,2024-01-12 14:35:21,15.8,done,2024-01-12 14:39:37
OF-2024-01231,ART-S13,Soudure,74.7,Acier,Jaune,10,MCH-10,ROBOT_CELL,2024-05-28 19:42:23,2024-05-28 20:37:41,19.2,done,2024-05-28 20:39:11
OF-2024-01232,ART-F19,Finition,100.8,Aluminium,Gris,248,MCH-01,CNC_FAST,2024-08-05 20:05:54,2024-08-05 22:15:45,0.0,done,2024-08-05 22:19:07
OF-2024-01233,ART-S13,Soudure,74.7,Acier,Jaune,77,MCH-08,MANUAL,2024-01-22 17:59:26,2024-01-23 01:14:38,0.0,done,2024-01-23 01:18:44
OF-2024-01234,ART-S05-MM,Soudure,38.9,Acier,Vert,227,MCH-06,MANUAL,2024-04-14 15:13:29,2024-04-14 23:36:32,0.0,done,2024-04-14 23:40:14
OF-2024-01235,ART-F03,Finition,55.9,Titane,Jaune,44,MCH-02,CNC_FAST,2024-07-21 20:17:28,2024-07-21 21:01:30,7.7,done,2024-07-21 21:02:33
OF-2024-01236,ART-U04,Usinage,186.4,Inox,Rouge,19,MCH-02,CNC_FAST,2024-07-21 15:28:10,2024-07-21 16:33:45,0.0,done,2024-07-21 16:35:05
OF-2024-01237,ART-F15,Finition,196.8,Titane,Jaune,327,MCH-01,CNC_FAST,2024-06-18 21:26:01,2024-06-19 04:06:31,111.2,done,2024-06-19 04:10:48
OF-2024-01238,ART-S17,Soudure,16.0,Acier,Bleu,358,MCH-06,MANUAL,2024-01-07 14:53:13,2024-01-08 02:32:54,0.0,done,2024-01-08 02:35:53
OF-2024-01239,ART-U32,Usinage,131.7,Aluminium,Gris,212,MCH-04,CNC_STD,2024-04-04 08:25:02,2024-04-04 15:18:01,0.0,done,2024-04-04 15:19:55
OF-2024-01240,ART-A26,Assemblage,183.1,Inox,Rouge,385,MCH-06,MANUAL,2024-01-20 09:52:05,2024-01-21 03:59:32,119.0,done,2024-01-21 04:00:35
OF-2024-01241,ART-A06,Assemblage,21.3,Acier,Noir,68,MCH-09,ROBOT_CELL,2024-03-20 16:59:13,2024-03-20 17:36:48,6.8,done,2024-03-20 17:39:11
OF-2024-01242,ART-U04,Usinage,186.4,Inox,Rouge,54,MCH-05,CNC_STD,2024-06-05 09:21:03,,0.0,aborted,2024-06-05 13:15:26
OF-2024-01243,ART-U04,Usinage,186.4,Inox,Rouge,8,MCH-05,CNC_STD,2024-04-26 12:32:29,2024-04-26 13:21:32,17.0,done,2024-04-26 13:26:20
OF-2024-01244,ART-A02,Assemblage,36.9,Aluminium,Vert,333,MCH-04,CNC_STD,2024-08-31 19:29:23,2024-08-31 21:53:57,0.0,done,2024-08-31 21:55:03
OF-2024-01245,ART-U16,Usinage,144.1,Aluminium,Noir,396,MCH-03,CNC_STD,2024-04-07 11:20:13,2024-04-07 20:57:10,0.0,done,2024-04-07 21:01:03
OF-2024-01246,art-u32,Usinage,131.7,Aluminium,Gris,10,MCH-05,CNC_STD,2024-03-09 22:00:51,2024-03-09 22:37:57,0.0,done,2024-03-09 22:41:34
OF-2024-01247,  ART-U12 ,Usinage,23.0,Titane,Noir,52,MCH-01,CNC_FAST,2024-04-11 11:53:43,2024-04-11 12:39:55,0.0,done,2024-04-11 12:41:29
OF-2024-01248,ART-U28,Usinage,115.2,Aluminium,Bleu,11,MCH-05,CNC_STD,2024-01-03 21:21:00,2024-01-03 22:05:45,10.1,done,2024-01-03 22:08:26
OF-2024-01249,ART-U32,Usinage,131.7,Aluminium,Gris,27,MCH-04,CNC_STD,2024-08-14 15:25:21,,0.0,running,2024-08-14 16:46:25
OF-2024-01250,ART-A14,Assemblage,190.7,Acier,Noir,6,MCH-03,CNC_STD,2024-01-28 19:35:33,2024-01-28 20:08:11,0.0,done,2024-01-28 20:12:41
OF-2024-01251,ART-A26,Assemblage,183.1,Inox,Rouge,311,MCH-08,MANUAL,2024-01-24 08:47:41,2024-01-24 21:49:41,0.0,done,2024-01-24 21:53:52
OF-2024-01252,ART-S13,Soudure,74.7,Acier,Jaune,52,MCH-07,MANUAL,20/04/2024 10:40,20/04/2024 15:31,82.6,done,20/04/2024 15:34
OF-2024-01253,ART-A18,Assemblage,15.6,Inox,Rouge,69,MCH-09,ROBOT_CELL,2024-01-25 06:14:17,2024-01-25 06:51:27,0.0,done,2024-01-25 06:55:59
OF-2024-01254,ART-U32,Usinage,131.7,Aluminium,Gris,32,MCH-02,CNC_FAST,2024-01-01 07:40:48,2024-01-01 08:55:43,0.0,done,2024-01-01 08:57:11
OF-2024-01255,ART-U04,Usinage,186.4,Inox,Rouge,137,MCH-02,CNC_FAST,2024-04-29 13:39:08,2024-04-29 19:20:52,0.0,done,2024-04-29 19:23:49
OF-2024-01256,ART-A38,Assemblage,165.3,Titane,Noir,76,MCH-08,MANUAL,2024-08-02 21:18:12,,67.4,running,2024-08-03 03:43:25
OF-2024-01257,ART-U16-MM,Usinage,144.1,Aluminium,Noir,65,MCH-03,CNC_STD,2024-04-22 19:00:39,2024-04-22 21:14:46,24.2,done,2024-04-22 21:17:24
OF-2024-01258,ART-F31,Finition,25.3,Inox,Gris,102,MCH-06,MANUAL,2024-08-21 12:49:30,2024-08-21 14:11:40,0.0,done,2024-08-21 14:13:10
OF-2024-01259,ART-U20-MM,Usinage,23.4,Titane,Rouge,73,MCH-01,CNC_FAST,2024-08-14 16:54:24,2024-08-14 18:34:03,21.6,done,2024-08-14 18:37:50
OF-2024-01260,ART-F31,Finition,25.3,Inox,Gris,55,MCH-02,CNC_FAST,2024-04-27 08:39:36,2024-04-27 09:02:59,0.0,done,2024-04-27 09:04:37
OF-2024-01261,ART-U04,Usinage,186.4,Inox,Rouge,71,MCH-04,CNC_STD,2024-01-13 19:20:19,2024-01-14 00:42:19,0.0,done,2024-01-14 00:44:38
OF-2024-01262,ART-U28,Usinage,115.2,Aluminium,Bleu,173,MCH-01,CNC_FAST,2024-03-30 06:47:24,2024-03-30 09:39:55,0.0,done,2024-03-30 09:41:30
OF-2024-01263,ART-U32,Usinage,131.7,Aluminium,Gris,50,MCH-01,CNC_FAST,2024-04-17 13:03:44,2024-04-17 14:26:13,0.0,done,2024-04-17 14:28:41
OF-2024-01264,ART-S05,Soudure,38.9,Acier,Vert,106,MCH-06,MANUAL,2024-05-09 06:27:03,2024-05-09 11:47:03,70.7,done,2024-05-09 11:49:48
OF-2024-01265,ART-S01,Soudure,191.3,Titane,Bleu,33,MCH-08,MANUAL,2024-03-31 14:24:45,2024-03-31 20:55:19,41.2,done,2024-03-31 20:59:29
OF-2024-01266,ART-F19,Finition,100.8,Aluminium,Gris,50,MCH-02,CNC_FAST,2024-03-06 18:15:19,2024-03-06 18:43:21,0.0,done,2024-03-06 18:46:04
OF-2024-01267,ART-S29,Soudure,90.9,Aluminium,Vert,179,MCH-07,MANUAL,19/07/2024 14:56,20/07/2024 04:08,160.2,done,20/07/2024 04:12
OF-2024-01268,ART-U28,Usinage,115.2,Aluminium,Bleu,47,MCH-05,CNC_STD,2024-07-30 14:05:10,2024-07-30 15:28:02,0.0,done,2024-07-30 15:29:15
OF-2024-01269,ART-F19,Finition,100.8,Aluminium,Gris,71,MCH-01,CNC_FAST,2024-03-21 12:30:41,2024-03-21 13:16:42,0.0,done,2024-03-21 13:20:57
OF-2024-01270,ART-S05,Soudure,38.9,Acier,Vert,39,MCH-06,MANUAL,2024-02-16 09:20:46,2024-02-16 11:23:59,0.0,done,2024-02-16 11:28:49
OF-2024-01271,ART-U28,Usinage,115.2,Aluminium,Bleu,388,MCH-04,CNC_STD,2024-06-14 14:25:04,2024-06-14 22:09:53,99.8,done,2024-06-14 22:12:10
OF-2024-01272,ART-U32,Usinage,131.7,Aluminium,Gris,37,MCH-03,CNC_STD,2024-02-27 15:46:25,2024-02-27 17:15:05,0.0,done,2024-02-27 17:15:55
OF-2024-01273,ART-A26,Assemblage,183.1,Inox,Rouge,76,MCH-09,ROBOT_CELL,2024-01-13 19:32:05,2024-01-13 21:41:46,0.0,done,2024-01-13 21:45:31
OF-2024-01274,ART-A26,Assemblage,183.1,Inox,Rouge,361,MCH-05,CNC_STD,2024-06-22 14:02:37,2024-06-23 01:14:05,0.0,done,2024-06-23 01:16:17
OF-2024-01275,ART-U28,Usinage,115.2,Aluminium,Bleu,364,MCH-01,CNC_FAST,2024-07-02 18:59:33,2024-07-02 23:59:03,33.4,done,2024-07-02 23:59:49
OF-2024-01276,ART-A02,Assemblage,36.9,Aluminium,Vert,363,MCH-06,MANUAL,2024-07-16 13:10:49,2024-07-16 16:52:40,59.4,done,2024-07-16 16:56:32
OF-2024-01277,ART-U04,Usinage,186.4,Inox,Rouge,20,MCH-04,CNC_STD,2024-04-26 21:28:43,2024-04-26 23:13:47,0.0,done,2024-04-26 23:17:20
OF-2024-01278,ART-F15,Finition,196.8,Titane,Jaune,80,MCH-06,MANUAL,2024-08-09 14:01:18,2024-08-09 17:54:17,0.0,done,2024-08-09 17:55:30
OF-2024-01279,ART-S25,Soudure,151.9,Acier,Bleu,398,MCH-06,MANUAL,2024-02-16 21:40:34,2024-02-18 22:10:47,260.4,done,2024-02-18 22:11:27
OF-2024-01280,ART-U04,Usinage,186.4,Inox,Rouge,5,MCH-01,CNC_FAST,2024-08-26 19:14:10,2024-08-26 19:47:39,0.0,done,2024-08-26 19:49:07
OF-2024-01281,ARTU32,Usinage,131.7,Aluminium,Gris,37,MCH-03,CNC_STD,2024-03-13 09:37:18,2024-03-13 11:02:41,8.7,done,2024-03-13 11:03:21
OF-2024-01282,ART-A22,Assemblage,105.9,Aluminium,Noir,24,MCH-09,ROBOT_CELL,2024-02-21 13:50:44,2024-02-21 14:22:25,11.0,done,2024-02-21 14:25:38
OF-2024-01283,ART-F27,Finition,162.2,Titane,Rouge,231,MCH-02,CNC_FAST,2024-02-12 12:56:57,2024-02-12 16:10:20,0.0,done,2024-02-12 16:11:11
OF-2024-01284,ART-S33,Soudure,195.1,Inox,Gris,58,MCH-11,ROBOT_CELL,2024-02-14 17:30:24,2024-02-14 22:40:49,0.0,done,2024-02-14 22:45:46
OF-2024-01285,ART-S25,Soudure,151.9,Acier,Bleu,48,MCH-10,ROBOT_CELL,2024-01-06 12:44:17,2024-01-06 16:26:01,0.0,done,2024-01-06 16:30:42
OF-2024-01286,ART-S09,Soudure,11.4,Acier,Jaune,62,MCH-08,MANUAL,2024-05-19 18:57:56,2024-05-19 21:16:40,9.8,done,2024-05-19 21:19:46
OF-2024-01287,ART-U16-MM,Usinage,144.1,Aluminium,Noir,113,MCH-01,CNC_FAST,2024-04-21 10:16:48,2024-04-21 12:52:10,46.0,done,2024-04-21 12:55:02
OF-2024-01288,art-f11,Finition,147.9,Acier,Gris,58,MCH-07,MANUAL,16/02/2024 20:05,16/02/2024 21:38,28.0,done,16/02/2024 21:41
OF-2024-01289,ART-S25,Soudure,151.9,Acier,Bleu,11,MCH-09,ROBOT_CELL,2024-02-07 15:44:46,2024-02-07 16:58:19,0.0,done,2024-02-07 16:59:08
OF-2024-01290,ART-F27,Finition,162.2,Titane,Rouge,23,MCH-06,MANUAL,2024-02-11 13:34:24,2024-02-11 14:37:18,0.0,done,2024-02-11 14:39:08
OF-2024-01291,ART-A10,Assemblage,48.9,Aluminium,Jaune,17,MCH-10,ROBOT_CELL,2024-03-12 20:07:39,2024-03-12 20:26:14,4.3,done,2024-03-12 20:27:03
OF-2024-01292,ART-F27,Finition,162.2,Titane,Rouge,121,MCH-02,CNC_FAST,2024-02-13 16:06:13,2024-02-13 18:07:28,0.0,done,2024-02-13 18:08:20
OF-2024-01293,ART-A06,Assemblage,21.3,Acier,Noir,141,MCH-08,MANUAL,2024-05-04 06:56:27,,8.6,aborted,2024-05-04 09:15:21
OF-2024-01294,ART-U04,Usinage,186.4,Inox,Rouge,43,MCH-05,CNC_STD,2024-07-09 17:36:05,2024-07-09 20:58:14,0.0,done,2024-07-09 20:58:48
OF-2024-01295,ART-U00,Usinage,184.0,Inox,Jaune,33,MCH-02,CNC_FAST,2024-04-29 10:39:22,2024-04-29 12:01:42,22.6,done,2024-04-29 12:06:31
OF-2024-01296,ART-S29,Soudure,90.9,Aluminium,Vert,80,MCH-07,MANUAL,02/06/2024 19:40,03/06/2024 01:12,30.5,done,03/06/2024 01:16
OF-2024-01297,ART-A26,Assemblage,183.1,Inox,Rouge,114,MCH-06,MANUAL,2024-02-19 10:28:22,2024-02-19 15:22:08,0.0,done,2024-02-19 15:23:00
OF-2024-01298,ART-S13,Soudure,74.7,Acier,Jaune,14,MCH-09,ROBOT_CELL,2024-07-06 17:01:52,2024-07-06 17:55:00,0.0,done,2024-07-06 17:59:55
OF-2024-01299,ART-S29,Soudure,90.9,Aluminium,Vert,49,MCH-08,MANUAL,2024-05-03 12:59:25,2024-05-03 15:53:57,26.6,done,2024-05-03 15:58:29
OF-2024-01300,ART-S33,Soudure,195.1,Inox,Gris,10,MCH-10,ROBOT_CELL,2024-08-02 14:35:02,2024-08-02 15:46:21,0.0,done,2024-08-02 15:50:54
OF-2024-01301,ART-A06,Assemblage,21.3,Acier,Noir,73,MCH-11,ROBOT_CELL,2024-03-14 13:48:11,2024-03-14 14:25:15,0.0,done,2024-03-14 14:27:51
OF-2024-01302,  ART-U16 ,Usinage,144.1,Aluminium,Noir,54,MCH-04,CNC_STD,2024-02-27 21:57:41,2024-02-27 23:58:59,0.0,done,2024-02-28 00:01:36
OF-2024-01303,ART-U28,Usinage,115.2,Aluminium,Bleu,38,MCH-04,CNC_STD,2024-03-21 14:22:05,2024-03-22 02:57:56,0.0,done,2024-03-22 03:02:02
OF-2024-01304,ART-U24,Usinage,173.0,Aluminium,Vert,31,MCH-01,CNC_FAST,2024-01-22 19:16:01,2024-01-22 20:23:32,0.0,done,2024-01-22 20:24:32
OF-2024-01305,ART-U28,Usinage,115.2,Aluminium,Bleu,59,MCH-01,CNC_FAST,2024-07-16 09:35:57,2024-07-16 10:51:49,0.0,done,2024-07-16 10:53:52
OF-2024-01306,ART-U04,Usinage,186.4,Inox,Rouge,20,MCH-02,CNC_FAST,2024-02-06 08:53:37,2024-02-06 10:03:26,0.0,done,2024-02-06 10:07:39
OF-2024-01307,ART-A10,Assemblage,48.9,Aluminium,Jaune,253,MCH-08,MANUAL,2024-08-28 15:05:16,2024-08-28 20:58:46,0.0,done,2024-08-28 21:00:56
OF-2024-01308,ART-F15,Finition,196.8,Titane,Jaune,59,MCH-02,CNC_FAST,2024-05-13 15:20:33,2024-05-13 16:48:54,0.0,done,2024-05-13 16:50:24
OF-2024-01309,ART-S05,Soudure,38.9,Acier,Vert,311,MCH-07,MANUAL,02/08/2024 21:29,03/08/2024 10:27,138.1,done,03/08/2024 10:29
OF-2024-01310,ART-A14,Assemblage,190.7,Acier,Noir,77,MCH-04,CNC_STD,2024-04-05 13:03:19,2024-04-05 15:36:44,26.3,done,2024-04-05 15:41:08
OF-2024-01311,ART-F11,Finition,147.9,Acier,Gris,29,MCH-08,MANUAL,2024-01-20 12:55:34,2024-01-20 13:49:01,16.1,done,2024-01-20 13:52:07
OF-2024-01312,ART-S21,Soudure,45.5,Inox,Vert,229,MCH-11,ROBOT_CELL,2024-04-15 12:57:38,2024-04-15 20:53:32,0.0,done,2024-04-15 20:58:01
OF-2024-01313,ART-U28,Usinage,115.2,Aluminium,Bleu,55,MCH-02,CNC_FAST,2024-05-11 21:29:00,2024-05-11 21:09:00,8.1,done,2024-05-11 22:31:40
OF-2024-01314,ART-A06,Assemblage,21.3,Acier,Noir,197,MCH-11,ROBOT_CELL,2024-03-07 15:10:00,2024-03-07 16:29:17,0.0,done,2024-03-07 16:30:32
OF-2024-01315,ART-F31,Finition,25.3,Inox,Gris,357,MCH-01,CNC_FAST,2024-07-03 07:53:38,2024-07-03 09:32:35,0.0,done,2024-07-03 09:36:41
OF-2024-01316,ART-F15,Finition,196.8,Titane,Jaune,42,MCH-01,CNC_FAST,2024-04-14 16:50:47,2024-04-14 18:01:23,7.4,done,2024-04-14 18:04:59
OF-2024-01317,ART-F15,Finition,196.8,Titane,Jaune,20,MCH-02,CNC_FAST,2024-03-09 15:45:13,2024-03-09 16:25:17,14.0,done,2024-03-09 16:26:12
OF-2024-01318,ART-F19,Finition,100.8,Aluminium,Gris,23,MCH-02,CNC_FAST,2024-03-11 11:43:06,2024-03-11 12:03:00,0.0,done,2024-03-11 12:04:41
OF-2024-01319,ART-S05,Soudure,38.9,Acier,Vert,73,MCH-10,ROBOT_CELL,2024-05-19 06:44:53,2024-05-19 08:41:16,0.0,done,2024-05-19 08:42:35
OF-2024-01320,ART-S09,Soudure,11.4,Acier,Jaune,32,MCH-07,MANUAL,06/02/2024 20:39,06/02/2024 21:59,0.0,done,06/02/2024 22:01
OF-2024-01321,ART-A18,Assemblage,15.6,Inox,Rouge,48,MCH-10,ROBOT_CELL,2024-01-08 08:02:48,2024-01-08 08:34:03,0.0,done,2024-01-08 08:37:42
OF-2024-01322,ART-U28,Usinage,115.2,Aluminium,Bleu,64,MCH-01,CNC_FAST,2024-04-14 07:40:50,2024-04-14 08:49:55,0.0,done,2024-04-14 08:53:25
OF-2024-01323,ART-U04,Usinage,186.4,Inox,Rouge,29,MCH-02,CNC_FAST,2024-05-08 13:55:23,2024-05-08 15:21:38,0.0,done,2024-05-08 15:25:53
OF-2024-01324,ART-S13,Soudure,74.7,Acier,Jaune,25,MCH-08,MANUAL,2024-04-30 13:18:29,2024-04-30 15:56:07,0.0,done,2024-04-30 15:59:09
OF-2024-01325,ART-S25,Soudure,151.9,Acier,Bleu,48,MCH-11,ROBOT_CELL,2024-06-29 17:52:14,2024-06-29 20:58:16,0.0,done,2024-06-29 21:01:03
OF-2024-01326,ART-S21,Soudure,45.5,Inox,Vert,10,MCH-11,ROBOT_CELL,2024-08-03 19:48:17,2024-08-03 20:37:01,0.0,done,2024-08-03 20:41:41
OF-2024-01327,ART-U16,Usinage,144.1,Aluminium,Noir,174,MCH-01,CNC_FAST,2024-07-27 11:58:25,2024-07-27 16:30:15,0.0,done,2024-07-27 16:34:54
OF-2024-01328,ARTU08,Usinage,22.6,Inox,Noir,50,MCH-04,CNC_STD,2024-02-29 08:32:44,2024-02-29 09:33:50,11.6,done,2024-02-29 09:38:12
OF-2024-01329,ART-U16-MM,Usinage,144.1,Aluminium,Noir,52,MCH-04,CNC_STD,2024-08-04 10:07:32,2024-08-04 11:48:08,8.7,done,2024-08-04 11:48:44
OF-2024-01330,ART-U28,Usinage,115.2,Aluminium,Bleu,149,MCH-01,CNC_FAST,2024-05-31 21:51:27,2024-06-01 00:40:47,49.8,done,2024-06-01 00:42:55
OF-2024-01331,ART-U04,Usinage,186.4,Inox,Rouge,77,MCH-04,CNC_STD,2024-03-08 19:48:31,2024-03-09 00:38:46,0.0,done,2024-03-09 00:40:56
OF-2024-01332,ART-U08-MM,Usinage,22.6,Inox,Noir,212,MCH-01,CNC_FAST,2024-02-22 12:05:52,2024-02-22 14:54:17,0.0,done,2024-02-22 14:56:18
OF-2024-01333,ART-S25,Soudure,151.9,Acier,Bleu,80,MCH-11,ROBOT_CELL,2024-05-20 07:06:21,,0.0,running,2024-05-20 11:57:19
OF-2024-01334,art-u12,Usinage,23.0,Titane,Noir,77,MCH-05,CNC_STD,2024-01-16 10:39:12,2024-01-16 12:28:11,0.0,done,2024-01-16 12:30:48
OF-2024-01335,ART-U00,Usinage,184.0,Inox,Jaune,43,MCH-05,CNC_STD,2024-07-26 12:19:19,2024-07-26 15:30:21,0.0,done,2024-07-26 15:31:59
OF-2024-01336,ART-F11,Finition,147.9,Acier,Gris,64,MCH-01,CNC_FAST,2024-05-29 12:37:17,2024-05-29 13:26:48,5.3,done,2024-05-29 13:27:50
OF-2024-01337,ART-U32,Usinage,131.7,Aluminium,Gris,60,MCH-02,CNC_FAST,2024-08-16 10:40:33,2024-08-16 12:33:16,0.0,done,2024-08-16 12:36:11
OF-2024-01338,ART-U32,Usinage,131.7,Aluminium,Gris,188,MCH-02,CNC_FAST,2024-01-24 10:41:24,2024-01-24 14:31:39,24.7,done,2024-01-24 14:32:12
OF-2024-01339,ART-U20,Usinage,23.4,Titane,Rouge,62,MCH-02,CNC_FAST,2024-01-18 09:09:24,2024-01-18 10:27:29,0.0,done,2024-01-18 10:30:51
OF-2024-01340,ART-A10,Assemblage,48.9,Aluminium,Jaune,352,MCH-06,MANUAL,2024-07-30 08:49:42,2024-07-30 13:57:25,24.9,done,2024-07-30 13:59:51
OF-2024-01341,ART-A22,Assemblage,105.9,Aluminium,Noir,10,MCH-04,CNC_STD,2024-02-15 20:32:28,2024-02-15 20:54:20,7.0,done,2024-02-15 20:57:57
OF-2024-01342,ART-U20,Usinage,23.4,Titane,Rouge,25,MCH-03,CNC_STD,2024-05-31 10:06:00,2024-05-31 10:51:54,0.0,done,2024-05-31 10:53:37
OF-2024-01343,ART-S13,Soudure,74.7,Acier,Jaune,259,MCH-06,MANUAL,2024-01-18 17:20:50,2024-01-19 12:47:20,0.0,done,2024-01-19 12:50:20
OF-2024-01344,ART-F27,Finition,162.2,Titane,Rouge,34,MCH-07,MANUAL,05/03/2024 12:27,05/03/2024 13:46,0.0,done,05/03/2024 13:49
OF-2024-01345,ART-U28,Usinage,115.2,Aluminium,Bleu,19,MCH-03,CNC_STD,2024-01-04 16:04:59,2024-01-04 16:56:17,0.0,done,2024-01-04 16:58:22
OF-2024-01346,ART-A02,Assemblage,36.9,Aluminium,Vert,68,MCH-08,MANUAL,2024-03-01 19:31:47,2024-03-01 20:24:22,13.4,done,2024-03-01 20:25:47
OF-2024-01347,ART-U32,Usinage,131.7,Aluminium,Gris,33,MCH-04,CNC_STD,2024-02-13 13:55:47,2024-02-13 15:08:03,0.0,done,2024-02-13 15:09:39
OF-2024-01348,ART-U08-MM,Usinage,22.6,Inox,Noir,29,MCH-04,CNC_STD,2024-07-09 09:14:14,2024-07-09 09:54:53,0.0,done,2024-07-09 09:59:04
OF-2024-01349,ART-U16,Usinage,144.1,Aluminium,Noir,38,MCH-01,CNC_FAST,2024-08-01 11:05:17,2024-08-01 12:23:37,0.0,done,2024-08-01 12:25:29
OF-2024-01350,ART-A26,Assemblage,183.1,Inox,Rouge,35,MCH-03,CNC_STD,2024-07-29 14:27:46,2024-07-29 15:52:50,22.2,done,2024-07-29 15:55:39
OF-2024-01351,ART-U16,Usinage,144.1,Aluminium,Noir,213,MCH-04,CNC_STD,2024-03-27 07:05:25,2024-03-29 16:58:58,0.0,done,2024-03-29 17:01:41
OF-2024-01352,ART-F31,Finition,25.3,Inox,Gris,26,MCH-02,CNC_FAST,2024-03-15 07:07:18,2024-03-15 07:22:01,0.0,done,2024-03-15 07:22:57
OF-2024-01353,ART-F19,Finition,100.8,Aluminium,Gris,35,MCH-06,MANUAL,2024-04-29 09:25:59,2024-04-29 10:12:12,7.1,done,2024-04-29 10:13:41
OF-2024-01354,ART-F31,Finition,25.3,Inox,Gris,18,MCH-01,CNC_FAST,2024-01-23 06:36:48,2024-01-23 06:47:09,2.8,done,2024-01-23 06:48:06
OF-2024-01355,ART-F27,Finition,162.2,Titane,Rouge,13,MCH-08,MANUAL,2024-05-08 11:22:01,2024-05-08 12:09:28,0.0,done,2024-05-08 12:12:17
OF-2024-01356,ART-A26,Assemblage,183.1,Inox,Rouge,35,MCH-04,CNC_STD,2024-06-20 15:00:53,2024-06-20 16:25:27,21.4,done,2024-06-20 16:28:17
OF-2024-01357,ART-S09,Soudure,11.4,Acier,Jaune,55,MCH-08,MANUAL,2024-06-15 07:05:57,2024-06-15 09:09:08,0.0,done,2024-06-15 09:12:59
OF-2024-01358,ART-U32,Usinage,131.7,Aluminium,Gris,31,MCH-01,CNC_FAST,2024-06-29 12:41:22,2024-06-29 13:24:15,0.0,done,2024-06-29 13:25:56
OF-2024-01359,ART-U00,Usinage,184.0,Inox,Jaune,32,MCH-01,CNC_FAST,2024-05-13 10:06:02,2024-05-13 11:47:54,6.6,done,2024-05-13 11:48:47
OF-2024-01360,ART-S21,Soudure,45.5,Inox,Vert,43,MCH-10,ROBOT_CELL,2024-08-25 09:05:11,2024-08-25 10:45:13,0.0,done,2024-08-25 10:48:05
OF-2024-01361,ART-U16,Usinage,144.1,Aluminium,Noir,257,MCH-04,CNC_STD,2024-03-04 19:36:05,2024-03-05 02:56:04,0.0,done,2024-03-05 02:56:55
OF-2024-01362,ART-S25,Soudure,151.9,Acier,Bleu,384,MCH-06,MANUAL,2024-08-17 17:44:36,2024-08-19 05:52:49,293.8,done,2024-08-19 05:57:11
OF-2024-01363,ART-A10,Assemblage,48.9,Aluminium,Jaune,60,MCH-09,ROBOT_CELL,2024-05-03 06:47:08,2024-05-03 07:35:18,0.0,done,2024-05-03 07:37:28
OF-2024-01364,ART-A18,Assemblage,15.6,Inox,Rouge,60,MCH-03,CNC_STD,2024-08-12 07:54:28,2024-08-12 08:34:35,0.0,done,2024-08-12 08:38:51
OF-2024-01365,  ART-F07 ,Finition,147.0,Acier,Gris,53,MCH-08,MANUAL,2024-05-13 09:15:26,2024-05-13 10:21:49,0.0,done,2024-05-13 10:25:15
OF-2024-01366,  ART-U16 ,Usinage,144.1,Aluminium,Noir,64,MCH-04,CNC_STD,2024-05-15 11:14:37,2024-05-15 13:41:39,0.0,done,2024-05-15 13:44:12
OF-2024-01367,ART-U08,Usinage,22.6,Inox,Noir,66,MCH-01,CNC_FAST,2024-01-06 18:04:20,2024-01-06 19:03:19,0.0,done,2024-01-06 19:03:52
OF-2024-01368,ART-A26,Assemblage,183.1,Inox,Rouge,326,MCH-05,CNC_STD,2024-05-25 08:52:16,2024-05-25 17:48:03,170.5,done,2024-05-25 17:49:53
OF-2024-01369,ART-F15,Finition,196.8,Titane,Jaune,27,MCH-02,CNC_FAST,2024-07-05 16:30:57,2024-07-05 17:10:19,10.6,done,2024-07-05 17:14:00
OF-2024-01370,ART-S25,Soudure,151.9,Acier,Bleu,113,MCH-10,ROBOT_CELL,2024-08-10 20:17:35,2024-08-11 02:45:21,0.0,done,2024-08-11 02:46:36
OF-2024-01371,ART-U32,Usinage,131.7,Aluminium,Gris,120,MCH-03,CNC_STD,2024-03-04 08:07:28,2024-03-04 11:33:42,0.0,done,2024-03-04 11:36:29
OF-2024-01372,  ART-F19 ,Finition,100.8,Aluminium,Gris,5,MCH-06,MANUAL,2024-07-25 21:15:41,2024-07-25 21:30:19,2.3,done,2024-07-25 21:33:17
OF-2024-01373,ART-U16,Usinage,144.1,Aluminium,Noir,59,MCH-03,CNC_STD,2024-05-11 12:21:19,2024-05-11 14:43:53,24.1,done,2024-05-11 14:48:00
OF-2024-01374,ART-S33,Soudure,195.1,Inox,Gris,56,MCH-07,MANUAL,01/01/2024 06:06,01/01/2024 13:44,0.0,done,01/01/2024 13:49
OF-2024-01375,ART-A10,Assemblage,48.9,Aluminium,Jaune,52,MCH-07,MANUAL,19/08/2024 12:00,,0.0,running,19/08/2024 13:16
OF-2024-01376,ART-A10,Assemblage,48.9,Aluminium,Jaune,45,MCH-06,MANUAL,2024-06-17 09:42:10,2024-06-17 10:48:47,0.0,done,2024-06-17 10:53:47
OF-2024-01377,art-f19,Finition,100.8,Aluminium,Gris,48,MCH-07,MANUAL,07/03/2024 17:21,07/03/2024 18:21,3.8,done,07/03/2024 18:26
OF-2024-01378,ART-U04,Usinage,186.4,Inox,Rouge,14,MCH-01,CNC_FAST,2024-08-18 11:09:32,2024-08-18 12:03:40,13.7,done,2024-08-18 12:08:29
OF-2024-01379,ART-F11,Finition,147.9,Acier,Gris,22,MCH-02,CNC_FAST,2024-05-08 08:10:06,2024-05-08 08:29:55,0.0,done,2024-05-08 08:34:41
OF-2024-01380,art-f19,Finition,100.8,Aluminium,Gris,387,MCH-06,MANUAL,2024-01-29 12:50:19,2024-01-29 20:44:10,0.0,done,2024-01-29 20:48:15
OF-2024-01381,ART-F27,Finition,162.2,Titane,Rouge,61,MCH-01,CNC_FAST,2024-03-21 10:04:17,2024-03-21 11:25:13,0.0,done,2024-03-21 11:29:40
OF-2024-01382,ART-U28,Usinage,115.2,Aluminium,Bleu,5,MCH-01,CNC_FAST,2024-06-29 08:07:13,,0.0,running,2024-06-29 08:30:17
OF-2024-01383,ART-U32-MM,Usinage,131.7,Aluminium,Gris,29,MCH-03,CNC_STD,2024-07-13 10:10:57,2024-07-13 11:19:45,17.7,done,2024-07-13 11:22:48
OF-2024-01384,art-a06,Assemblage,21.3,Acier,Noir,5,MCH-07,MANUAL,18/03/2024 10:06,18/03/2024 10:20,1.2,done,18/03/2024 10:23
OF-2024-01385,ART-U04,Usinage,186.4,Inox,Rouge,52,MCH-04,CNC_STD,2024-08-04 07:58:54,2024-08-04 11:29:27,46.7,done,2024-08-04 11:33:56
OF-2024-01386,ART-F15,Finition,196.8,Titane,Jaune,16,MCH-01,CNC_FAST,2024-04-10 17:01:36,2024-04-10 17:29:07,7.7,done,2024-04-10 17:33:23
OF-2024-01387,ART-S33,Soudure,195.1,Inox,Gris,11,MCH-08,MANUAL,2024-02-29 11:28:20,2024-02-29 14:03:31,0.0,done,2024-02-29 14:04:24
OF-2024-01388,ART-A10,Assemblage,48.9,Aluminium,Jaune,196,MCH-07,MANUAL,23/07/2024 16:31,23/07/2024 19:28,0.0,done,23/07/2024 19:32
OF-2024-01389,ART-U16,Usinage,144.1,Aluminium,Noir,36,MCH-02,CNC_FAST,2024-07-28 13:25:27,2024-07-28 14:27:15,16.5,done,2024-07-28 14:30:31
OF-2024-01390,ART-S13,Soudure,74.7,Acier,Jaune,76,MCH-08,MANUAL,2024-05-06 16:21:56,2024-05-06 21:55:55,53.8,done,2024-05-06 21:57:08
OF-2024-01391,ART-U16,Usinage,144.1,Aluminium,Noir,66,MCH-01,CNC_FAST,2024-06-29 20:24:52,2024-06-29 22:05:42,0.0,done,2024-06-29 22:09:33
OF-2024-01392,ART-S01,Soudure,191.3,Titane,Bleu,51,MCH-07,MANUAL,09/03/2024 12:41,09/03/2024 20:06,0.0,done,09/03/2024 20:08
OF-2024-01393,ART-U04,Usinage,186.4,Inox,Rouge,80,MCH-02,CNC_FAST,2024-05-31 14:48:06,2024-05-31 18:10:27,0.0,done,2024-05-31 18:12:32
OF-2024-01394,ART-F19,Finition,100.8,Aluminium,Gris,79,MCH-01,CNC_FAST,2024-03-29 07:44:31,2024-03-29 08:22:26,0.0,done,2024-03-29 08:24:26
OF-2024-01395,ART-F15,Finition,196.8,Titane,Jaune,74,MCH-08,MANUAL,2024-02-18 21:55:22,2024-02-19 01:46:03,0.0,done,2024-02-19 01:49:33
OF-2024-01396,ART-A26,Assemblage,183.1,Inox,Rouge,14,MCH-08,MANUAL,2024-02-01 08:52:11,2024-02-01 10:02:17,0.0,done,2024-02-01 10:05:45
OF-2024-01397,ART-A18,Assemblage,15.6,Inox,Rouge,74,MCH-07,MANUAL,12/02/2024 11:29,12/02/2024 12:40,24.7,done,12/02/2024 12:41
OF-2024-01398,ART-S13,Soudure,74.7,Acier,Jaune,27,MCH-07,MANUAL,01/03/2024 12:26,01/03/2024 15:18,60.2,done,01/03/2024 15:23
OF-2024-01399,art-a30,Assemblage,130.4,Acier,Gris,40,MCH-12,ROBOT_CELL,2024-07-18 09:04:37,2024-07-18 10:06:28,12.7,done,2024-07-18 10:09:28
OF-2024-01400,ART-U28,Usinage,115.2,Aluminium,Bleu,27,MCH-05,CNC_STD,2024-04-26 11:32:48,2024-04-26 12:30:51,0.0,done,2024-04-26 12:34:42
OF-2024-01401,ART-U04,Usinage,186.4,Inox,Rouge,18,MCH-04,CNC_STD,2024-03-27 18:23:56,2024-03-28 14:45:18,0.0,done,2024-03-28 14:47:43
OF-2024-01402,ART-U28,Usinage,115.2,Aluminium,Bleu,366,MCH-05,CNC_STD,2024-01-06 09:01:01,2024-01-06 21:08:06,0.0,done,2024-01-06 21:11:24
OF-2024-01403,ART-S13,Soudure,74.7,Acier,Jaune,42,MCH-09,ROBOT_CELL,2024-05-07 10:16:42,2024-05-07 12:10:08,0.0,done,2024-05-07 12:13:26
OF-2024-01404,ART-A02,Assemblage,36.9,Aluminium,Vert,14,MCH-11,ROBOT_CELL,2024-06-26 18:20:27,2024-06-26 18:33:51,0.0,done,2024-06-26 18:37:57
OF-2024-01405,ART-F03,Finition,55.9,Titane,Jaune,27,MCH-01,CNC_FAST,2024-02-18 21:29:34,2024-02-18 21:58:18,0.0,done,2024-02-18 22:01:48
OF-2024-01406,ART-S13,Soudure,74.7,Acier,Jaune,35,MCH-09,ROBOT_CELL,2024-06-18 08:43:03,2024-06-18 10:38:24,0.0,done,2024-06-18 10:41:54
OF-2024-01407,ART-U04,Usinage,186.4,Inox,Rouge,321,MCH-02,CNC_FAST,2024-03-03 12:02:39,2024-03-04 02:59:55,0.0,done,2024-03-04 03:02:09
OF-2024-01408,ART-A26,Assemblage,183.1,Inox,Rouge,72,MCH-06,MANUAL,2024-01-07 17:21:34,2024-01-07 21:21:00,59.2,done,2024-01-07 21:22:39
OF-2024-01409,ART-U24,Usinage,173.0,Aluminium,Vert,51,MCH-01,CNC_FAST,2024-07-27 21:58:05,2024-07-27 23:07:01,16.0,done,2024-07-27 23:10:11
OF-2024-01410,ART-F11-MM,Finition,147.9,Acier,Gris,46,MCH-08,MANUAL,2024-03-28 10:40:01,2024-03-28 11:47:38,0.0,done,2024-03-28 11:50:02
OF-2024-01411,ART-A06,Assemblage,21.3,Acier,Noir,5,MCH-09,ROBOT_CELL,2024-07-03 07:19:36,2024-07-03 07:27:24,0.0,done,2024-07-03 07:28:34
OF-2024-01412,ARTF11,Finition,147.9,Acier,Gris,24,MCH-06,MANUAL,2024-04-13 12:24:59,2024-04-13 13:19:34,0.0,done,2024-04-13 13:21:15
OF-2024-01413,ART-A06-MM,Assemblage,21.3,Acier,Noir,9,MCH-11,ROBOT_CELL,2024-06-06 08:00:07,2024-06-06 08:08:36,0.0,done,2024-06-06 08:12:52
OF-2024-01414,ART-S17-MM,Soudure,16.0,Acier,Bleu,348,MCH-08,MANUAL,2024-04-17 14:12:18,2024-04-17 23:17:37,0.0,done,2024-04-17 23:21:31
OF-2024-01415,ART-A14,Assemblage,190.7,Acier,Noir,177,MCH-06,MANUAL,2024-04-23 18:28:03,2024-04-24 02:58:30,0.0,done,2024-04-24 03:02:14
OF-2024-01416,ART-U16,Usinage,144.1,Aluminium,Noir,17,MCH-01,CNC_FAST,2024-06-17 11:49:00,2024-06-17 12:19:53,0.0,done,2024-06-17 12:23:31
OF-2024-01417,ART-U04,Usinage,186.4,Inox,Rouge,192,MCH-01,CNC_FAST,2024-07-04 19:14:57,2024-07-05 03:51:08,0.0,done,2024-07-05 03:51:39
OF-2024-01418,ART-S09,Soudure,11.4,Acier,Jaune,56,MCH-08,MANUAL,2024-03-29 06:39:59,2024-03-29 08:48:05,0.0,done,2024-03-29 08:51:33
OF-2024-01419,ART-F15,Finition,196.8,Titane,Jaune,275,MCH-01,CNC_FAST,2024-04-30 10:53:11,2024-04-30 17:06:59,43.6,done,2024-04-30 17:10:37
OF-2024-01420,ART-F03,Finition,55.9,Titane,Jaune,245,MCH-02,CNC_FAST,2024-05-21 18:03:49,2024-05-21 21:13:02,58.0,done,2024-05-21 21:17:24
OF-2024-01421,ART-S29,Soudure,90.9,Aluminium,Vert,55,MCH-08,MANUAL,2024-05-23 17:45:33,2024-05-23 21:13:08,0.0,done,2024-05-23 21:15:34
OF-2024-01422,ART-A02,Assemblage,36.9,Aluminium,Vert,47,MCH-08,MANUAL,2024-01-21 21:26:19,2024-01-21 22:30:42,0.0,done,2024-01-21 22:32:28
OF-2024-01423,ART-S29,Soudure,90.9,Aluminium,Vert,8,MCH-07,MANUAL,08/07/2024 09:27,08/07/2024 10:31,5.7,done,08/07/2024 10:33
OF-2024-01424,ART-F23,Finition,23.0,Acier,Gris,37,MCH-02,CNC_FAST,2024-04-16 12:42:05,2024-04-16 12:55:01,0.0,done,2024-04-16 12:56:38
OF-2024-01425,ARTU16,Usinage,144.1,Aluminium,Noir,150,MCH-01,CNC_FAST,2024-04-22 22:05:46,2024-04-23 00:41:31,0.0,done,2024-04-23 00:45:00
OF-2024-01426,ART-S25,Soudure,151.9,Acier,Bleu,64,MCH-06,MANUAL,2024-07-19 09:18:24,2024-07-19 17:52:00,0.0,done,2024-07-19 17:53:26
OF-2024-01427,ART-A26,Assemblage,183.1,Inox,Rouge,45,MCH-10,ROBOT_CELL,2024-08-29 17:48:38,2024-08-29 19:35:47,27.1,done,2024-08-29 19:38:07
OF-2024-01428,  ART-U32 ,Usinage,131.7,Aluminium,Gris,63,MCH-02,CNC_FAST,2024-07-28 10:58:12,2024-07-28 12:23:36,0.0,done,2024-07-28 12:28:15
OF-2024-01429,ART-U32,Usinage,131.7,Aluminium,Gris,17,MCH-01,CNC_FAST,2024-08-07 18:43:40,2024-08-07 19:20:28,0.0,done,2024-08-07 19:21:43
OF-2024-01430,ART-A10,Assemblage,48.9,Aluminium,Jaune,70,MCH-04,CNC_STD,2024-08-27 16:30:48,2024-08-27 17:38:21,0.0,done,2024-08-27 17:39:07
OF-2024-01431,ART-U04,Usinage,186.4,Inox,Rouge,70,MCH-02,CNC_FAST,2024-06-18 15:08:18,2024-06-18 19:03:19,68.9,done,2024-06-18 19:05:23
OF-2024-01432,ART-U16,Usinage,144.1,Aluminium,Noir,17,MCH-05,CNC_STD,2024-07-31 19:08:27,2024-07-31 20:14:13,0.0,done,2024-07-31 20:15:13
OF-2024-01433,ART-A14,Assemblage,190.7,Acier,Noir,7,MCH-11,ROBOT_CELL,2024-05-17 21:08:29,2024-05-17 21:30:40,0.0,done,2024-05-17 21:34:00
OF-2024-01434,ART-A06,Assemblage,21.3,Acier,Noir,69,MCH-05,CNC_STD,2024-08-03 17:19:31,2024-08-03 18:04:30,0.0,done,2024-08-03 18:05:32
OF-2024-01435,ART-U32,Usinage,131.7,Aluminium,Gris,38,MCH-02,CNC_FAST,2024-07-29 15:46:14,2024-07-29 16:52:43,0.0,done,2024-07-29 16:56:09
OF-2024-01436,ART-F11,Finition,147.9,Acier,Gris,13,MCH-08,MANUAL,2024-03-29 14:07:38,2024-03-29 14:37:31,0.0,done,2024-03-29 14:39:47
OF-2024-01437,ART-U24,Usinage,173.0,Aluminium,Vert,72,MCH-04,CNC_STD,2024-05-01 14:03:24,2024-05-01 16:59:00,54.7,done,2024-05-01 17:02:41
OF-2024-01438,ART-A10,Assemblage,48.9,Aluminium,Jaune,36,MCH-03,CNC_STD,2024-05-10 14:56:35,2024-05-10 15:33:16,0.0,done,2024-05-10 15:34:20
OF-2024-01439,ART-U24,Usinage,173.0,Aluminium,Vert,37,MCH-01,CNC_FAST,2024-03-31 11:35:54,2024-03-31 12:41:18,0.0,done,2024-03-31 12:43:41
OF-2024-01440,ART-U28,Usinage,115.2,Aluminium,Bleu,57,MCH-02,CNC_FAST,2024-07-01 19:00:19,2024-07-01 20:07:48,20.4,done,2024-07-01 20:08:57
OF-2024-01441,  ART-A06 ,Assemblage,21.3,Acier,Noir,217,MCH-07,MANUAL,30/01/2024 14:03,30/01/2024 16:36,0.0,done,30/01/2024 16:41
OF-2024-01442,ART-U28,Usinage,115.2,Aluminium,Bleu,59,MCH-02,CNC_FAST,2024-05-30 20:54:17,2024-05-30 22:03:49,0.0,done,2024-05-30 22:04:37
OF-2024-01443,ART-F27,Finition,162.2,Titane,Rouge,328,MCH-02,CNC_FAST,2024-01-25 21:01:53,2024-01-26 02:11:40,0.0,done,2024-01-26 02:15:58
OF-2024-01444,ART-A26,Assemblage,183.1,Inox,Rouge,42,MCH-08,MANUAL,2024-08-29 16:02:09,2024-08-29 18:53:37,0.0,done,2024-08-29 18:55:17
OF-2024-01445,ART-U00,Usinage,184.0,Inox,Jaune,39,MCH-05,CNC_STD,2024-05-11 17:12:47,2024-05-11 19:40:49,0.0,done,2024-05-11 19:44:25
OF-2024-01446,ART-U04,Usinage,186.4,Inox,Rouge,151,MCH-04,CNC_STD,2024-04-23 12:56:28,2024-04-23 22:55:14,0.0,done,2024-04-23 22:58:22
OF-2024-01447,ART-U00,Usinage,184.0,Inox,Jaune,52,MCH-02,CNC_FAST,2024-05-24 20:42:26,2024-05-24 22:37:47,20.1,done,2024-05-24 22:38:52
OF-2024-01448,ART-S33,Soudure,195.1,Inox,Gris,70,MCH-07,MANUAL,18/04/2024 13:33,18/04/2024 23:01,0.0,done,18/04/2024 23:04
OF-2024-01449,ART-S33,Soudure,195.1,Inox,Gris,16,MCH-07,MANUAL,14/02/2024 20:55,,0.0,running,15/02/2024 00:13
OF-2024-01450,ART-U20,Usinage,23.4,Titane,Rouge,72,MCH-01,CNC_FAST,2024-04-25 07:56:04,2024-04-25 09:06:45,19.3,done,2024-04-25 09:11:36
OF-2024-01451,ART-U24,Usinage,173.0,Aluminium,Vert,246,MCH-02,CNC_FAST,2024-06-21 18:17:57,2024-06-22 00:10:22,82.0,done,2024-06-22 00:13:26
OF-2024-01452,ART-A06,Assemblage,21.3,Acier,Noir,57,MCH-08,MANUAL,2024-06-29 21:39:04,2024-06-29 22:27:17,0.0,done,2024-06-29 22:29:28
OF-2024-01453,ART-S25,Soudure,151.9,Acier,Bleu,73,MCH-08,MANUAL,2024-04-22 21:41:21,2024-04-23 03:55:36,0.0,done,2024-04-23 03:59:24
OF-2024-01454,ART-F39,Finition,157.5,Titane,Jaune,45,MCH-01,CNC_FAST,2024-07-22 19:56:50,2024-07-22 20:45:27,0.0,done,2024-07-22 20:48:30
OF-2024-01455,ART-U16,Usinage,144.1,Aluminium,Noir,225,MCH-04,CNC_STD,2024-07-29 16:59:03,2024-07-29 23:42:50,73.9,done,2024-07-29 23:47:28
OF-2024-01456,ART-F15,Finition,196.8,Titane,Jaune,11,MCH-01,CNC_FAST,2024-06-21 20:49:59,2024-06-21 21:12:10,0.0,done,2024-06-21 21:13:31
OF-2024-01457,ART-U04,Usinage,186.4,Inox,Rouge,24,MCH-01,CNC_FAST,2024-08-14 18:45:15,2024-08-14 20:01:24,11.5,done,2024-08-14 20:05:39
OF-2024-01458,ART-U08,Usinage,22.6,Inox,Noir,380,MCH-01,CNC_FAST,2024-03-11 06:27:11,2024-03-11 10:38:21,0.0,done,2024-03-11 10:43:04
OF-2024-01459,ART-F27,Finition,162.2,Titane,Rouge,376,MCH-02,CNC_FAST,2024-08-10 19:48:26,2024-08-11 01:49:11,0.0,done,2024-08-11 01:51:48
OF-2024-01460,ART-U28,Usinage,115.2,Aluminium,Bleu,80,MCH-04,CNC_STD,2024-03-07 11:42:47,2024-03-07 13:55:21,28.1,done,2024-03-07 13:56:34
OF-2024-01461,ART-F31,Finition,25.3,Inox,Gris,44,MCH-01,CNC_FAST,2024-01-22 19:59:05,2024-01-22 20:20:02,0.0,done,2024-01-22 20:23:56
OF-2024-01462,ART-S29,Soudure,90.9,Aluminium,Vert,23,MCH-12,ROBOT_CELL,2024-07-19 17:56:10,2024-07-19 18:57:19,20.7,done,2024-07-19 18:59:16
OF-2024-01463,ART-U16,Usinage,144.1,Aluminium,Noir,29,MCH-02,CNC_FAST,2024-02-04 08:57:46,2024-02-04 09:56:52,0.0,done,2024-02-04 10:00:51
OF-2024-01464,ART-F03,Finition,55.9,Titane,Jaune,7,MCH-02,CNC_FAST,2024-01-21 11:39:18,2024-01-21 11:48:27,0.0,done,2024-01-21 11:49:09
OF-2024-01465,ART-F15,Finition,196.8,Titane,Jaune,26,MCH-07,MANUAL,29/04/2024 18:46,29/04/2024 20:03,0.0,done,29/04/2024 20:05
OF-2024-01466,ART-S25,Soudure,151.9,Acier,Bleu,35,MCH-07,MANUAL,14/05/2024 06:27,14/05/2024 10:24,0.0,done,14/05/2024 10:28
OF-2024-01467,ART-F15,Finition,196.8,Titane,Jaune,306,MCH-01,CNC_FAST,2024-06-12 14:37:40,,0.0,aborted,2024-06-12 20:38:16
OF-2024-01468,ART-U16,Usinage,144.1,Aluminium,Noir,328,MCH-03,CNC_STD,2024-01-21 07:27:00,2024-01-21 16:49:31,0.0,done,2024-01-21 16:51:03
OF-2024-01469,ART-S13,Soudure,74.7,Acier,Jaune,69,MCH-08,MANUAL,2024-07-06 13:33:56,2024-07-06 17:48:17,0.0,done,2024-07-06 17:49:35
OF-2024-01470,ARTF07,Finition,147.0,Acier,Gris,391,MCH-07,MANUAL,07/04/2024 20:40,08/04/2024 06:47,0.0,done,08/04/2024 06:48
OF-2024-01471,ART-S33,Soudure,195.1,Inox,Gris,40,MCH-10,ROBOT_CELL,2024-02-13 19:33:29,2024-02-13 23:22:18,0.0,done,2024-02-13 23:25:01
OF-2024-01472,ART-U24,Usinage,173.0,Aluminium,Vert,52,MCH-02,CNC_FAST,2024-06-29 19:01:09,2024-06-29 20:31:16,0.0,done,2024-06-29 20:34:17
OF-2024-01473,ART-S25,Soudure,151.9,Acier,Bleu,331,MCH-10,ROBOT_CELL,2024-06-29 13:30:59,2024-06-30 11:07:06,0.0,done,2024-06-30 11:11:45
OF-2024-01474,ART-U28,Usinage,115.2,Aluminium,Bleu,29,MCH-01,CNC_FAST,2024-02-27 17:41:16,2024-02-27 18:20:49,0.0,done,2024-02-27 18:23:46
OF-2024-01475,ART-U16,Usinage,144.1,Aluminium,Noir,42,MCH-03,CNC_STD,2024-06-29 06:55:01,2024-06-29 08:31:11,0.0,done,2024-06-29 08:35:19
OF-2024-01476,ART-U04,Usinage,186.4,Inox,Rouge,21,MCH-03,CNC_STD,2024-04-03 18:36:42,2024-04-03 20:23:36,19.1,done,2024-04-03 20:26:20
OF-2024-01477,ART-U20-MM,Usinage,23.4,Titane,Rouge,331,MCH-05,CNC_STD,2024-04-01 11:03:28,2024-04-01 19:06:11,130.7,done,2024-04-01 19:08:49
OF-2024-01478,ART-U32,Usinage,131.7,Aluminium,Gris,6,MCH-02,CNC_FAST,2024-02-06 15:17:56,2024-02-06 15:42:40,5.1,done,2024-02-06 15:46:29
OF-2024-01479,ART-S13,Soudure,74.7,Acier,Jaune,71,MCH-11,ROBOT_CELL,2024-04-09 10:38:05,2024-04-09 14:05:31,0.0,done,2024-04-09 14:09:14
OF-2024-01480,ART-F11,Finition,147.9,Acier,Gris,48,MCH-01,CNC_FAST,2024-04-08 10:03:23,2024-04-08 10:35:45,0.0,done,2024-04-08 10:36:55
OF-2024-01481,ART-S21,Soudure,45.5,Inox,Vert,33,MCH-09,ROBOT_CELL,2024-08-29 14:55:10,2024-08-29 16:40:43,0.0,done,2024-08-29 16:42:55
OF-2024-01482,ART-S21,Soudure,45.5,Inox,Vert,255,MCH-06,MANUAL,2024-08-20 18:05:32,2024-08-21 12:32:52,0.0,done,2024-08-21 12:35:13
OF-2024-01483,ART-F15,Finition,196.8,Titane,Jaune,398,MCH-08,MANUAL,2024-05-15 11:24:07,2024-05-16 06:52:47,0.0,done,2024-05-16 06:57:33
OF-2024-01484,ART-S29,Soudure,90.9,Aluminium,Vert,29,MCH-11,ROBOT_CELL,2024-07-15 16:21:26,2024-07-15 17:55:42,0.0,done,2024-07-15 18:00:12
OF-2024-01485,ART-S33,Soudure,195.1,Inox,Gris,159,MCH-08,MANUAL,2024-06-10 13:38:45,2024-06-11 07:51:49,232.1,done,2024-06-11 07:52:39
OF-2024-01486,ART-F23,Finition,23.0,Acier,Gris,237,MCH-08,MANUAL,2024-03-11 06:38:17,2024-03-11 08:30:44,0.0,done,2024-03-11 08:35:21
OF-2024-01487,ART-S21,Soudure,45.5,Inox,Vert,30,MCH-06,MANUAL,2024-03-19 12:51:46,2024-03-19 15:12:45,0.0,done,2024-03-19 15:15:41
OF-2024-01488,ART-S29,Soudure,90.9,Aluminium,Vert,75,MCH-11,ROBOT_CELL,2024-03-29 20:50:12,2024-03-29 23:27:13,22.6,done,2024-03-29 23:29:14
OF-2024-01489,ART-S29,Soudure,90.9,Aluminium,Vert,13,MCH-06,MANUAL,2024-04-18 15:00:15,,23.3,running,2024-04-18 16:31:35
OF-2024-01490,ARTU16,Usinage,144.1,Aluminium,Noir,15,MCH-03,CNC_STD,2024-04-09 12:48:53,2024-04-09 13:32:17,0.0,done,2024-04-09 13:33:25
OF-2024-01491,ART-F39,Finition,157.5,Titane,Jaune,52,MCH-06,MANUAL,2024-08-27 19:35:44,,0.0,aborted,2024-08-27 21:43:21
OF-2024-01492,ART-A06,Assemblage,21.3,Acier,Noir,76,MCH-10,ROBOT_CELL,2024-05-03 11:01:21,2024-05-03 11:40:42,0.0,done,2024-05-03 11:43:20
OF-2024-01493,ART-S25,Soudure,151.9,Acier,Bleu,28,MCH-07,MANUAL,15/05/2024 11:28,15/05/2024 15:57,0.0,done,15/05/2024 15:59
OF-2024-01494,ART-S29,Soudure,90.9,Aluminium,Vert,54,MCH-11,ROBOT_CELL,2024-01-10 17:23:28,2024-01-10 19:57:02,42.0,done,2024-01-10 20:00:56
OF-2024-01495,ART-S01,Soudure,191.3,Titane,Bleu,62,MCH-09,ROBOT_CELL,2024-05-03 10:48:16,2024-05-03 15:47:33,0.0,done,2024-05-03 15:50:22
OF-2024-01496,ART-A06,Assemblage,21.3,Acier,Noir,40,MCH-10,ROBOT_CELL,2024-01-15 18:14:55,2024-01-15 18:39:06,4.5,done,2024-01-15 18:40:19
OF-2024-01497,ART-U32,Usinage,131.7,Aluminium,Gris,24,MCH-04,CNC_STD,2024-05-15 14:40:33,2024-05-15 15:48:57,0.0,done,2024-05-15 15:52:16
OF-2024-01498,ART-U32,Usinage,131.7,Aluminium,Gris,16,MCH-01,CNC_FAST,2024-04-26 22:02:44,2024-04-26 22:33:05,0.0,done,2024-04-26 22:36:33
OF-2024-01499,ART-U00,Usinage,184.0,Inox,Jaune,65,MCH-01,CNC_FAST,2024-05-19 07:48:48,2024-05-19 10:33:32,30.0,done,2024-05-19 10:38:19
OF-2024-01500,ART-U24,Usinage,173.0,Aluminium,Vert,279,MCH-02,CNC_FAST,2024-08-27 13:50:34,2024-08-27 20:20:37,0.0,done,2024-08-27 20:21:35
OF-2024-01501,ART-U20,Usinage,23.4,Titane,Rouge,53,MCH-05,CNC_STD,2024-06-03 14:29:03,2024-06-03 16:04:34,27.7,done,2024-06-03 16:09:02
OF-2024-01502,ART-U12,Usinage,23.0,Titane,Noir,103,MCH-02,CNC_FAST,2024-04-12 18:01:12,2024-04-12 19:43:45,0.0,done,2024-04-12 19:45:05
OF-2024-01503,ART-A22,Assemblage,105.9,Aluminium,Noir,67,MCH-06,MANUAL,2024-03-14 11:47:53,2024-03-14 13:46:27,29.8,done,2024-03-14 13:47:12
OF-2024-01504,ART-U28,Usinage,115.2,Aluminium,Bleu,55,MCH-04,CNC_STD,2024-05-18 16:18:42,2024-05-18 18:00:39,0.0,done,2024-05-18 18:03:17
OF-2024-01505,ART-F03,Finition,55.9,Titane,Jaune,30,MCH-08,MANUAL,2024-07-22 07:09:35,2024-07-22 08:05:10,0.0,done,2024-07-22 08:08:42
OF-2024-01506,ART-U32,Usinage,131.7,Aluminium,Gris,52,MCH-02,CNC_FAST,2024-05-01 17:40:47,2024-05-01 18:44:52,19.4,done,2024-05-01 18:47:20
OF-2024-01507,ART-U04,Usinage,186.4,Inox,Rouge,16,MCH-02,CNC_FAST,2024-06-21 13:09:11,2024-06-21 14:01:02,0.0,done,2024-06-21 14:03:09
OF-2024-01508,ART-A26,Assemblage,183.1,Inox,Rouge,32,MCH-05,CNC_STD,2024-07-31 09:44:56,2024-07-31 10:57:29,0.0,done,2024-07-31 11:01:57
OF-2024-01509,ART-S01,Soudure,191.3,Titane,Bleu,156,MCH-10,ROBOT_CELL,2024-04-12 15:59:03,2024-04-13 06:02:51,0.0,done,2024-04-13 06:05:45
OF-2024-01510,ART-S33,Soudure,195.1,Inox,Gris,42,MCH-08,MANUAL,2024-05-27 13:29:05,2024-05-27 20:57:13,119.6,done,2024-05-27 21:00:22
OF-2024-01511,ART-A06-MM,Assemblage,21.3,Acier,Noir,29,MCH-03,CNC_STD,2024-02-04 13:02:00,2024-02-04 13:24:38,0.0,done,2024-02-04 13:27:52
OF-2024-01512,ART-A26,Assemblage,183.1,Inox,Rouge,23,MCH-08,MANUAL,2024-08-16 07:50:26,2024-08-16 09:11:22,0.0,done,2024-08-16 09:15:12
OF-2024-01513,ART-F15,Finition,196.8,Titane,Jaune,38,MCH-07,MANUAL,04/04/2024 16:51,04/04/2024 19:30,52.4,done,04/04/2024 19:33
OF-2024-01514,ART-S17,Soudure,16.0,Acier,Bleu,10,MCH-06,MANUAL,2024-02-07 14:02:41,2024-02-07 14:57:19,0.0,done,2024-02-07 14:59:38
OF-2024-01515,ART-S33,Soudure,195.1,Inox,Gris,66,MCH-10,ROBOT_CELL,2024-05-07 14:34:29,2024-05-07 19:02:14,0.0,done,2024-05-07 19:05:34
OF-2024-01516,ART-S29,Soudure,90.9,Aluminium,Vert,7,MCH-08,MANUAL,2024-02-26 09:09:19,2024-02-26 10:19:01,0.0,done,2024-02-26 10:23:08
OF-2024-01517,ART-S29,Soudure,90.9,Aluminium,Vert,8,MCH-10,ROBOT_CELL,2024-04-17 18:25:35,2024-04-17 19:09:28,3.8,done,2024-04-17 19:12:26
OF-2024-01518,ART-A38,Assemblage,165.3,Titane,Noir,75,MCH-06,MANUAL,2024-08-02 14:42:11,,0.0,aborted,2024-08-02 19:03:13
OF-2024-01519,ART-U16,Usinage,144.1,Aluminium,Noir,36,MCH-04,CNC_STD,2024-06-29 07:34:25,2024-06-29 09:10:01,0.0,done,2024-06-29 09:13:33
OF-2024-01520,ART-A26,Assemblage,183.1,Inox,Rouge,72,MCH-04,CNC_STD,2024-07-11 11:07:08,2024-07-11 13:19:59,0.0,done,2024-07-11 13:24:13
OF-2024-01521,ART-A22,Assemblage,105.9,Aluminium,Noir,47,MCH-03,CNC_STD,2024-03-21 15:25:48,2024-03-21 16:23:38,16.1,done,2024-03-21 16:26:56
OF-2024-01522,ART-S13,Soudure,74.7,Acier,Jaune,46,MCH-10,ROBOT_CELL,2024-03-12 12:20:53,2024-03-12 14:53:09,0.0,done,2024-03-12 14:57:15
OF-2024-01523,ART-F11,Finition,147.9,Acier,Gris,12,MCH-08,MANUAL,2024-05-07 19:31:38,2024-05-07 19:56:51,2.7,done,2024-05-07 20:01:29
OF-2024-01524,ART-F39,Finition,157.5,Titane,Jaune,251,MCH-02,CNC_FAST,2024-08-01 22:10:20,2024-08-02 03:55:29,0.0,done,2024-08-02 04:00:02
OF-2024-01525,ART-S29,Soudure,90.9,Aluminium,Vert,63,MCH-09,ROBOT_CELL,2024-08-23 19:30:55,2024-08-23 22:55:23,0.0,done,2024-08-23 22:57:02
OF-2024-01526,ART-A02,Assemblage,36.9,Aluminium,Vert,274,MCH-04,CNC_STD,2024-05-14 09:36:41,2024-05-14 11:33:49,0.0,done,2024-05-14 11:37:45
OF-2024-01527,ART-F15,Finition,196.8,Titane,Jaune,44,MCH-06,MANUAL,2024-08-06 20:42:26,2024-08-06 23:02:05,19.7,done,2024-08-06 23:03:20
OF-2024-01528,ART-F15,Finition,196.8,Titane,Jaune,29,MCH-01,CNC_FAST,2024-02-13 20:35:13,2024-02-13 21:26:17,16.3,done,2024-02-13 21:29:36
OF-2024-01529,ART-S25,Soudure,151.9,Acier,Bleu,25,MCH-10,ROBOT_CELL,2024-08-24 06:24:32,2024-08-24 08:44:04,13.9,done,2024-08-24 08:47:27
OF-2024-01530,ART-F15,Finition,196.8,Titane,Jaune,7,MCH-06,MANUAL,2024-05-16 18:08:59,2024-05-16 18:49:16,0.0,done,2024-05-16 18:50:17
OF-2024-01531,ART-U12,Usinage,23.0,Titane,Noir,49,MCH-02,CNC_FAST,2024-05-06 14:14:22,2024-05-06 15:04:44,0.0,done,2024-05-06 15:08:29
OF-2024-01532,ART-A26,Assemblage,183.1,Inox,Rouge,66,MCH-03,CNC_STD,2024-03-23 13:49:56,2024-03-23 15:57:24,36.9,done,2024-03-23 16:02:09
OF-2024-01533,ART-F15,Finition,196.8,Titane,Jaune,5,MCH-07,MANUAL,28/04/2024 11:23,28/04/2024 12:03,0.0,done,28/04/2024 12:04
OF-2024-01534,ART-A26,Assemblage,183.1,Inox,Rouge,60,MCH-04,CNC_STD,2024-07-01 16:51:49,2024-07-01 19:11:35,0.0,done,2024-07-01 19:12:05
OF-2024-01535,ART-U20,Usinage,23.4,Titane,Rouge,53,MCH-02,CNC_FAST,2024-07-08 12:23:35,2024-07-08 13:37:42,0.0,done,2024-07-08 13:42:42
OF-2024-01536,  ART-U32 ,Usinage,131.7,Aluminium,Gris,30,MCH-05,CNC_STD,2024-08-24 17:18:59,2024-08-24 19:07:52,7.1,done,2024-08-24 19:08:50
OF-2024-01537,ART-S13,Soudure,74.7,Acier,Jaune,63,MCH-11,ROBOT_CELL,2024-04-28 11:16:47,2024-04-28 14:00:11,0.0,done,2024-04-28 14:03:41
OF-2024-01538,ART-S29,Soudure,90.9,Aluminium,Vert,35,MCH-06,MANUAL,2024-05-02 13:53:11,2024-05-02 16:19:43,26.9,done,2024-05-02 16:22:56
OF-2024-01539,ART-F15,Finition,196.8,Titane,Jaune,67,MCH-08,MANUAL,2024-07-31 06:11:33,2024-07-31 08:42:01,46.0,done,2024-07-31 08:45:37
OF-2024-01540,art-u32,Usinage,131.7,Aluminium,Gris,50,MCH-03,CNC_STD,2024-08-21 11:23:12,2024-08-21 13:08:32,0.0,done,2024-08-21 13:12:11
OF-2024-01541,ART-S33,Soudure,195.1,Inox,Gris,20,MCH-07,MANUAL,28/06/2024 18:19,28/06/2024 22:46,0.0,done,28/06/2024 22:48
OF-2024-01542,ART-A26,Assemblage,183.1,Inox,Rouge,231,MCH-09,ROBOT_CELL,2024-01-10 20:44:45,2024-01-11 04:19:54,0.0,done,2024-01-11 04:23:22
OF-2024-01543,ART-U28,Usinage,115.2,Aluminium,Bleu,106,MCH-04,CNC_STD,2024-02-20 14:18:54,2024-02-20 17:29:00,0.0,done,2024-02-20 17:30:20
OF-2024-01544,ART-U28,Usinage,115.2,Aluminium,Bleu,197,MCH-03,CNC_STD,2024-01-17 16:32:20,2024-01-17 22:19:58,32.0,done,2024-01-17 22:22:00
OF-2024-01545,  ART-U20 ,Usinage,23.4,Titane,Rouge,104,MCH-04,CNC_STD,2024-01-13 21:46:59,2024-01-14 00:47:32,0.0,done,2024-01-14 00:48:53
OF-2024-01546,ART-U08,Usinage,22.6,Inox,Noir,28,MCH-01,CNC_FAST,2024-03-20 09:50:27,2024-03-20 10:21:26,0.0,done,2024-03-20 10:25:49
OF-2024-01547,ART-S21,Soudure,45.5,Inox,Vert,12,MCH-08,MANUAL,2024-01-12 19:08:47,,26.6,aborted,2024-01-12 20:48:49
OF-2024-01548,ART-S29,Soudure,90.9,Aluminium,Vert,319,MCH-11,ROBOT_CELL,2024-06-20 13:21:43,2024-06-21 03:40:03,0.0,done,2024-06-21 03:43:59
OF-2024-01549,ART-U28,Usinage,115.2,Aluminium,Bleu,329,MCH-05,CNC_STD,2024-06-26 17:30:28,2024-06-26 23:31:16,0.0,done,2024-06-26 23:35:46
OF-2024-01550,ART-F19,Finition,100.8,Aluminium,Gris,195,MCH-01,CNC_FAST,2024-06-09 16:20:48,2024-06-09 17:42:17,0.0,done,2024-06-09 17:43:27
OF-2024-01551,ART-U16,Usinage,144.1,Aluminium,Noir,192,MCH-01,CNC_FAST,2024-01-16 06:40:38,2024-01-16 11:19:41,0.0,done,2024-01-16 11:20:47
OF-2024-01552,ART-A10,Assemblage,48.9,Aluminium,Jaune,12,MCH-09,ROBOT_CELL,2024-03-12 21:41:52,2024-03-12 22:00:01,4.8,done,2024-03-12 22:03:01
OF-2024-01553,ART-A06,Assemblage,21.3,Acier,Noir,72,MCH-11,ROBOT_CELL,2024-04-20 11:25:38,2024-04-20 12:10:11,0.0,done,2024-04-20 12:10:48
OF-2024-01554,ART-S05-MM,Soudure,38.9,Acier,Vert,47,MCH-07,MANUAL,09/03/2024 06:22,09/03/2024 08:30,0.0,done,09/03/2024 08:35
OF-2024-01555,art-u16,Usinage,144.1,Aluminium,Noir,16,MCH-02,CNC_FAST,2024-02-25 17:52:28,2024-02-25 18:24:52,4.3,done,2024-02-25 18:27:48
OF-2024-01556,ART-F15,Finition,196.8,Titane,Jaune,400,MCH-07,MANUAL,07/05/2024 06:52,07/05/2024 19:41,132.6,done,07/05/2024 19:43
OF-2024-01557,ART-U16,Usinage,144.1,Aluminium,Noir,51,MCH-01,CNC_FAST,2024-03-21 11:35:59,2024-03-21 12:55:14,0.0,done,2024-03-21 12:57:04
OF-2024-01558,ART-U16,Usinage,144.1,Aluminium,Noir,9,MCH-04,CNC_STD,2024-01-28 13:48:45,2024-01-28 14:30:00,0.0,done,2024-01-28 14:32:29
OF-2024-01559,ART-F11,Finition,147.9,Acier,Gris,69,MCH-01,CNC_FAST,2024-07-20 13:43:52,2024-07-20 14:29:30,0.0,done,2024-07-20 14:33:59
OF-2024-01560,ART-F27,Finition,162.2,Titane,Rouge,136,MCH-07,MANUAL,29/04/2024 12:36,29/04/2024 17:39,0.0,done,29/04/2024 17:41
OF-2024-01561,ART-A26,Assemblage,183.1,Inox,Rouge,68,MCH-03,CNC_STD,2024-05-03 20:59:48,2024-05-03 23:25:36,49.3,done,2024-05-03 23:26:29
OF-2024-01562,ART-A06,Assemblage,21.3,Acier,Noir,10,MCH-12,ROBOT_CELL,2024-05-30 15:54:04,2024-05-30 16:05:49,0.0,done,2024-05-30 16:07:58
OF-2024-01563,ART-S33,Soudure,195.1,Inox,Gris,108,MCH-08,MANUAL,2024-04-03 08:13:23,2024-04-03 23:51:04,0.0,done,2024-04-03 23:55:34
OF-2024-01564,ART-A06,Assemblage,21.3,Acier,Noir,340,MCH-05,CNC_STD,2024-02-21 11:01:39,2024-02-21 14:11:17,0.0,done,2024-02-21 14:13:29
OF-2024-01565,ART-U32,Usinage,131.7,Aluminium,Gris,19,MCH-03,CNC_STD,2024-03-05 15:49:11,2024-03-05 16:47:05,0.0,done,2024-03-05 16:47:58
OF-2024-01566,ART-S17,Soudure,16.0,Acier,Bleu,22,MCH-06,MANUAL,2024-01-11 06:32:00,2024-01-11 07:48:37,0.0,done,2024-01-11 07:52:20
OF-2024-01567,ART-S33,Soudure,195.1,Inox,Gris,132,MCH-09,ROBOT_CELL,2024-07-15 19:25:49,2024-07-16 05:51:56,34.4,done,2024-07-16 05:53:35
OF-2024-01568,ART-S09,Soudure,11.4,Acier,Jaune,13,MCH-06,MANUAL,2024-07-13 11:21:39,2024-07-13 12:07:26,0.0,done,2024-07-13 12:10:27
OF-2024-01569,ART-U08,Usinage,22.6,Inox,Noir,366,MCH-01,CNC_FAST,2024-06-15 14:47:12,2024-06-15 19:31:54,0.0,done,2024-06-15 19:32:46
OF-2024-01570,ART-A02,Assemblage,36.9,Aluminium,Vert,132,MCH-08,MANUAL,2024-03-13 19:25:01,2024-03-13 20:50:40,0.0,done,2024-03-13 20:54:51
OF-2024-01571,ART-U28,Usinage,115.2,Aluminium,Bleu,49,MCH-03,CNC_STD,2024-07-13 08:48:01,2024-07-13 10:02:19,11.8,done,2024-07-13 10:04:51
OF-2024-01572,ART-A10,Assemblage,48.9,Aluminium,Jaune,10,MCH-11,ROBOT_CELL,2024-01-26 12:03:58,2024-01-26 12:20:17,0.0,done,2024-01-26 12:23:06
OF-2024-01573,ARTU08,Usinage,22.6,Inox,Noir,323,MCH-02,CNC_FAST,2024-04-16 13:26:52,2024-04-16 17:18:39,0.0,done,2024-04-16 17:22:51
OF-2024-01574,ART-S17,Soudure,16.0,Acier,Bleu,334,MCH-12,ROBOT_CELL,2024-05-28 13:38:46,2024-05-28 19:15:27,50.8,done,2024-05-28 19:17:00
OF-2024-01575,ART-U24,Usinage,173.0,Aluminium,Vert,46,MCH-04,CNC_STD,2024-07-27 17:44:01,2024-07-27 19:42:30,28.2,done,2024-07-27 19:46:22
OF-2024-01576,ART-U28,Usinage,115.2,Aluminium,Bleu,48,MCH-04,CNC_STD,2024-05-19 11:06:30,2024-05-19 12:30:14,0.0,done,2024-05-19 12:32:05
OF-2024-01577,ART-U28,Usinage,115.2,Aluminium,Bleu,15,MCH-04,CNC_STD,2024-06-30 20:33:51,2024-06-30 21:23:19,14.6,done,2024-06-30 21:25:59
OF-2024-01578,art-u32,Usinage,131.7,Aluminium,Gris,396,MCH-03,CNC_STD,2024-05-21 12:07:45,2024-05-22 00:53:51,0.0,done,2024-05-22 00:56:50
OF-2024-01579,ART-S25,Soudure,151.9,Acier,Bleu,44,MCH-11,ROBOT_CELL,2024-03-18 14:00:51,2024-03-18 16:54:33,0.0,done,2024-03-18 16:56:09
OF-2024-01580,ART-A22,Assemblage,105.9,Aluminium,Noir,300,MCH-10,ROBOT_CELL,2024-02-11 08:34:17,2024-02-11 12:00:18,0.0,done,2024-02-11 12:04:00
OF-2024-01581,ART-U16,Usinage,144.1,Aluminium,Noir,310,MCH-02,CNC_FAST,2024-06-19 17:05:57,2024-06-20 00:20:50,0.0,done,2024-06-20 00:23:38
OF-2024-01582,ART-F15,Finition,196.8,Titane,Jaune,49,MCH-07,MANUAL,23/04/2024 10:10,23/04/2024 12:42,0.0,done,23/04/2024 12:45
OF-2024-01583,ART-U16,Usinage,144.1,Aluminium,Noir,25,MCH-05,CNC_STD,2024-04-20 15:33:18,2024-04-20 16:40:47,0.0,done,2024-04-20 16:41:57
OF-2024-01584,ART-U28,Usinage,115.2,Aluminium,Bleu,199,MCH-03,CNC_STD,2024-04-28 08:16:23,2024-04-28 12:42:29,0.0,done,2024-04-28 12:45:06
OF-2024-01585,ART-F15,Finition,196.8,Titane,Jaune,116,MCH-02,CNC_FAST,2024-08-06 08:53:30,2024-08-06 11:39:02,32.4,done,2024-08-06 11:42:08
OF-2024-01586,ART-U28,Usinage,115.2,Aluminium,Bleu,30,MCH-01,CNC_FAST,2024-05-24 17:02:17,2024-05-24 17:40:11,13.0,done,2024-05-24 17:42:17
OF-2024-01587,ART-S29,Soudure,90.9,Aluminium,Vert,56,MCH-10,ROBOT_CELL,2024-05-29 11:02:30,2024-05-29 13:37:30,47.2,done,2024-05-29 13:38:54
OF-2024-01588,ART-U00,Usinage,184.0,Inox,Jaune,103,MCH-03,CNC_STD,2024-08-27 13:01:21,2024-08-27 18:45:57,0.0,done,2024-08-27 18:49:00
OF-2024-01589,ART-S33,Soudure,195.1,Inox,Gris,46,MCH-07,MANUAL,02/08/2024 07:12,02/08/2024 13:48,0.0,done,02/08/2024 13:50
OF-2024-01590,ART-S25,Soudure,151.9,Acier,Bleu,66,MCH-10,ROBOT_CELL,2024-08-05 07:58:41,2024-08-05 13:22:21,0.0,done,2024-08-05 13:24:57
OF-2024-01591,ART-A22,Assemblage,105.9,Aluminium,Noir,17,MCH-08,MANUAL,2024-08-31 20:38:22,2024-08-31 21:28:17,0.0,done,2024-08-31 21:31:09
OF-2024-01592,ART-S29,Soudure,90.9,Aluminium,Vert,59,MCH-06,MANUAL,2024-07-30 19:24:21,2024-07-30 23:37:45,0.0,done,2024-07-30 23:38:51
OF-2024-01593,ART-S13,Soudure,74.7,Acier,Jaune,276,MCH-10,ROBOT_CELL,2024-08-24 20:30:33,2024-08-25 09:24:49,0.0,done,2024-08-25 09:27:47
OF-2024-01594,ART-F11,Finition,147.9,Acier,Gris,57,MCH-01,CNC_FAST,2024-02-03 10:18:34,2024-02-03 10:53:46,0.0,done,2024-02-03 10:56:26
OF-2024-01595,ART-S25,Soudure,151.9,Acier,Bleu,133,MCH-06,MANUAL,2024-01-08 20:51:37,2024-01-09 14:38:58,0.0,done,2024-01-09 14:41:25
OF-2024-01596,ART-S29,Soudure,90.9,Aluminium,Vert,60,MCH-10,ROBOT_CELL,2024-05-28 17:22:30,2024-05-28 20:40:08,52.8,done,2024-05-28 20:41:14
OF-2024-01597,ART-U28,Usinage,115.2,Aluminium,Bleu,30,MCH-01,CNC_FAST,2024-07-15 18:55:46,2024-07-15 19:34:35,0.0,done,2024-07-15 19:37:34
OF-2024-01598,ART-A26,Assemblage,183.1,Inox,Rouge,56,MCH-07,MANUAL,06/02/2024 08:46,06/02/2024 11:58,51.5,done,06/02/2024 12:03
OF-2024-01599,ART-A26,Assemblage,183.1,Inox,Rouge,32,MCH-10,ROBOT_CELL,2024-07-20 06:25:15,2024-07-20 07:52:33,0.0,done,2024-07-20 07:54:53
OF-2024-01600,ART-U00,Usinage,184.0,Inox,Jaune,55,MCH-01,CNC_FAST,2024-02-03 13:46:22,2024-02-03 15:45:56,0.0,done,2024-02-03 15:47:42
OF-2024-01601,ART-U28,Usinage,115.2,Aluminium,Bleu,55,MCH-04,CNC_STD,2024-08-15 11:31:39,2024-08-15 13:13:50,0.0,done,2024-08-15 13:15:12
OF-2024-01602,ART-A06,Assemblage,21.3,Acier,Noir,74,MCH-08,MANUAL,2024-05-20 20:09:21,2024-05-20 21:14:30,19.6,done,2024-05-20 21:18:14
OF-2024-01603,ART-U32,Usinage,131.7,Aluminium,Gris,11,MCH-04,CNC_STD,2024-03-02 18:24:00,2024-03-02 19:01:26,0.0,done,2024-03-02 19:04:45
OF-2024-01604,ART-U28,Usinage,115.2,Aluminium,Bleu,63,MCH-04,CNC_STD,2024-05-29 12:23:30,2024-05-29 14:06:02,22.2,done,2024-05-29 14:09:06
OF-2024-01605,ART-A02,Assemblage,36.9,Aluminium,Vert,6,MCH-08,MANUAL,2024-06-13 11:40:50,2024-06-13 11:59:37,0.0,done,2024-06-13 12:03:04
OF-2024-01606,ART-A10,Assemblage,48.9,Aluminium,Jaune,72,MCH-09,ROBOT_CELL,2024-02-26 19:53:40,2024-02-26 21:02:27,17.2,done,2024-02-26 21:04:54
OF-2024-01607,ART-U36,Usinage,179.1,Aluminium,Rouge,63,MCH-01,CNC_FAST,2024-05-22 21:29:38,2024-05-22 23:20:10,0.0,done,2024-05-22 23:20:53
OF-2024-01608,ART-U24,Usinage,173.0,Aluminium,Vert,42,MCH-01,CNC_FAST,2024-03-03 10:02:26,2024-03-03 11:01:30,0.0,done,2024-03-03 11:05:35
OF-2024-01609,ART-F31,Finition,25.3,Inox,Gris,41,MCH-02,CNC_FAST,2024-05-20 15:22:52,,4.7,running,2024-05-20 15:43:13
OF-2024-01610,ART-F07,Finition,147.0,Acier,Gris,52,MCH-02,CNC_FAST,2024-01-17 08:03:40,2024-01-17 08:39:07,0.0,done,2024-01-17 08:43:44
OF-2024-01611,ART-U28,Usinage,115.2,Aluminium,Bleu,140,MCH-05,CNC_STD,2024-03-30 09:45:52,2024-03-30 13:59:45,0.0,done,2024-03-30 14:04:12
OF-2024-01612,ART-S29,Soudure,90.9,Aluminium,Vert,127,MCH-09,ROBOT_CELL,2024-08-24 18:28:43,2024-08-24 23:43:53,0.0,done,2024-08-24 23:45:34
OF-2024-01613,ART-U28,Usinage,115.2,Aluminium,Bleu,377,MCH-05,CNC_STD,2024-06-08 15:26:01,2024-06-08 22:40:02,0.0,done,2024-06-08 22:44:06
OF-2024-01614,ART-U24,Usinage,173.0,Aluminium,Vert,34,MCH-02,CNC_FAST,2024-05-27 10:33:08,2024-05-27 11:29:24,0.0,done,2024-05-27 11:30:45
OF-2024-01615,ART-U20,Usinage,23.4,Titane,Rouge,19,MCH-02,CNC_FAST,2024-06-13 06:03:36,2024-06-13 06:27:38,0.0,done,2024-06-13 06:28:13
OF-2024-01616,ART-S05,Soudure,38.9,Acier,Vert,36,MCH-12,ROBOT_CELL,2024-05-31 17:28:00,2024-05-31 18:35:29,0.0,done,2024-05-31 18:36:16
OF-2024-01617,ART-F07-MM,Finition,147.0,Acier,Gris,178,MCH-01,CNC_FAST,2024-01-03 08:18:19,2024-01-03 10:12:31,12.5,done,2024-01-03 10:14:47
OF-2024-01618,ART-U08,Usinage,22.6,Inox,Noir,15,MCH-05,CNC_STD,2024-04-28 17:39:13,2024-04-28 18:13:53,9.1,done,2024-04-28 18:14:55
OF-2024-01619,ART-F19,Finition,100.8,Aluminium,Gris,60,MCH-02,CNC_FAST,2024-06-22 12:07:54,2024-06-22 12:37:58,0.0,done,2024-06-22 12:42:47
OF-2024-01620,ART-U32,Usinage,131.7,Aluminium,Gris,18,MCH-02,CNC_FAST,2024-03-05 18:30:00,2024-03-05 19:05:56,0.0,done,2024-03-05 19:08:13
OF-2024-01621,ART-S25,Soudure,151.9,Acier,Bleu,64,MCH-07,MANUAL,13/04/2024 21:20,14/04/2024 04:48,0.0,done,14/04/2024 04:51
OF-2024-01622,ART-A18,Assemblage,15.6,Inox,Rouge,37,MCH-07,MANUAL,24/04/2024 19:43,24/04/2024 20:16,0.0,done,24/04/2024 20:18
OF-2024-01623,ART-U08,Usinage,22.6,Inox,Noir,76,MCH-04,CNC_STD,2024-05-08 19:15:01,2024-05-08 21:00:08,0.0,done,2024-05-08 21:04:23
OF-2024-01624,ART-F27,Finition,162.2,Titane,Rouge,390,MCH-02,CNC_FAST,2024-07-02 16:03:34,2024-07-02 22:08:25,0.0,done,2024-07-02 22:08:59
OF-2024-01625,ART-F03,Finition,55.9,Titane,Jaune,212,MCH-08,MANUAL,2024-03-13 17:58:04,2024-03-13 23:05:33,96.2,done,2024-03-13 23:06:07
OF-2024-01626,ART-S25,Soudure,151.9,Acier,Bleu,51,MCH-08,MANUAL,2024-08-21 18:35:40,2024-08-22 01:29:47,0.0,done,2024-08-22 01:33:06
OF-2024-01627,ART-A18,Assemblage,15.6,Inox,Rouge,315,MCH-05,CNC_STD,2024-03-21 20:51:52,2024-03-21 23:21:14,0.0,done,2024-03-21 23:25:41
OF-2024-01628,ART-A06,Assemblage,21.3,Acier,Noir,54,MCH-10,ROBOT_CELL,2024-01-09 20:38:40,2024-01-09 21:16:30,2.0,done,2024-01-09 21:19:53
OF-2024-01629,art-s17,Soudure,16.0,Acier,Bleu,59,MCH-12,ROBOT_CELL,2024-06-24 09:57:32,2024-06-24 11:01:20,20.5,done,2024-06-24 11:03:34
OF-2024-01630,ART-S25,Soudure,151.9,Acier,Bleu,46,MCH-09,ROBOT_CELL,2024-06-08 10:33:34,2024-06-08 14:21:26,0.0,done,2024-06-08 14:23:32
OF-2024-01631,ART-U04,Usinage,186.4,Inox,Rouge,33,MCH-01,CNC_FAST,2024-03-15 18:10:46,2024-03-15 20:00:13,0.0,done,2024-03-15 20:04:02
OF-2024-01632,ART-S21,Soudure,45.5,Inox,Vert,35,MCH-12,ROBOT_CELL,2024-05-17 20:24:38,2024-05-17 22:23:05,0.0,done,2024-05-17 22:27:25
OF-2024-01633,ARTS05,Soudure,38.9,Acier,Vert,52,MCH-09,ROBOT_CELL,2024-07-15 10:51:32,,0.0,running,2024-07-15 12:24:42
OF-2024-01634,ART-U12,Usinage,23.0,Titane,Noir,42,MCH-01,CNC_FAST,2024-03-18 21:05:50,2024-03-18 21:44:26,0.0,done,2024-03-18 21:45:30
OF-2024-01635,ART-F15,Finition,196.8,Titane,Jaune,346,MCH-07,MANUAL,09/07/2024 19:08,10/07/2024 08:37,124.8,done,10/07/2024 08:39
OF-2024-01636,ART-S09,Soudure,11.4,Acier,Jaune,36,MCH-09,ROBOT_CELL,2024-02-26 10:35:06,2024-02-26 11:17:08,7.9,done,2024-02-26 11:18:25
OF-2024-01637,ART-U16,Usinage,144.1,Aluminium,Noir,367,MCH-05,CNC_STD,2024-02-29 20:58:42,2024-03-01 07:21:24,190.8,done,2024-03-01 07:25:55
OF-2024-01638,ART-U16,Usinage,144.1,Aluminium,Noir,77,MCH-05,CNC_STD,2024-07-31 20:21:19,2024-07-31 22:53:47,0.0,done,2024-07-31 22:56:25
OF-2024-01639,ART-S25,Soudure,151.9,Acier,Bleu,58,MCH-11,ROBOT_CELL,2024-05-10 10:08:03,2024-05-10 13:39:45,0.0,done,2024-05-10 13:42:16
OF-2024-01640,ART-U04,Usinage,186.4,Inox,Rouge,74,MCH-05,CNC_STD,2024-08-15 14:40:17,2024-08-15 19:05:42,90.3,done,2024-08-15 19:09:16
OF-2024-01641,ART-U32,Usinage,131.7,Aluminium,Gris,38,MCH-02,CNC_FAST,2024-07-10 06:04:42,2024-07-10 07:12:57,0.0,done,2024-07-10 07:17:05
OF-2024-01642,ART-F27,Finition,162.2,Titane,Rouge,22,MCH-02,CNC_FAST,2024-04-02 06:03:06,2024-04-02 06:32:59,0.0,done,2024-04-02 06:36:14
OF-2024-01643,ART-A26,Assemblage,183.1,Inox,Rouge,51,MCH-11,ROBOT_CELL,2024-04-09 19:30:20,,0.0,aborted,2024-04-09 20:59:32
OF-2024-01644,ART-U24,Usinage,173.0,Aluminium,Vert,57,MCH-02,CNC_FAST,2024-01-18 21:55:14,2024-01-18 23:48:38,38.8,done,2024-01-18 23:49:39
OF-2024-01645,ART-U28,Usinage,115.2,Aluminium,Bleu,35,MCH-01,CNC_FAST,2024-03-04 17:44:55,2024-03-04 18:42:16,12.9,done,2024-03-04 18:43:40
OF-2024-01646,ART-S05,Soudure,38.9,Acier,Vert,42,MCH-06,MANUAL,2024-06-12 13:15:20,2024-06-12 15:06:36,0.0,done,2024-06-12 15:10:25
OF-2024-01647,ART-U04,Usinage,186.4,Inox,Rouge,37,MCH-05,CNC_STD,2024-06-21 14:52:50,2024-06-21 17:27:40,0.0,done,2024-06-21 17:30:39
OF-2024-01648,ART-S29,Soudure,90.9,Aluminium,Vert,57,MCH-10,ROBOT_CELL,2024-08-24 12:16:02,2024-08-24 14:36:40,13.1,done,2024-08-24 14:37:42
OF-2024-01649,ART-F15,Finition,196.8,Titane,Jaune,225,MCH-07,MANUAL,17/05/2024 11:40,17/05/2024 20:26,130.2,done,17/05/2024 20:27
OF-2024-01650,ART-U16,Usinage,144.1,Aluminium,Noir,337,MCH-05,CNC_STD,2024-07-02 09:02:39,2024-07-02 16:28:10,0.0,done,2024-07-02 16:31:19
OF-2024-01651,ART-A26,Assemblage,183.1,Inox,Rouge,51,MCH-08,MANUAL,2024-02-08 08:52:09,2024-02-08 11:20:22,0.0,done,2024-02-08 11:24:04
OF-2024-01652,ART-U16,Usinage,144.1,Aluminium,Noir,255,MCH-02,CNC_FAST,2024-04-24 18:21:19,2024-04-24 23:42:42,0.0,done,2024-04-24 23:44:13
OF-2024-01653,ART-F15,Finition,196.8,Titane,Jaune,41,MCH-02,CNC_FAST,2024-03-10 07:01:50,2024-03-10 08:03:26,0.0,done,2024-03-10 08:04:31
OF-2024-01654,ART-U12,Usinage,23.0,Titane,Noir,56,MCH-01,CNC_FAST,2024-03-01 13:42:56,2024-03-01 14:38:37,0.0,done,2024-03-01 14:42:43
OF-2024-01655,ART-S13,Soudure,74.7,Acier,Jaune,29,MCH-06,MANUAL,2024-07-20 21:53:17,2024-07-21 00:45:59,0.0,done,2024-07-21 00:46:34
OF-2024-01656,ART-F27,Finition,162.2,Titane,Rouge,31,MCH-07,MANUAL,11/07/2024 11:27,11/07/2024 12:45,0.0,done,11/07/2024 12:50
OF-2024-01657,ART-A06,Assemblage,21.3,Acier,Noir,301,MCH-07,MANUAL,12/01/2024 09:37,12/01/2024 14:12,0.0,done,12/01/2024 14:15
OF-2024-01658,ART-S09,Soudure,11.4,Acier,Jaune,8,MCH-11,ROBOT_CELL,2024-01-24 15:04:56,2024-01-24 15:32:40,5.7,done,2024-01-24 15:37:33
OF-2024-01659,ART-A06,Assemblage,21.3,Acier,Noir,42,MCH-07,MANUAL,19/05/2024 13:22,19/05/2024 14:00,0.0,done,19/05/2024 14:04
OF-2024-01660,ART-S29,Soudure,90.9,Aluminium,Vert,32,MCH-09,ROBOT_CELL,2024-03-13 12:56:43,2024-03-13 14:47:58,0.0,done,2024-03-13 14:49:19
OF-2024-01661,ART-S17,Soudure,16.0,Acier,Bleu,66,MCH-06,MANUAL,2024-06-29 09:01:09,2024-06-29 10:53:16,36.7,done,2024-06-29 10:55:37
OF-2024-01662,ART-A26,Assemblage,183.1,Inox,Rouge,49,MCH-04,CNC_STD,2024-08-02 18:47:50,2024-08-02 20:54:40,0.0,done,2024-08-02 20:56:06
OF-2024-01663,ART-A06,Assemblage,21.3,Acier,Noir,78,MCH-09,ROBOT_CELL,2024-03-10 17:46:45,2024-03-10 18:38:45,13.4,done,2024-03-10 18:41:06
OF-2024-01664,ART-U04,Usinage,186.4,Inox,Rouge,78,MCH-01,CNC_FAST,2024-05-11 06:58:23,2024-05-11 10:54:34,20.8,done,2024-05-11 10:57:16
OF-2024-01665,ART-A02,Assemblage,36.9,Aluminium,Vert,231,MCH-11,ROBOT_CELL,2024-04-15 06:34:17,2024-04-15 08:10:48,17.2,done,2024-04-15 08:11:35
OF-2024-01666,ART-A18,Assemblage,15.6,Inox,Rouge,47,MCH-10,ROBOT_CELL,2024-03-24 19:47:28,2024-03-24 20:09:24,3.8,done,2024-03-24 20:14:18
OF-2024-01667,ART-F19,Finition,100.8,Aluminium,Gris,159,MCH-06,MANUAL,2024-07-20 19:15:13,2024-07-20 21:53:15,0.0,done,2024-07-20 21:57:50
OF-2024-01668,ART-U16,Usinage,144.1,Aluminium,Noir,54,MCH-01,CNC_FAST,2024-05-18 08:39:50,2024-05-18 09:58:26,19.8,done,2024-05-18 09:59:44
OF-2024-01669,ART-S13,Soudure,74.7,Acier,Jaune,278,MCH-09,ROBOT_CELL,2024-08-09 19:40:22,2024-08-10 10:46:21,184.1,done,2024-08-10 10:49:18
OF-2024-01670,ART-U08,Usinage,22.6,Inox,Noir,57,MCH-01,CNC_FAST,2024-08-11 19:36:34,2024-08-11 20:21:10,6.2,done,2024-08-11 20:22:27
OF-2024-01671,ART-U32,Usinage,131.7,Aluminium,Gris,318,MCH-02,CNC_FAST,2024-03-27 12:13:35,2024-03-27 18:57:54,0.0,done,2024-03-27 19:00:30
OF-2024-01672,ART-S13,Soudure,74.7,Acier,Jaune,49,MCH-07,MANUAL,12/06/2024 21:28,13/06/2024 02:38,70.9,done,13/06/2024 02:42
OF-2024-01673,ART-S05-MM,Soudure,38.9,Acier,Vert,6,MCH-11,ROBOT_CELL,2024-01-31 14:11:20,2024-01-31 14:33:49,3.2,done,2024-01-31 14:38:40
OF-2024-01674,ART-S29,Soudure,90.9,Aluminium,Vert,373,MCH-08,MANUAL,2024-04-10 15:38:44,2024-04-11 14:31:04,0.0,done,2024-04-11 14:34:39
OF-2024-01675,ART-U28,Usinage,115.2,Aluminium,Bleu,58,MCH-01,CNC_FAST,2024-04-17 17:53:29,2024-04-17 19:04:24,0.0,done,2024-04-17 19:08:57
OF-2024-01676,ART-U20,Usinage,23.4,Titane,Rouge,148,MCH-02,CNC_FAST,2024-06-05 07:37:54,2024-06-05 10:48:50,0.0,done,2024-06-05 10:50:16
OF-2024-01677,ART-A06,Assemblage,21.3,Acier,Noir,19,MCH-06,MANUAL,2024-05-23 07:35:00,2024-05-23 07:58:57,0.0,done,2024-05-23 07:59:50
OF-2024-01678,ART-A18,Assemblage,15.6,Inox,Rouge,181,MCH-05,CNC_STD,2024-07-04 21:45:06,2024-07-04 23:20:33,0.0,done,2024-07-04 23:21:27
OF-2024-01679,ART-U00,Usinage,184.0,Inox,Jaune,202,MCH-04,CNC_STD,2024-03-01 11:43:16,2024-03-01 21:43:51,0.0,done,2024-03-01 21:44:29
OF-2024-01680,ART-U04,Usinage,186.4,Inox,Rouge,57,MCH-02,CNC_FAST,2024-08-26 14:28:25,2024-08-26 17:56:41,22.2,done,2024-08-26 18:01:22
OF-2024-01681,ART-S25,Soudure,151.9,Acier,Bleu,56,MCH-07,MANUAL,12/07/2024 11:00,12/07/2024 16:21,54.4,done,12/07/2024 16:22
OF-2024-01682,ART-F15,Finition,196.8,Titane,Jaune,337,MCH-06,MANUAL,2024-07-19 08:28:52,2024-07-19 21:06:55,205.0,done,2024-07-19 21:10:10
OF-2024-01683,ART-U32-MM,Usinage,131.7,Aluminium,Gris,75,MCH-01,CNC_FAST,2024-05-13 15:05:13,2024-05-13 16:24:50,16.1,done,2024-05-13 16:26:19
OF-2024-01684,ART-S25,Soudure,151.9,Acier,Bleu,164,MCH-08,MANUAL,2024-06-19 21:59:30,2024-06-20 14:13:02,0.0,done,2024-06-20 14:14:18
OF-2024-01685,ART-A30,Assemblage,130.4,Acier,Gris,60,MCH-09,ROBOT_CELL,2024-02-08 19:50:18,2024-02-08 21:32:01,11.5,done,2024-02-08 21:34:25
OF-2024-01686,art-u32,Usinage,131.7,Aluminium,Gris,187,MCH-01,CNC_FAST,2024-07-28 19:30:46,2024-07-28 23:26:38,0.0,done,2024-07-28 23:31:16
OF-2024-01687,ART-F15,Finition,196.8,Titane,Jaune,67,MCH-06,MANUAL,2024-07-08 09:21:55,2024-07-08 11:55:36,0.0,done,2024-07-08 11:56:24
OF-2024-01688,ART-U28,Usinage,115.2,Aluminium,Bleu,62,MCH-02,CNC_FAST,2024-06-19 17:08:23,2024-06-19 18:28:33,7.9,done,2024-06-19 18:30:35
OF-2024-01689,ART-A26,Assemblage,183.1,Inox,Rouge,20,MCH-07,MANUAL,10/08/2024 08:04,10/08/2024 09:14,20.5,done,10/08/2024 09:17
OF-2024-01690,ART-S05,Soudure,38.9,Acier,Vert,346,MCH-11,ROBOT_CELL,2024-06-14 08:35:06,2024-06-14 14:52:52,121.5,done,2024-06-14 14:57:21
OF-2024-01691,ART-U00,Usinage,184.0,Inox,Jaune,363,MCH-04,CNC_STD,2024-02-28 13:23:01,2024-02-29 12:12:45,0.0,done,2024-02-29 12:15:09
OF-2024-01692,ART-S25,Soudure,151.9,Acier,Bleu,17,MCH-07,MANUAL,01/08/2024 12:00,01/08/2024 15:02,0.0,done,01/08/2024 15:05
OF-2024-01693,ART-S33,Soudure,195.1,Inox,Gris,183,MCH-11,ROBOT_CELL,2024-01-13 07:29:05,2024-01-13 22:00:35,0.0,done,2024-01-13 22:03:41
OF-2024-01694,ART-F15,Finition,196.8,Titane,Jaune,14,MCH-07,MANUAL,03/02/2024 10:05,03/02/2024 10:58,0.0,done,03/02/2024 11:00
OF-2024-01695,  ART-U32 ,Usinage,131.7,Aluminium,Gris,35,MCH-03,CNC_STD,2024-08-21 09:46:17,2024-08-21 11:26:46,0.0,done,2024-08-21 11:28:46
OF-2024-01696,ART-A06,Assemblage,21.3,Acier,Noir,37,MCH-08,MANUAL,2024-08-21 08:53:43,2024-08-21 09:31:56,12.2,done,2024-08-21 09:32:56
OF-2024-01697,ART-U00,Usinage,184.0,Inox,Jaune,44,MCH-01,CNC_FAST,2024-02-21 07:21:08,2024-02-21 08:57:12,31.4,done,2024-02-21 09:00:15
OF-2024-01698,ART-U24,Usinage,173.0,Aluminium,Vert,56,MCH-04,CNC_STD,2024-04-25 09:55:44,2024-04-25 11:58:39,0.0,done,2024-04-25 12:02:06
OF-2024-01699,ART-U16,Usinage,144.1,Aluminium,Noir,103,MCH-05,CNC_STD,2024-08-13 09:12:00,2024-08-13 12:45:41,43.2,done,2024-08-13 12:48:28
OF-2024-01700,ART-A26,Assemblage,183.1,Inox,Rouge,14,MCH-11,ROBOT_CELL,2024-08-06 18:15:36,2024-08-06 18:52:56,0.0,done,2024-08-06 18:53:56
OF-2024-01701,ART-S29,Soudure,90.9,Aluminium,Vert,235,MCH-07,MANUAL,01/06/2024 14:28,02/06/2024 03:47,0.0,done,02/06/2024 03:51
OF-2024-01702,ART-A06-MM,Assemblage,21.3,Acier,Noir,292,MCH-04,CNC_STD,2024-01-09 19:14:15,2024-01-09 22:38:26,17.6,done,2024-01-09 22:39:09
OF-2024-01703,ART-F19,Finition,100.8,Aluminium,Gris,20,MCH-01,CNC_FAST,2024-03-25 14:06:58,2024-03-25 14:22:13,3.3,done,2024-03-25 14:27:10
OF-2024-01704,ART-A26,Assemblage,183.1,Inox,Rouge,143,MCH-03,CNC_STD,2024-06-27 18:17:34,2024-06-27 22:40:27,0.0,done,2024-06-27 22:43:32
OF-2024-01705,ART-A02,Assemblage,36.9,Aluminium,Vert,10,MCH-05,CNC_STD,2024-07-01 09:58:45,2024-07-01 10:16:48,1.0,done,2024-07-01 10:20:19
OF-2024-01706,ART-A26,Assemblage,183.1,Inox,Rouge,44,MCH-09,ROBOT_CELL,2024-07-21 21:17:17,2024-07-21 22:43:42,0.0,done,2024-07-21 22:45:09
OF-2024-01707,ART-S09,Soudure,11.4,Acier,Jaune,39,MCH-11,ROBOT_CELL,2024-07-10 08:41:16,2024-07-10 09:36:10,7.1,done,2024-07-10 09:38:46
OF-2024-01708,ART-U08-MM,Usinage,22.6,Inox,Noir,48,MCH-02,CNC_FAST,2024-08-30 11:47:53,2024-08-30 12:40:18,17.5,done,2024-08-30 12:42:42
OF-2024-01709,ART-F27,Finition,162.2,Titane,Rouge,24,MCH-01,CNC_FAST,2024-05-07 14:24:30,2024-05-07 14:49:46,0.0,done,2024-05-07 14:52:37
OF-2024-01710,ART-F19,Finition,100.8,Aluminium,Gris,281,MCH-07,MANUAL,18/02/2024 20:06,19/02/2024 00:43,58.0,done,19/02/2024 00:45
OF-2024-01711,ART-S33,Soudure,195.1,Inox,Gris,54,MCH-07,MANUAL,06/04/2024 15:13,06/04/2024 21:57,126.4,done,06/04/2024 21:59
OF-2024-01712,ART-S25,Soudure,151.9,Acier,Bleu,40,MCH-10,ROBOT_CELL,2024-01-24 17:35:14,2024-01-24 20:51:51,0.0,done,2024-01-24 20:52:52
OF-2024-01713,ART-U28,Usinage,115.2,Aluminium,Bleu,309,MCH-05,CNC_STD,2024-01-08 16:33:48,2024-01-08 23:09:08,91.7,done,2024-01-08 23:13:26
OF-2024-01714,ART-A02,Assemblage,36.9,Aluminium,Vert,22,MCH-09,ROBOT_CELL,2024-01-10 15:49:39,2024-01-10 16:07:07,5.1,done,2024-01-10 16:08:28
OF-2024-01715,ART-A06,Assemblage,21.3,Acier,Noir,63,MCH-08,MANUAL,2024-04-10 17:41:34,2024-04-10 18:45:14,0.0,done,2024-04-10 18:46:38
OF-2024-01716,ARTU08,Usinage,22.6,Inox,Noir,15,MCH-03,CNC_STD,2024-03-15 07:19:21,2024-03-15 07:42:29,0.0,done,2024-03-15 07:47:01
OF-2024-01717,ART-U12,Usinage,23.0,Titane,Noir,63,MCH-05,CNC_STD,2024-03-07 15:16:08,2024-03-07 16:51:24,0.0,done,2024-03-07 16:55:09
OF-2024-01718,ART-A10,Assemblage,48.9,Aluminium,Jaune,74,MCH-04,CNC_STD,2024-01-02 12:11:59,2024-01-02 13:31:43,0.0,done,2024-01-02 13:34:14
OF-2024-01719,ART-U04,Usinage,186.4,Inox,Rouge,15,MCH-01,CNC_FAST,2024-07-12 19:59:15,2024-07-12 20:59:32,21.0,done,2024-07-12 21:01:55
OF-2024-01720,ART-F15,Finition,196.8,Titane,Jaune,56,MCH-02,CNC_FAST,2024-01-11 20:39:10,2024-01-11 22:12:43,0.0,done,2024-01-11 22:16:37
OF-2024-01721,art-a06,Assemblage,21.3,Acier,Noir,373,MCH-04,CNC_STD,2024-06-22 12:36:14,2024-06-22 15:58:09,13.6,done,2024-06-22 15:59:51
OF-2024-01722,ART-U24,Usinage,173.0,Aluminium,Vert,127,MCH-04,CNC_STD,2024-04-01 13:14:39,2024-04-02 18:24:40,0.0,done,2024-04-02 18:29:01
OF-2024-01723,ART-U24,Usinage,173.0,Aluminium,Vert,27,MCH-01,CNC_FAST,2024-08-22 08:36:46,2024-08-22 09:42:22,0.0,done,2024-08-22 09:43:31
OF-2024-01724,ART-S13,Soudure,74.7,Acier,Jaune,172,MCH-08,MANUAL,2024-01-13 06:41:16,2024-01-13 23:58:12,246.8,done,2024-01-14 00:00:11
OF-2024-01725,ART-F23,Finition,23.0,Acier,Gris,70,MCH-07,MANUAL,16/01/2024 16:51,16/01/2024 17:38,0.0,done,16/01/2024 17:41
OF-2024-01726,ART-S13,Soudure,74.7,Acier,Jaune,20,MCH-06,MANUAL,2024-08-05 06:25:35,2024-08-05 08:19:32,0.0,done,2024-08-05 08:23:28
OF-2024-01727,ART-F15,Finition,196.8,Titane,Jaune,39,MCH-08,MANUAL,2024-07-09 20:26:30,2024-07-09 19:59:30,0.0,done,2024-07-09 22:44:40
OF-2024-01728,ART-U20,Usinage,23.4,Titane,Rouge,278,MCH-05,CNC_STD,2024-08-31 11:09:44,2024-08-31 19:11:16,131.5,done,2024-08-31 19:13:02
OF-2024-01729,ART-F27,Finition,162.2,Titane,Rouge,57,MCH-06,MANUAL,2024-05-15 10:08:30,2024-05-15 12:34:46,22.7,done,2024-05-15 12:37:54
OF-2024-01730,ART-A06,Assemblage,21.3,Acier,Noir,57,MCH-03,CNC_STD,2024-05-27 12:27:30,2024-05-27 12:58:26,0.0,done,2024-05-27 12:59:34
OF-2024-01731,ART-U04,Usinage,186.4,Inox,Rouge,67,MCH-03,CNC_STD,2024-08-31 08:10:18,2024-08-31 12:36:32,60.7,done,2024-08-31 12:38:57
OF-2024-01732,ART-U16,Usinage,144.1,Aluminium,Noir,382,MCH-02,CNC_FAST,2024-05-04 07:20:53,2024-05-04 14:44:52,147.9,done,2024-05-04 14:47:36
OF-2024-01733,ART-S33,Soudure,195.1,Inox,Gris,15,MCH-11,ROBOT_CELL,2024-01-27 09:49:09,2024-01-27 11:55:42,7.7,done,2024-01-27 11:59:20
OF-2024-01734,ART-U32,Usinage,131.7,Aluminium,Gris,43,MCH-05,CNC_STD,2024-02-17 15:06:30,2024-02-17 16:26:06,0.0,done,2024-02-17 16:28:33
OF-2024-01735,ART-F19,Finition,100.8,Aluminium,Gris,14,MCH-07,MANUAL,07/07/2024 07:45,07/07/2024 08:11,0.0,done,07/07/2024 08:13
OF-2024-01736,ART-U28,Usinage,115.2,Aluminium,Bleu,17,MCH-05,CNC_STD,2024-06-20 16:49:34,2024-06-20 17:35:08,6.1,done,2024-06-20 17:38:37
OF-2024-01737,ART-S25,Soudure,151.9,Acier,Bleu,79,MCH-08,MANUAL,2024-02-01 06:42:24,2024-02-01 16:15:25,0.0,done,2024-02-01 16:17:20
OF-2024-01738,ART-A02,Assemblage,36.9,Aluminium,Vert,166,MCH-05,CNC_STD,2024-05-05 19:50:53,2024-05-05 21:03:15,0.0,done,2024-05-05 21:06:48
OF-2024-01739,ART-U08,Usinage,22.6,Inox,Noir,16,MCH-01,CNC_FAST,2024-04-16 06:44:22,2024-04-16 07:04:45,0.0,done,2024-04-16 07:05:48
OF-2024-01740,ART-S29,Soudure,90.9,Aluminium,Vert,59,MCH-06,MANUAL,2024-01-10 20:21:34,2024-01-11 01:48:03,107.2,done,2024-01-11 01:49:49
OF-2024-01741,ART-U20,Usinage,23.4,Titane,Rouge,101,MCH-01,CNC_FAST,2024-06-03 14:25:16,2024-06-03 16:10:41,10.2,done,2024-06-03 16:13:53
OF-2024-01742,ART-U16,Usinage,144.1,Aluminium,Noir,148,MCH-04,CNC_STD,2024-01-21 20:29:44,2024-01-22 01:15:06,0.0,done,2024-01-22 01:18:47
OF-2024-01743,ARTU08,Usinage,22.6,Inox,Noir,36,MCH-02,CNC_FAST,2024-08-01 20:58:55,2024-08-01 21:38:20,9.1,done,2024-08-01 21:42:12
OF-2024-01744,ART-F31,Finition,25.3,Inox,Gris,22,MCH-01,CNC_FAST,2024-01-06 10:35:26,2024-01-06 10:46:28,0.0,done,2024-01-06 10:48:32
OF-2024-01745,ART-F11,Finition,147.9,Acier,Gris,65,MCH-02,CNC_FAST,2024-02-06 14:28:39,2024-02-06 15:14:12,9.2,done,2024-02-06 15:15:01
OF-2024-01746,ART-A06,Assemblage,21.3,Acier,Noir,57,MCH-08,MANUAL,2024-02-18 17:45:41,2024-02-18 18:26:41,0.0,done,2024-02-18 18:31:15
OF-2024-01747,ART-A06,Assemblage,21.3,Acier,Noir,32,MCH-09,ROBOT_CELL,2024-08-19 11:35:02,2024-08-19 11:52:55,1.8,done,2024-08-19 11:57:45
OF-2024-01748,ART-U00,Usinage,184.0,Inox,Jaune,49,MCH-03,CNC_STD,2024-02-24 12:41:05,2024-02-24 15:28:44,0.0,done,2024-02-24 15:33:42
OF-2024-01749,ARTU16,Usinage,144.1,Aluminium,Noir,33,MCH-02,CNC_FAST,2024-08-23 17:54:50,2024-08-23 18:52:51,0.0,done,2024-08-23 18:55:03
OF-2024-01750,ART-S25,Soudure,151.9,Acier,Bleu,31,MCH-06,MANUAL,2024-07-15 08:46:48,2024-07-15 12:28:26,0.0,done,2024-07-15 12:33:16
OF-2024-01751,ART-S13,Soudure,74.7,Acier,Jaune,258,MCH-08,MANUAL,2024-05-13 14:53:09,2024-05-14 12:05:38,0.0,done,2024-05-14 12:09:53
OF-2024-01752,ART-S05,Soudure,38.9,Acier,Vert,137,MCH-08,MANUAL,2024-07-10 12:46:21,2024-07-10 17:26:34,65.8,done,2024-07-10 17:28:15
OF-2024-01753,  ART-S05 ,Soudure,38.9,Acier,Vert,53,MCH-10,ROBOT_CELL,2024-03-21 10:13:35,2024-03-21 11:51:51,0.0,done,2024-03-21 11:54:43
OF-2024-01754,ART-S29,Soudure,90.9,Aluminium,Vert,20,MCH-06,MANUAL,2024-04-16 18:36:22,2024-04-16 20:52:37,32.8,done,2024-04-16 20:56:35
OF-2024-01755,ART-S13,Soudure,74.7,Acier,Jaune,61,MCH-09,ROBOT_CELL,2024-03-11 09:27:39,2024-03-11 12:52:10,0.0,done,2024-03-11 12:55:06
OF-2024-01756,ART-U24,Usinage,173.0,Aluminium,Vert,19,MCH-01,CNC_FAST,2024-06-11 19:13:25,2024-06-11 19:51:03,0.0,done,2024-06-11 19:51:37
OF-2024-01757,ART-F15,Finition,196.8,Titane,Jaune,20,MCH-07,MANUAL,31/08/2024 08:16,31/08/2024 09:16,4.0,done,31/08/2024 09:19
OF-2024-01758,ART-S25,Soudure,151.9,Acier,Bleu,245,MCH-09,ROBOT_CELL,2024-02-02 20:16:44,2024-02-03 11:39:12,0.0,done,2024-02-03 11:42:27
OF-2024-01759,ART-U04,Usinage,186.4,Inox,Rouge,18,MCH-04,CNC_STD,2024-06-27 20:05:31,2024-06-27 21:33:33,10.7,done,2024-06-27 21:37:28
OF-2024-01760,ART-A18,Assemblage,15.6,Inox,Rouge,37,MCH-05,CNC_STD,2024-06-08 13:20:44,2024-06-08 13:50:43,0.0,done,2024-06-08 13:54:19
OF-2024-01761,ART-S25,Soudure,151.9,Acier,Bleu,43,MCH-08,MANUAL,2024-06-29 06:17:38,2024-06-29 11:48:12,75.0,done,2024-06-29 11:52:45
OF-2024-01762,ART-S29,Soudure,90.9,Aluminium,Vert,57,MCH-07,MANUAL,29/06/2024 06:35,29/06/2024 10:37,0.0,done,29/06/2024 10:39
OF-2024-01763,ART-S09,Soudure,11.4,Acier,Jaune,140,MCH-07,MANUAL,27/02/2024 14:18,27/02/2024 18:34,0.0,done,27/02/2024 18:38
OF-2024-01764,ART-U04,Usinage,186.4,Inox,Rouge,319,MCH-02,CNC_FAST,2024-06-11 18:19:48,2024-06-12 10:23:49,56.8,done,2024-06-12 10:25:50
OF-2024-01765,ART-U28,Usinage,115.2,Aluminium,Bleu,315,MCH-01,CNC_FAST,2024-02-05 07:32:39,2024-02-05 12:04:09,0.0,done,2024-02-05 12:06:48
OF-2024-01766,ART-U04,Usinage,186.4,Inox,Rouge,62,MCH-03,CNC_STD,2024-04-09 20:30:05,2024-04-10 00:08:52,0.0,done,2024-04-10 00:12:34
OF-2024-01767,ART-A26,Assemblage,183.1,Inox,Rouge,358,MCH-04,CNC_STD,2024-02-23 07:47:57,2024-02-23 18:55:02,0.0,done,2024-02-23 18:58:43
OF-2024-01768,ART-U20,Usinage,23.4,Titane,Rouge,57,MCH-05,CNC_STD,2024-04-10 19:00:07,2024-04-10 20:29:03,0.0,done,2024-04-10 20:31:04
OF-2024-01769,  ART-F19 ,Finition,100.8,Aluminium,Gris,57,MCH-06,MANUAL,2024-01-20 21:22:55,2024-01-20 22:22:50,0.0,done,2024-01-20 22:25:22
OF-2024-01770,ART-U04,Usinage,186.4,Inox,Rouge,11,MCH-03,CNC_STD,2024-03-10 15:33:57,2024-03-10 16:38:46,0.0,done,2024-03-10 16:40:21
OF-2024-01771,ART-F27,Finition,162.2,Titane,Rouge,364,MCH-01,CNC_FAST,2024-03-21 10:51:18,2024-03-21 16:36:26,0.0,done,2024-03-21 16:38:55
OF-2024-01772,ART-A06,Assemblage,21.3,Acier,Noir,62,MCH-05,CNC_STD,2024-07-14 17:37:05,2024-07-14 18:19:49,10.0,done,2024-07-14 18:20:51
OF-2024-01773,ART-U24,Usinage,173.0,Aluminium,Vert,66,MCH-03,CNC_STD,2024-06-28 06:19:29,2024-06-28 08:43:43,0.0,done,2024-06-28 08:46:54
OF-2024-01774,ART-U28,Usinage,115.2,Aluminium,Bleu,23,MCH-01,CNC_FAST,2024-06-01 14:51:07,2024-06-01 15:28:06,7.4,done,2024-06-01 15:28:42
OF-2024-01775,ART-U12,Usinage,23.0,Titane,Noir,17,MCH-01,CNC_FAST,2024-08-05 17:08:17,2024-08-05 17:30:19,0.0,done,2024-08-05 17:33:17
OF-2024-01776,ART-A06,Assemblage,21.3,Acier,Noir,44,MCH-04,CNC_STD,2024-02-11 06:32:09,2024-02-11 07:02:31,0.0,done,2024-02-11 07:04:29
OF-2024-01777,ART-U24,Usinage,173.0,Aluminium,Vert,61,MCH-01,CNC_FAST,2024-01-08 15:43:32,2024-01-08 17:37:29,0.0,done,2024-01-08 17:41:27
OF-2024-01778,ART-U12,Usinage,23.0,Titane,Noir,74,MCH-04,CNC_STD,2024-04-26 12:58:28,2024-04-26 14:26:48,0.0,done,2024-04-26 14:30:44
OF-2024-01779,ART-U04,Usinage,186.4,Inox,Rouge,307,MCH-01,CNC_FAST,2024-02-25 19:30:43,2024-02-26 11:00:18,0.0,done,2024-02-26 11:02:37
OF-2024-01780,ART-U04,Usinage,186.4,Inox,Rouge,11,MCH-05,CNC_STD,2024-02-09 14:03:51,2024-02-09 15:30:48,0.0,done,2024-02-09 15:33:09
OF-2024-01781,ART-F19,Finition,100.8,Aluminium,Gris,19,MCH-01,CNC_FAST,2024-03-27 16:15:59,2024-03-27 16:32:49,0.0,done,2024-03-27 16:37:12
OF-2024-01782,ART-U32-MM,Usinage,131.7,Aluminium,Gris,76,MCH-03,CNC_STD,2024-01-16 06:42:19,2024-01-16 09:28:47,33.8,done,2024-01-16 09:31:12
OF-2024-01783,ART-F27,Finition,162.2,Titane,Rouge,12,MCH-07,MANUAL,27/03/2024 17:30,27/03/2024 18:08,0.0,done,27/03/2024 18:12
OF-2024-01784,ART-F27,Finition,162.2,Titane,Rouge,71,MCH-07,MANUAL,13/03/2024 17:13,13/03/2024 19:27,0.0,done,13/03/2024 19:32
OF-2024-01785,ART-S25,Soudure,151.9,Acier,Bleu,16,MCH-09,ROBOT_CELL,2024-05-31 08:29:16,2024-05-31 09:39:51,5.0,done,2024-05-31 09:43:20
OF-2024-01786,ART-U28,Usinage,115.2,Aluminium,Bleu,361,MCH-03,CNC_STD,2024-07-21 09:20:37,2024-07-21 16:37:04,0.0,done,2024-07-21 16:39:02
OF-2024-01787,ART-S13,Soudure,74.7,Acier,Jaune,231,MCH-11,ROBOT_CELL,2024-08-14 15:20:29,2024-08-15 02:24:04,129.2,done,2024-08-15 02:25:35
OF-2024-01788,ART-U08,Usinage,22.6,Inox,Noir,285,MCH-03,CNC_STD,2024-03-06 13:56:18,2024-03-06 18:33:25,0.0,done,2024-03-06 18:34:22
OF-2024-01789,ART-S13,Soudure,74.7,Acier,Jaune,327,MCH-08,MANUAL,2024-07-30 13:40:11,2024-07-31 12:33:23,0.0,done,2024-07-31 12:35:47
OF-2024-01790,ART-A10,Assemblage,48.9,Aluminium,Jaune,40,MCH-10,ROBOT_CELL,2024-08-29 11:27:35,2024-08-29 12:12:18,0.0,done,2024-08-29 12:14:06
OF-2024-01791,ART-U28,Usinage,115.2,Aluminium,Bleu,40,MCH-01,CNC_FAST,2024-06-27 18:40:12,2024-06-27 19:28:23,0.0,done,2024-06-27 19:31:16
OF-2024-01792,ART-U28,Usinage,115.2,Aluminium,Bleu,357,MCH-03,CNC_STD,2024-03-30 20:17:01,2024-03-31 03:41:18,0.0,done,2024-03-31 03:46:08
OF-2024-01793,ARTA06,Assemblage,21.3,Acier,Noir,318,MCH-05,CNC_STD,2024-05-20 18:29:39,2024-05-20 21:25:57,0.0,done,2024-05-20 21:30:12
OF-2024-01794,ART-F27,Finition,162.2,Titane,Rouge,371,MCH-07,MANUAL,13/06/2024 19:43,14/06/2024 08:15,117.4,done,14/06/2024 08:19
OF-2024-01795,ART-S13,Soudure,74.7,Acier,Jaune,27,MCH-11,ROBOT_CELL,2024-01-06 21:04:34,2024-01-06 22:42:12,18.8,done,2024-01-06 22:45:43
OF-2024-01796,ART-F07,Finition,147.0,Acier,Gris,349,MCH-07,MANUAL,01/05/2024 18:31,02/05/2024 00:30,88.0,done,02/05/2024 00:34
OF-2024-01797,ART-S09,Soudure,11.4,Acier,Jaune,265,MCH-09,ROBOT_CELL,2024-02-26 16:42:34,2024-02-26 21:12:02,0.0,done,2024-02-26 21:14:45
OF-2024-01798,ART-U20,Usinage,23.4,Titane,Rouge,43,MCH-02,CNC_FAST,2024-07-04 07:50:52,2024-07-04 08:36:05,15.7,done,2024-07-04 08:37:40
OF-2024-01799,ART-A02,Assemblage,36.9,Aluminium,Vert,27,MCH-12,ROBOT_CELL,2024-06-05 20:53:02,2024-06-05 21:11:03,0.0,done,2024-06-05 21:15:01
OF-2024-01800,ART-A06,Assemblage,21.3,Acier,Noir,23,MCH-10,ROBOT_CELL,2024-07-01 16:15:10,2024-07-01 16:31:37,1.2,done,2024-07-01 16:33:56
OF-2024-01801,ART-U32,Usinage,131.7,Aluminium,Gris,130,MCH-03,CNC_STD,2024-06-01 21:14:13,,0.0,aborted,2024-06-02 01:16:51
OF-2024-01802,ART-U16,Usinage,144.1,Aluminium,Noir,21,MCH-01,CNC_FAST,2024-04-21 17:45:59,2024-04-21 18:24:49,0.0,done,2024-04-21 18:29:31
OF-2024-01803,ART-A26,Assemblage,183.1,Inox,Rouge,121,MCH-07,MANUAL,25/03/2024 15:50,25/03/2024 23:12,0.0,done,25/03/2024 23:15
OF-2024-01804,ART-A06,Assemblage,21.3,Acier,Noir,75,MCH-05,CNC_STD,2024-07-17 20:57:37,2024-07-17 21:37:14,2.9,done,2024-07-17 21:40:42
OF-2024-01805,ART-S29,Soudure,90.9,Aluminium,Vert,35,MCH-08,MANUAL,2024-05-09 13:40:53,2024-05-09 16:02:26,0.0,done,2024-05-09 16:04:58
OF-2024-01806,ART-S13,Soudure,74.7,Acier,Jaune,145,MCH-08,MANUAL,2024-07-16 18:15:12,2024-07-17 03:50:46,0.0,done,2024-07-17 03:52:34
OF-2024-01807,ART-U16,Usinage,144.1,Aluminium,Noir,11,MCH-04,CNC_STD,2024-06-17 14:32:19,2024-06-17 15:09:31,0.0,done,2024-06-17 15:14:25
OF-2024-01808,  ART-U16 ,Usinage,144.1,Aluminium,Noir,28,MCH-02,CNC_FAST,2024-07-16 14:36:08,2024-07-16 15:26:39,17.4,done,2024-07-16 15:27:34
OF-2024-01809,ART-U24,Usinage,173.0,Aluminium,Vert,32,MCH-05,CNC_STD,2024-04-23 07:02:17,2024-04-23 08:40:20,8.8,done,2024-04-23 08:44:18
OF-2024-01810,ART-A06,Assemblage,21.3,Acier,Noir,42,MCH-05,CNC_STD,2024-08-06 20:11:40,2024-08-06 20:48:58,0.0,done,2024-08-06 20:51:13
OF-2024-01811,ART-F15,Finition,196.8,Titane,Jaune,9,MCH-06,MANUAL,2024-03-04 15:23:52,2024-03-04 16:01:03,0.0,done,2024-03-04 16:04:35
OF-2024-01812,ART-U32,Usinage,131.7,Aluminium,Gris,21,MCH-02,CNC_FAST,2024-05-19 13:23:42,2024-05-19 14:02:40,0.0,done,2024-05-19 14:04:46
OF-2024-01813,ART-U16,Usinage,144.1,Aluminium,Noir,19,MCH-04,CNC_STD,2024-03-16 07:17:32,2024-03-16 08:16:36,16.6,done,2024-03-16 08:21:27
OF-2024-01814,ART-S05,Soudure,38.9,Acier,Vert,72,MCH-10,ROBOT_CELL,2024-02-16 16:16:16,2024-02-16 18:24:49,30.9,done,2024-02-16 18:28:47
OF-2024-01815,ART-U24,Usinage,173.0,Aluminium,Vert,29,MCH-03,CNC_STD,2024-05-09 15:19:37,2024-05-09 16:46:38,12.7,done,2024-05-09 16:49:25
OF-2024-01816,ART-U32,Usinage,131.7,Aluminium,Gris,39,MCH-02,CNC_FAST,2024-07-26 12:51:38,2024-07-26 13:59:52,0.0,done,2024-07-26 14:02:43
OF-2024-01817,ART-U00,Usinage,184.0,Inox,Jaune,309,MCH-02,CNC_FAST,2024-03-27 07:45:44,2024-03-27 18:54:52,66.6,done,2024-03-27 18:57:14
OF-2024-01818,ART-F15,Finition,196.8,Titane,Jaune,54,MCH-01,CNC_FAST,2024-03-16 14:30:57,2024-03-16 15:37:59,0.0,done,2024-03-16 15:39:40
OF-2024-01819,ART-U28,Usinage,115.2,Aluminium,Bleu,16,MCH-05,CNC_STD,2024-05-10 16:09:03,2024-05-10 16:50:21,0.0,done,2024-05-10 16:51:51
OF-2024-01820,ART-A14,Assemblage,190.7,Acier,Noir,245,MCH-06,MANUAL,2024-06-20 15:21:24,2024-06-21 00:09:13,145.9,done,2024-06-21 00:14:09
OF-2024-01821,ART-U24,Usinage,173.0,Aluminium,Vert,14,MCH-05,CNC_STD,2024-04-03 13:13:22,2024-04-03 13:58:21,0.0,done,2024-04-03 13:59:13
OF-2024-01822,ART-S09,Soudure,11.4,Acier,Jaune,80,MCH-08,MANUAL,2024-05-11 18:48:34,2024-05-11 21:51:03,52.8,done,2024-05-11 21:54:03
OF-2024-01823,ART-U32-MM,Usinage,131.7,Aluminium,Gris,27,MCH-04,CNC_STD,2024-05-11 10:52:08,2024-05-11 11:52:38,0.0,done,2024-05-11 11:55:21
OF-2024-01824,ART-S25,Soudure,151.9,Acier,Bleu,155,MCH-11,ROBOT_CELL,2024-01-07 09:12:03,2024-01-07 20:07:28,138.9,done,2024-01-07 20:09:23
OF-2024-01825,ART-F27,Finition,162.2,Titane,Rouge,10,MCH-07,MANUAL,26/05/2024 07:35,26/05/2024 08:08,0.0,done,26/05/2024 08:10
OF-2024-01826,ART-A26,Assemblage,183.1,Inox,Rouge,77,MCH-10,ROBOT_CELL,2024-01-30 16:16:06,2024-01-30 18:47:19,42.3,done,2024-01-30 18:50:44
OF-2024-01827,ART-U00,Usinage,184.0,Inox,Jaune,371,MCH-01,CNC_FAST,2024-05-01 12:43:52,,56.4,aborted,2024-05-02 03:03:58
OF-2024-01828,ART-S05,Soudure,38.9,Acier,Vert,159,MCH-12,ROBOT_CELL,2024-08-02 11:44:45,2024-08-02 16:43:20,0.0,done,2024-08-02 16:44:03
OF-2024-01829,ART-A18,Assemblage,15.6,Inox,Rouge,350,MCH-04,CNC_STD,2024-06-24 06:17:30,2024-06-24 08:27:55,16.7,done,2024-06-24 08:32:32
OF-2024-01830,ART-U24,Usinage,173.0,Aluminium,Vert,180,MCH-01,CNC_FAST,2024-08-07 11:06:44,2024-08-07 16:12:07,0.0,done,2024-08-07 16:14:10
OF-2024-01831,  ART-F11 ,Finition,147.9,Acier,Gris,48,MCH-07,MANUAL,22/04/2024 08:03,22/04/2024 09:16,6.5,done,22/04/2024 09:19
OF-2024-01832,ART-U24,Usinage,173.0,Aluminium,Vert,66,MCH-01,CNC_FAST,2024-03-30 08:26:30,2024-03-30 10:29:15,0.0,done,2024-03-30 10:30:11
OF-2024-01833,ART-F19-MM,Finition,100.8,Aluminium,Gris,77,MCH-01,CNC_FAST,2024-06-29 18:34:18,2024-06-29 19:08:28,0.0,done,2024-06-29 19:09:01
OF-2024-01834,ART-F15,Finition,196.8,Titane,Jaune,48,MCH-08,MANUAL,2024-07-13 13:03:46,2024-07-13 15:35:19,27.4,done,2024-07-13 15:39:28
OF-2024-01835,ART-S25,Soudure,151.9,Acier,Bleu,59,MCH-12,ROBOT_CELL,2024-06-12 11:24:01,2024-06-12 15:29:03,0.0,done,2024-06-12 15:34:01
OF-2024-01836,ART-U08,Usinage,22.6,Inox,Noir,36,MCH-05,CNC_STD,2024-01-22 14:03:26,2024-01-22 14:58:27,12.0,done,2024-01-22 15:02:46
OF-2024-01837,ART-U32,Usinage,131.7,Aluminium,Gris,7,MCH-02,CNC_FAST,2024-03-20 18:40:17,2024-03-20 19:04:25,0.0,done,2024-03-20 19:05:40
OF-2024-01838,ART-S25,Soudure,151.9,Acier,Bleu,356,MCH-09,ROBOT_CELL,2024-03-25 13:41:04,2024-03-26 08:06:44,175.0,done,2024-03-26 08:08:20
OF-2024-01839,ART-S25,Soudure,151.9,Acier,Bleu,22,MCH-09,ROBOT_CELL,2024-01-13 08:21:40,2024-01-13 10:04:04,0.0,done,2024-01-13 10:08:01
OF-2024-01840,ART-A06,Assemblage,21.3,Acier,Noir,389,MCH-03,CNC_STD,2024-08-29 12:35:39,2024-08-29 16:06:06,0.0,done,2024-08-29 16:10:11
OF-2024-01841,ART-S01,Soudure,191.3,Titane,Bleu,78,MCH-07,MANUAL,19/06/2024 08:23,19/06/2024 22:46,0.0,done,19/06/2024 22:50
OF-2024-01842,art-a06,Assemblage,21.3,Acier,Noir,171,MCH-06,MANUAL,2024-02-23 10:49:19,2024-02-23 12:46:50,0.0,done,2024-02-23 12:47:29
OF-2024-01843,ART-U32,Usinage,131.7,Aluminium,Gris,307,MCH-04,CNC_STD,2024-07-26 12:28:07,2024-07-26 22:19:46,0.0,done,2024-07-26 22:22:03
OF-2024-01844,ART-F19,Finition,100.8,Aluminium,Gris,40,MCH-06,MANUAL,2024-05-30 21:57:10,2024-05-30 22:46:02,0.0,done,2024-05-30 22:50:51
OF-2024-01845,ART-S29,Soudure,90.9,Aluminium,Vert,67,MCH-11,ROBOT_CELL,2024-03-28 07:27:00,2024-03-28 10:17:27,0.0,done,2024-03-28 10:21:10
OF-2024-01846,ART-A14,Assemblage,190.7,Acier,Noir,234,MCH-09,ROBOT_CELL,2024-05-17 09:41:37,2024-05-17 14:58:29,0.0,done,2024-05-17 14:59:12
OF-2024-01847,ART-U16,Usinage,144.1,Aluminium,Noir,72,MCH-04,CNC_STD,2024-03-03 13:39:45,2024-03-03 16:06:42,0.0,done,2024-03-03 16:07:31
OF-2024-01848,ART-S05,Soudure,38.9,Acier,Vert,41,MCH-11,ROBOT_CELL,2024-03-17 12:34:45,2024-03-17 13:45:17,0.0,done,2024-03-17 13:46:35
OF-2024-01849,ART-A10,Assemblage,48.9,Aluminium,Jaune,67,MCH-03,CNC_STD,2024-08-13 20:38:46,2024-08-13 21:40:11,0.0,done,2024-08-13 21:40:45
OF-2024-01850,ART-U32,Usinage,131.7,Aluminium,Gris,192,MCH-03,CNC_STD,2024-05-16 07:00:03,2024-05-16 06:59:03,0.0,done,2024-05-16 12:53:51
OF-2024-01851,ART-U04,Usinage,186.4,Inox,Rouge,39,MCH-03,CNC_STD,2024-05-11 15:54:51,2024-05-11 19:03:32,0.0,done,2024-05-11 19:05:28
OF-2024-01852,ART-S29,Soudure,90.9,Aluminium,Vert,190,MCH-10,ROBOT_CELL,2024-01-27 09:39:04,2024-01-27 15:57:59,0.0,done,2024-01-27 16:02:49
OF-2024-01853,ART-U28,Usinage,115.2,Aluminium,Bleu,145,MCH-03,CNC_STD,2024-02-18 12:40:30,2024-02-18 15:57:58,30.2,done,2024-02-18 15:58:54
OF-2024-01854,ART-S05,Soudure,38.9,Acier,Vert,11,MCH-08,MANUAL,2024-07-16 11:34:17,2024-07-16 12:20:48,6.5,done,2024-07-16 12:25:24
OF-2024-01855,ART-U32,Usinage,131.7,Aluminium,Gris,63,MCH-05,CNC_STD,2024-08-16 14:27:14,2024-08-16 17:15:34,17.4,done,2024-08-16 17:17:43
OF-2024-01856,ART-F39,Finition,157.5,Titane,Jaune,221,MCH-06,MANUAL,2024-07-31 12:46:37,2024-07-31 19:43:29,0.0,done,2024-07-31 19:46:27
OF-2024-01857,ART-A18,Assemblage,15.6,Inox,Rouge,54,MCH-10,ROBOT_CELL,2024-07-06 18:49:25,2024-07-06 19:22:47,0.0,done,2024-07-06 19:27:14
OF-2024-01858,ART-A26,Assemblage,183.1,Inox,Rouge,228,MCH-08,MANUAL,2024-01-31 12:54:23,2024-02-01 02:04:49,0.0,done,2024-02-01 02:08:07
OF-2024-01859,ART-U20,Usinage,23.4,Titane,Rouge,392,MCH-01,CNC_FAST,2024-07-23 08:57:19,2024-07-23 15:21:54,0.0,done,2024-07-23 15:23:31
OF-2024-01860,ART-A10,Assemblage,48.9,Aluminium,Jaune,59,MCH-06,MANUAL,2024-07-26 12:37:32,2024-07-26 13:57:39,0.0,done,2024-07-26 14:02:14
OF-2024-01861,ART-U04,Usinage,186.4,Inox,Rouge,23,MCH-05,CNC_STD,2024-07-13 09:55:10,2024-07-13 11:41:05,0.0,done,2024-07-13 11:42:30
OF-2024-01862,ART-A26,Assemblage,183.1,Inox,Rouge,229,MCH-08,MANUAL,2024-03-28 19:08:22,2024-03-29 05:13:05,0.0,done,2024-03-29 05:15:37
OF-2024-01863,ART-F27,Finition,162.2,Titane,Rouge,57,MCH-01,CNC_FAST,2024-08-23 15:42:45,2024-08-23 16:46:40,0.0,done,2024-08-23 16:50:38
OF-2024-01864,ART-F19,Finition,100.8,Aluminium,Gris,51,MCH-02,CNC_FAST,2024-01-06 16:13:59,2024-01-06 16:48:00,0.0,done,2024-01-06 16:48:45
OF-2024-01865,ART-A26,Assemblage,183.1,Inox,Rouge,260,MCH-10,ROBOT_CELL,2024-05-27 13:15:26,2024-05-27 20:32:34,0.0,done,2024-05-27 20:35:47
OF-2024-01866,  ART-A06 ,Assemblage,21.3,Acier,Noir,23,MCH-05,CNC_STD,2024-05-18 08:18:47,2024-05-18 08:40:15,0.0,done,2024-05-18 08:43:26
OF-2024-01867,ART-A02,Assemblage,36.9,Aluminium,Vert,298,MCH-10,ROBOT_CELL,2024-01-20 12:43:40,2024-01-20 15:00:25,37.1,done,2024-01-20 15:03:26
OF-2024-01868,ART-U28,Usinage,115.2,Aluminium,Bleu,149,MCH-03,CNC_STD,2024-04-11 13:27:57,2024-04-11 13:26:57,0.0,done,2024-04-11 17:30:31
OF-2024-01869,ART-S09,Soudure,11.4,Acier,Jaune,300,MCH-06,MANUAL,2024-04-18 14:42:34,2024-04-19 00:03:39,0.0,done,2024-04-19 00:06:18
OF-2024-01870,ART-A06-MM,Assemblage,21.3,Acier,Noir,73,MCH-04,CNC_STD,2024-03-21 13:48:26,2024-03-21 21:34:27,138.3,done,2024-03-21 21:36:40
OF-2024-01871,  ART-U32 ,Usinage,131.7,Aluminium,Gris,61,MCH-01,CNC_FAST,2024-08-19 11:47:52,2024-08-19 13:24:10,24.0,done,2024-08-19 13:28:28
OF-2024-01872,ART-U20,Usinage,23.4,Titane,Rouge,295,MCH-02,CNC_FAST,2024-01-07 15:43:06,,71.1,aborted,2024-01-07 21:19:46
OF-2024-01873,ART-S29,Soudure,90.9,Aluminium,Vert,77,MCH-10,ROBOT_CELL,2024-05-06 13:36:15,2024-05-06 16:43:53,0.0,done,2024-05-06 16:44:56
OF-2024-01874,ART-A26,Assemblage,183.1,Inox,Rouge,80,MCH-05,CNC_STD,2024-06-20 10:28:52,2024-06-20 13:05:27,0.0,done,2024-06-20 13:06:08
OF-2024-01875,ART-A22,Assemblage,105.9,Aluminium,Noir,44,MCH-05,CNC_STD,2024-02-19 14:20:28,2024-02-19 15:08:50,0.0,done,2024-02-19 15:12:42
OF-2024-01876,ART-F07,Finition,147.0,Acier,Gris,72,MCH-02,CNC_FAST,2024-04-26 17:27:07,2024-04-26 18:17:26,0.0,done,2024-04-26 18:19:10
OF-2024-01877,ART-A10,Assemblage,48.9,Aluminium,Jaune,118,MCH-11,ROBOT_CELL,2024-06-28 12:05:54,2024-06-28 13:33:18,0.0,done,2024-06-28 13:36:41
OF-2024-01878,art-u12,Usinage,23.0,Titane,Noir,80,MCH-02,CNC_FAST,2024-08-27 13:41:15,2024-08-27 14:44:51,0.0,done,2024-08-27 14:47:49
OF-2024-01879,ART-F11,Finition,147.9,Acier,Gris,298,MCH-01,CNC_FAST,2024-06-27 13:50:07,2024-06-27 16:47:06,0.0,done,2024-06-27 16:50:35
OF-2024-01880,ART-F27,Finition,162.2,Titane,Rouge,32,MCH-07,MANUAL,29/06/2024 12:28,29/06/2024 13:45,13.1,done,29/06/2024 13:48
OF-2024-01881,ART-F03,Finition,55.9,Titane,Jaune,12,MCH-08,MANUAL,2024-08-22 14:48:46,2024-08-22 15:21:00,0.0,done,2024-08-22 15:24:15
OF-2024-01882,ART-U24,Usinage,173.0,Aluminium,Vert,169,MCH-01,CNC_FAST,2024-03-24 08:17:39,2024-03-24 11:57:56,0.0,done,2024-03-24 12:01:14
OF-2024-01883,ART-F11,Finition,147.9,Acier,Gris,131,MCH-07,MANUAL,03/04/2024 09:45,03/04/2024 13:02,0.0,done,03/04/2024 13:06
OF-2024-01884,ART-U04,Usinage,186.4,Inox,Rouge,8,MCH-03,CNC_STD,2024-08-10 21:48:57,2024-08-10 23:04:26,0.0,done,2024-08-10 23:06:50
OF-2024-01885,ART-F15,Finition,196.8,Titane,Jaune,80,MCH-01,CNC_FAST,2024-06-08 12:38:49,2024-06-08 14:16:25,21.0,done,2024-06-08 14:19:54
OF-2024-01886,ART-U12,Usinage,23.0,Titane,Noir,72,MCH-01,CNC_FAST,2024-06-24 11:41:54,2024-06-24 12:38:48,0.0,done,2024-06-24 12:43:34
OF-2024-01887,ART-U04,Usinage,186.4,Inox,Rouge,9,MCH-03,CNC_STD,2024-08-21 10:01:04,2024-08-21 11:04:51,0.0,done,2024-08-21 11:05:22
OF-2024-01888,ART-A10,Assemblage,48.9,Aluminium,Jaune,59,MCH-11,ROBOT_CELL,2024-08-09 11:51:48,2024-08-09 12:31:45,9.6,done,2024-08-09 12:32:27
OF-2024-01889,ART-A06,Assemblage,21.3,Acier,Noir,63,MCH-03,CNC_STD,2024-08-12 12:54:06,2024-08-12 13:42:03,0.0,done,2024-08-12 13:46:27
OF-2024-01890,ART-U32,Usinage,131.7,Aluminium,Gris,167,MCH-01,CNC_FAST,2024-03-18 15:28:16,2024-03-18 19:45:18,55.1,done,2024-03-18 19:49:53
OF-2024-01891,ART-A26,Assemblage,183.1,Inox,Rouge,48,MCH-08,MANUAL,2024-03-13 10:24:11,2024-03-13 12:57:41,0.0,done,2024-03-13 13:02:01
OF-2024-01892,ART-A30,Assemblage,130.4,Acier,Gris,19,MCH-12,ROBOT_CELL,2024-06-23 06:37:46,2024-06-23 07:13:27,0.0,done,2024-06-23 07:16:58
OF-2024-01893,ART-U20,Usinage,23.4,Titane,Rouge,47,MCH-01,CNC_FAST,2024-07-30 09:40:08,2024-07-30 10:34:26,0.0,done,2024-07-30 10:36:30
OF-2024-01894,ART-U20-MM,Usinage,23.4,Titane,Rouge,17,MCH-01,CNC_FAST,2024-01-18 10:11:16,2024-01-18 10:40:06,9.6,done,2024-01-18 10:40:50
OF-2024-01895,ART-U04,Usinage,186.4,Inox,Rouge,9,MCH-05,CNC_STD,2024-06-21 17:17:07,2024-06-21 18:14:16,0.0,done,2024-06-21 18:18:36
OF-2024-01896,ART-A22,Assemblage,105.9,Aluminium,Noir,56,MCH-08,MANUAL,2024-06-29 14:00:57,2024-06-29 15:20:28,0.0,done,2024-06-29 15:21:55
OF-2024-01897,ART-A06,Assemblage,21.3,Acier,Noir,61,MCH-10,ROBOT_CELL,2024-03-05 13:12:45,2024-03-05 13:45:24,0.0,done,2024-03-05 13:49:01
OF-2024-01898,ART-U04,Usinage,186.4,Inox,Rouge,392,MCH-05,CNC_STD,2024-05-02 06:52:50,2024-05-03 06:54:22,0.0,done,2024-05-03 06:57:49
OF-2024-01899,ART-A06,Assemblage,21.3,Acier,Noir,34,MCH-06,MANUAL,2024-03-29 13:35:03,2024-03-29 13:06:03,0.0,done,2024-03-29 14:14:16
OF-2024-01900,ART-A26,Assemblage,183.1,Inox,Rouge,382,MCH-06,MANUAL,2024-02-26 16:33:19,2024-02-27 15:15:36,0.0,done,2024-02-27 15:17:02
OF-2024-01901,ART-A06,Assemblage,21.3,Acier,Noir,38,MCH-07,MANUAL,29/01/2024 13:43,29/01/2024 14:29,0.0,done,29/01/2024 14:31
OF-2024-01902,ART-U04,Usinage,186.4,Inox,Rouge,122,MCH-05,CNC_STD,2024-05-13 10:08:02,2024-05-13 19:38:38,0.0,done,2024-05-13 19:42:20
OF-2024-01903,ART-U16,Usinage,144.1,Aluminium,Noir,294,MCH-03,CNC_STD,2024-07-12 20:41:15,2024-07-13 05:14:01,148.2,done,2024-07-13 05:18:26
OF-2024-01904,ART-S33,Soudure,195.1,Inox,Gris,34,MCH-08,MANUAL,2024-08-28 17:57:49,2024-08-28 23:39:52,34.3,done,2024-08-28 23:42:04
OF-2024-01905,ART-F15,Finition,196.8,Titane,Jaune,65,MCH-01,CNC_FAST,2024-04-27 06:58:28,2024-04-27 08:30:16,0.0,done,2024-04-27 08:32:21
OF-2024-01906,ART-S25,Soudure,151.9,Acier,Bleu,31,MCH-07,MANUAL,19/07/2024 17:04,19/07/2024 21:28,0.0,done,19/07/2024 21:29
OF-2024-01907,ART-U16,Usinage,144.1,Aluminium,Noir,25,MCH-01,CNC_FAST,2024-03-10 14:47:57,2024-03-10 15:34:31,8.8,done,2024-03-10 15:39:09
OF-2024-01908,ART-U20-MM,Usinage,23.4,Titane,Rouge,40,MCH-02,CNC_FAST,2024-03-03 15:18:59,,0.0,running,2024-03-03 16:22:15
OF-2024-01909,ART-U24,Usinage,173.0,Aluminium,Vert,20,MCH-03,CNC_STD,2024-08-12 09:48:40,2024-08-12 10:39:31,0.0,done,2024-08-12 10:42:15
OF-2024-01910,ART-U28,Usinage,115.2,Aluminium,Bleu,54,MCH-01,CNC_FAST,2024-03-27 12:30:50,2024-03-27 13:22:11,0.0,done,2024-03-27 13:23:08
OF-2024-01911,ART-S25,Soudure,151.9,Acier,Bleu,285,MCH-08,MANUAL,2024-03-04 11:08:40,2024-03-05 16:59:38,0.0,done,2024-03-05 17:01:45
OF-2024-01912,ART-S29,Soudure,90.9,Aluminium,Vert,35,MCH-07,MANUAL,02/06/2024 06:39,02/06/2024 09:34,0.0,done,02/06/2024 09:38
OF-2024-01913,ART-A10,Assemblage,48.9,Aluminium,Jaune,40,MCH-04,CNC_STD,2024-08-29 13:00:41,2024-08-29 13:38:41,12.4,done,2024-08-29 13:40:22
OF-2024-01914,ART-U28,Usinage,115.2,Aluminium,Bleu,336,MCH-03,CNC_STD,2024-03-22 17:31:33,2024-03-23 01:09:00,32.6,done,2024-03-23 01:13:56
OF-2024-01915,ART-F03,Finition,55.9,Titane,Jaune,183,MCH-02,CNC_FAST,2024-05-11 06:56:58,2024-05-11 09:06:08,40.0,done,2024-05-11 09:07:12
OF-2024-01916,ART-S09,Soudure,11.4,Acier,Jaune,31,MCH-11,ROBOT_CELL,2024-07-03 12:30:33,2024-07-03 13:15:15,0.0,done,2024-07-03 13:16:11
OF-2024-01917,ART-A06-MM,Assemblage,21.3,Acier,Noir,68,MCH-07,MANUAL,24/06/2024 20:16,24/06/2024 21:10,4.1,done,24/06/2024 21:12
OF-2024-01918,ART-A10,Assemblage,48.9,Aluminium,Jaune,43,MCH-11,ROBOT_CELL,2024-07-17 09:58:13,2024-07-17 10:25:17,4.8,done,2024-07-17 10:27:13
OF-2024-01919,ART-S25,Soudure,151.9,Acier,Bleu,56,MCH-10,ROBOT_CELL,2024-04-29 19:33:22,2024-04-29 23:19:12,0.0,done,2024-04-29 23:21:48
OF-2024-01920,ART-U28,Usinage,115.2,Aluminium,Bleu,41,MCH-01,CNC_FAST,2024-06-14 22:04:57,2024-06-14 22:50:15,0.0,done,2024-06-14 22:52:45
OF-2024-01921,ART-A22,Assemblage,105.9,Aluminium,Noir,76,MCH-03,CNC_STD,2024-02-03 08:13:57,2024-02-03 09:39:13,9.0,done,2024-02-03 09:42:53
OF-2024-01922,ART-S01,Soudure,191.3,Titane,Bleu,49,MCH-06,MANUAL,2024-06-20 21:30:42,2024-06-21 07:42:36,0.0,done,2024-06-21 07:46:44
OF-2024-01923,ART-U04,Usinage,186.4,Inox,Rouge,16,MCH-01,CNC_FAST,2024-08-08 08:16:10,2024-08-08 09:17:50,0.0,done,2024-08-08 09:21:15
OF-2024-01924,ART-A02,Assemblage,36.9,Aluminium,Vert,47,MCH-09,ROBOT_CELL,2024-06-10 08:40:54,2024-06-10 09:04:21,0.0,done,2024-06-10 09:04:52
OF-2024-01925,ART-S13,Soudure,74.7,Acier,Jaune,39,MCH-07,MANUAL,11/03/2024 13:40,11/03/2024 17:23,0.0,done,11/03/2024 17:27
OF-2024-01926,ART-S29,Soudure,90.9,Aluminium,Vert,283,MCH-09,ROBOT_CELL,2024-03-19 11:21:11,2024-03-19 21:32:20,148.3,done,2024-03-19 21:35:55
OF-2024-01927,ART-S25,Soudure,151.9,Acier,Bleu,293,MCH-06,MANUAL,2024-05-18 20:23:43,,0.0,aborted,2024-05-19 21:43:44
OF-2024-01928,ART-F27,Finition,162.2,Titane,Rouge,39,MCH-02,CNC_FAST,2024-03-21 09:19:01,2024-03-21 10:02:39,4.4,done,2024-03-21 10:06:50
OF-2024-01929,ART-S25,Soudure,151.9,Acier,Bleu,128,MCH-06,MANUAL,2024-01-23 12:45:30,2024-01-24 00:27:52,0.0,done,2024-01-24 00:32:20
OF-2024-01930,ART-S05,Soudure,38.9,Acier,Vert,20,MCH-12,ROBOT_CELL,2024-06-30 11:33:03,2024-06-30 12:16:22,0.0,done,2024-06-30 12:19:46
OF-2024-01931,ART-U00,Usinage,184.0,Inox,Jaune,56,MCH-03,CNC_STD,2024-02-18 12:09:24,2024-02-18 16:19:28,35.7,done,2024-02-18 16:22:53
OF-2024-01932,ART-U28,Usinage,115.2,Aluminium,Bleu,321,MCH-02,CNC_FAST,2024-05-22 19:56:49,2024-05-23 00:27:25,0.0,done,2024-05-23 00:28:06
OF-2024-01933,ART-U16,Usinage,144.1,Aluminium,Noir,30,MCH-02,CNC_FAST,2024-04-07 19:43:30,2024-04-07 20:42:40,0.0,done,2024-04-07 20:46:41
OF-2024-01934,ART-U00,Usinage,184.0,Inox,Jaune,19,MCH-01,CNC_FAST,2024-01-23 13:36:48,2024-01-23 14:51:41,0.0,done,2024-01-23 14:53:07
OF-2024-01935,ART-S09,Soudure,11.4,Acier,Jaune,76,MCH-10,ROBOT_CELL,2024-03-28 08:09:45,,0.0,aborted,2024-03-28 09:30:57
OF-2024-01936,ART-S05,Soudure,38.9,Acier,Vert,50,MCH-12,ROBOT_CELL,2024-08-21 08:56:16,2024-08-21 10:32:37,0.0,done,2024-08-21 10:33:09
OF-2024-01937,ART-U28,Usinage,115.2,Aluminium,Bleu,158,MCH-01,CNC_FAST,2024-04-11 09:20:34,2024-04-11 12:11:25,0.0,done,2024-04-11 12:13:30
OF-2024-01938,ART-S25,Soudure,151.9,Acier,Bleu,292,MCH-08,MANUAL,2024-01-07 17:51:57,2024-01-09 02:32:54,0.0,done,2024-01-09 02:36:57
OF-2024-01939,ART-U04,Usinage,186.4,Inox,Rouge,26,MCH-02,CNC_FAST,2024-06-10 11:14:03,2024-06-10 12:37:49,24.3,done,2024-06-10 12:41:44
OF-2024-01940,ART-U28,Usinage,115.2,Aluminium,Bleu,8,MCH-02,CNC_FAST,2024-05-21 12:55:07,2024-05-21 13:15:29,0.0,done,2024-05-21 13:19:29
OF-2024-01941,ART-U32-MM,Usinage,131.7,Aluminium,Gris,46,MCH-01,CNC_FAST,2024-08-19 17:34:04,2024-08-19 17:07:04,0.0,done,2024-08-19 18:50:49
OF-2024-01942,ART-F27,Finition,162.2,Titane,Rouge,262,MCH-02,CNC_FAST,2024-08-14 21:34:11,2024-08-15 01:05:20,0.0,done,2024-08-15 01:08:49
OF-2024-01943,ART-A10,Assemblage,48.9,Aluminium,Jaune,80,MCH-11,ROBOT_CELL,2024-01-04 13:41:15,2024-01-04 15:01:21,0.0,done,2024-01-04 15:04:38
OF-2024-01944,ART-U12,Usinage,23.0,Titane,Noir,47,MCH-03,CNC_STD,2024-03-20 13:32:53,2024-03-20 14:43:35,18.2,done,2024-03-20 14:44:48
OF-2024-01945,ART-F27,Finition,162.2,Titane,Rouge,78,MCH-06,MANUAL,2024-05-02 15:50:46,2024-05-02 18:24:39,0.0,done,2024-05-02 18:25:20
OF-2024-01946,ART-U32,Usinage,131.7,Aluminium,Gris,67,MCH-04,CNC_STD,2024-08-02 20:09:29,2024-08-02 22:22:21,45.2,done,2024-08-02 22:23:39
OF-2024-01947,ART-U04,Usinage,186.4,Inox,Rouge,48,MCH-03,CNC_STD,2024-01-08 07:28:20,2024-01-08 11:38:37,0.0,done,2024-01-08 11:42:15
OF-2024-01948,ART-U28,Usinage,115.2,Aluminium,Bleu,5,MCH-03,CNC_STD,2024-03-12 07:18:38,2024-03-12 07:43:02,0.0,done,2024-03-12 07:46:46
OF-2024-01949,ART-A10,Assemblage,48.9,Aluminium,Jaune,119,MCH-04,CNC_STD,2024-04-18 08:21:39,2024-04-18 09:44:44,0.0,done,2024-04-18 09:49:21
OF-2024-01950,ART-S33,Soudure,195.1,Inox,Gris,66,MCH-10,ROBOT_CELL,2024-06-04 17:48:24,2024-06-04 23:05:44,32.5,done,2024-06-04 23:07:19
OF-2024-01951,art-u08,Usinage,22.6,Inox,Noir,56,MCH-04,CNC_STD,2024-03-31 06:49:46,2024-03-31 14:14:18,0.0,done,2024-03-31 14:19:08
OF-2024-01952,ART-S25,Soudure,151.9,Acier,Bleu,51,MCH-08,MANUAL,2024-04-24 22:03:32,2024-04-25 04:17:58,105.1,done,2024-04-25 04:22:38
OF-2024-01953,ART-U28,Usinage,115.2,Aluminium,Bleu,79,MCH-05,CNC_STD,2024-06-01 06:41:50,2024-06-01 09:02:30,24.6,done,2024-06-01 09:03:46
OF-2024-01954,ART-S29,Soudure,90.9,Aluminium,Vert,73,MCH-06,MANUAL,2024-01-23 15:18:24,2024-01-23 20:37:31,0.0,done,2024-01-23 20:38:48
OF-2024-01955,ART-U24,Usinage,173.0,Aluminium,Vert,19,MCH-01,CNC_FAST,2024-01-10 13:33:59,2024-01-10 14:16:51,0.0,done,2024-01-10 14:18:07
OF-2024-01956,ART-A06,Assemblage,21.3,Acier,Noir,49,MCH-10,ROBOT_CELL,2024-04-10 07:45:17,2024-04-10 08:07:36,0.0,done,2024-04-10 08:11:26
OF-2024-01957,ART-S29,Soudure,90.9,Aluminium,Vert,53,MCH-06,MANUAL,2024-08-02 14:35:24,2024-08-02 19:35:42,0.0,done,2024-08-02 19:38:14
OF-2024-01958,ART-A06,Assemblage,21.3,Acier,Noir,11,MCH-04,CNC_STD,2024-02-26 18:03:26,2024-02-26 18:18:27,0.0,done,2024-02-26 18:19:39
OF-2024-01959,ART-A02,Assemblage,36.9,Aluminium,Vert,68,MCH-06,MANUAL,2024-01-24 07:12:56,2024-01-24 08:24:52,0.0,done,2024-01-24 08:26:06
OF-2024-01960,ART-A06,Assemblage,21.3,Acier,Noir,60,MCH-07,MANUAL,29/05/2024 13:24,29/05/2024 14:25,0.0,done,29/05/2024 14:26
OF-2024-01961,ART-S05,Soudure,38.9,Acier,Vert,51,MCH-12,ROBOT_CELL,2024-08-05 11:34:24,2024-08-05 12:54:44,21.8,done,2024-08-05 12:55:49
OF-2024-01962,ART-F23,Finition,23.0,Acier,Gris,66,MCH-01,CNC_FAST,2024-02-25 08:19:03,2024-02-25 08:39:44,0.0,done,2024-02-25 08:42:23
OF-2024-01963,ART-U04,Usinage,186.4,Inox,Rouge,33,MCH-04,CNC_STD,2024-07-11 07:42:56,2024-07-11 10:18:44,0.0,done,2024-07-11 10:19:15
OF-2024-01964,ART-A22,Assemblage,105.9,Aluminium,Noir,36,MCH-12,ROBOT_CELL,2024-07-18 08:01:53,2024-07-18 08:32:16,0.0,done,2024-07-18 08:35:46
OF-2024-01965,  ART-U16 ,Usinage,144.1,Aluminium,Noir,69,MCH-04,CNC_STD,2024-05-15 12:02:25,2024-05-15 14:32:39,0.0,done,2024-05-15 14:36:13
OF-2024-01966,ART-U28,Usinage,115.2,Aluminium,Bleu,203,MCH-04,CNC_STD,2024-08-20 12:28:52,2024-08-20 17:29:29,84.2,done,2024-08-20 17:32:20
OF-2024-01967,ART-S25,Soudure,151.9,Acier,Bleu,57,MCH-08,MANUAL,2024-01-04 17:53:11,2024-01-05 00:52:26,126.9,done,2024-01-05 00:55:03
OF-2024-01968,ART-S25,Soudure,151.9,Acier,Bleu,78,MCH-08,MANUAL,2024-05-23 21:41:42,2024-05-24 05:56:15,75.8,done,2024-05-24 05:57:53
OF-2024-01969,ART-U16,Usinage,144.1,Aluminium,Noir,23,MCH-02,CNC_FAST,2024-02-09 08:05:08,2024-02-09 08:55:33,12.8,done,2024-02-09 09:00:09
OF-2024-01970,ART-U32,Usinage,131.7,Aluminium,Gris,317,MCH-04,CNC_STD,2024-02-02 17:41:09,2024-02-03 04:56:23,0.0,done,2024-02-03 05:00:54
OF-2024-01971,ART-A06,Assemblage,21.3,Acier,Noir,46,MCH-11,ROBOT_CELL,2024-07-05 08:46:43,2024-07-05 09:12:29,0.0,done,2024-07-05 09:13:00
OF-2024-01972,ART-S29,Soudure,90.9,Aluminium,Vert,58,MCH-12,ROBOT_CELL,2024-05-31 19:07:17,2024-05-31 21:39:00,0.0,done,2024-05-31 21:43:27
OF-2024-01973,ART-U04,Usinage,186.4,Inox,Rouge,60,MCH-04,CNC_STD,2024-02-12 19:17:57,2024-02-12 23:53:13,27.8,done,2024-02-12 23:55:40
OF-2024-01974,ART-S25,Soudure,151.9,Acier,Bleu,49,MCH-11,ROBOT_CELL,2024-07-04 16:11:24,2024-07-04 20:06:09,0.0,done,2024-07-04 20:07:40
OF-2024-01975,ART-U20,Usinage,23.4,Titane,Rouge,68,MCH-05,CNC_STD,2024-08-27 11:51:04,2024-08-27 14:30:18,0.0,done,2024-08-27 14:33:59
OF-2024-01976,ART-A26,Assemblage,183.1,Inox,Rouge,239,MCH-05,CNC_STD,2024-03-24 14:42:45,2024-03-24 22:53:31,82.5,done,2024-03-24 22:55:10
OF-2024-01977,ARTU32,Usinage,131.7,Aluminium,Gris,354,MCH-03,CNC_STD,2024-07-02 21:18:23,2024-07-03 07:48:18,156.6,done,2024-07-03 07:50:30
OF-2024-01978,ART-U00,Usinage,184.0,Inox,Jaune,398,MCH-01,CNC_FAST,2024-07-14 20:59:48,2024-07-15 13:55:19,0.0,done,2024-07-15 14:00:11
OF-2024-01979,ART-A06,Assemblage,21.3,Acier,Noir,17,MCH-08,MANUAL,2024-06-09 12:26:42,2024-06-09 12:49:13,0.0,done,2024-06-09 12:51:05
OF-2024-01980,ART-U28,Usinage,115.2,Aluminium,Bleu,8,MCH-05,CNC_STD,2024-05-08 08:14:35,2024-05-08 08:43:56,1.8,done,2024-05-08 08:46:09
OF-2024-01981,ART-S01,Soudure,191.3,Titane,Bleu,131,MCH-07,MANUAL,11/01/2024 12:06,12/01/2024 12:43,0.0,done,12/01/2024 12:47
OF-2024-01982,ART-F15,Finition,196.8,Titane,Jaune,9,MCH-08,MANUAL,2024-04-01 15:14:01,2024-04-01 16:01:46,0.0,done,2024-04-01 16:02:48
OF-2024-01983,ART-S29,Soudure,90.9,Aluminium,Vert,77,MCH-11,ROBOT_CELL,2024-03-08 13:33:17,2024-03-08 17:11:28,0.0,done,2024-03-08 17:12:04
OF-2024-01984,ART-F07,Finition,147.0,Acier,Gris,71,MCH-01,CNC_FAST,2024-06-09 06:21:03,2024-06-09 07:00:11,3.1,done,2024-06-09 07:03:13
OF-2024-01985,ART-S13,Soudure,74.7,Acier,Jaune,23,MCH-10,ROBOT_CELL,2024-03-25 16:45:11,2024-03-25 18:06:10,5.5,done,2024-03-25 18:09:42
OF-2024-01986,ART-A22,Assemblage,105.9,Aluminium,Noir,50,MCH-07,MANUAL,28/07/2024 06:40,28/07/2024 07:52,18.9,done,28/07/2024 07:53
OF-2024-01987,ART-A22,Assemblage,105.9,Aluminium,Noir,38,MCH-08,MANUAL,2024-05-08 10:06:52,2024-05-08 11:18:55,22.7,done,2024-05-08 11:21:30
OF-2024-01988,ART-F07,Finition,147.0,Acier,Gris,79,MCH-02,CNC_FAST,2024-07-24 18:57:43,2024-07-24 20:08:36,0.0,done,2024-07-24 20:11:52
OF-2024-01989,  ART-U16 ,Usinage,144.1,Aluminium,Noir,216,MCH-01,CNC_FAST,2024-02-10 09:52:30,2024-02-10 14:53:35,93.5,done,2024-02-10 14:56:24
OF-2024-01990,ART-U04,Usinage,186.4,Inox,Rouge,280,MCH-01,CNC_FAST,2024-06-18 17:07:27,2024-06-19 05:35:10,195.7,done,2024-06-19 05:39:55
OF-2024-01991,ART-F11,Finition,147.9,Acier,Gris,292,MCH-01,CNC_FAST,2024-02-25 21:12:59,,47.7,running,2024-02-25 23:56:57
OF-2024-01992,ART-U28,Usinage,115.2,Aluminium,Bleu,29,MCH-01,CNC_FAST,2024-04-17 21:53:05,2024-04-17 22:35:48,0.0,done,2024-04-17 22:37:11
OF-2024-01993,ART-U24,Usinage,173.0,Aluminium,Vert,56,MCH-04,CNC_STD,2024-08-21 14:23:05,2024-08-21 16:40:51,19.1,done,2024-08-21 16:43:23
OF-2024-01994,ART-F19,Finition,100.8,Aluminium,Gris,66,MCH-01,CNC_FAST,2024-06-25 07:01:29,2024-06-25 07:01:29,8.0,done,2024-06-25 07:48:03
OF-2024-01995,ART-F19,Finition,100.8,Aluminium,Gris,367,MCH-01,CNC_FAST,2024-04-23 09:50:36,2024-04-23 12:28:18,0.0,done,2024-04-23 12:29:44
OF-2024-01996,ART-U28,Usinage,115.2,Aluminium,Bleu,6,MCH-04,CNC_STD,2024-08-23 19:30:47,2024-08-23 20:05:40,3.2,done,2024-08-23 20:06:44
OF-2024-01997,ART-U28,Usinage,115.2,Aluminium,Bleu,53,MCH-04,CNC_STD,2024-02-16 19:20:53,2024-02-16 21:11:15,0.0,done,2024-02-16 21:14:56
OF-2024-01998,ART-S29,Soudure,90.9,Aluminium,Vert,70,MCH-07,MANUAL,22/06/2024 21:21,23/06/2024 02:01,0.0,done,23/06/2024 02:05
OF-2024-01999,ART-F11,Finition,147.9,Acier,Gris,50,MCH-07,MANUAL,21/07/2024 17:43,21/07/2024 18:46,6.3,done,21/07/2024 18:46
OF-2024-02000,ART-A06,Assemblage,21.3,Acier,Noir,74,MCH-10,ROBOT_CELL,2024-07-08 16:09:09,2024-07-08 16:41:04,0.0,done,2024-07-08 16:41:52
OF-2024-02001,ART-S25,Soudure,151.9,Acier,Bleu,208,MCH-08,MANUAL,2024-07-10 11:32:20,,95.7,aborted,2024-07-11 07:52:35
OF-2024-02002,ART-S21,Soudure,45.5,Inox,Vert,9,MCH-09,ROBOT_CELL,2024-08-21 18:01:24,2024-08-21 18:38:45,0.0,done,2024-08-21 18:43:22
OF-2024-02003,ART-F19,Finition,100.8,Aluminium,Gris,20,MCH-02,CNC_FAST,2024-08-19 16:10:15,2024-08-19 16:25:17,0.0,done,2024-08-19 16:30:11
OF-2024-02004,ART-F15,Finition,196.8,Titane,Jaune,22,MCH-07,MANUAL,07/08/2024 06:59,07/08/2024 08:21,0.0,done,07/08/2024 08:22
OF-2024-02005,ART-A10,Assemblage,48.9,Aluminium,Jaune,245,MCH-06,MANUAL,2024-06-01 11:33:04,2024-06-01 16:12:03,14.9,done,2024-06-01 16:14:11
OF-2024-02006,ART-U24,Usinage,173.0,Aluminium,Vert,49,MCH-04,CNC_STD,2024-03-02 21:26:17,2024-03-02 23:40:35,9.2,done,2024-03-02 23:42:13
OF-2024-02007,  ART-U08 ,Usinage,22.6,Inox,Noir,13,MCH-05,CNC_STD,2024-06-20 12:47:47,2024-06-20 13:15:04,2.7,done,2024-06-20 13:19:44
OF-2024-02008,ART-S13,Soudure,74.7,Acier,Jaune,38,MCH-07,MANUAL,10/03/2024 19:12,10/03/2024 23:30,30.6,done,10/03/2024 23:31
OF-2024-02009,ART-A10,Assemblage,48.9,Aluminium,Jaune,20,MCH-03,CNC_STD,2024-08-09 18:40:13,2024-08-09 19:07:40,0.0,done,2024-08-09 19:10:36
OF-2024-02010,ART-U28,Usinage,115.2,Aluminium,Bleu,77,MCH-01,CNC_FAST,2024-05-25 15:51:27,2024-05-25 17:14:29,0.0,done,2024-05-25 17:17:35
OF-2024-02011,ART-S21,Soudure,45.5,Inox,Vert,158,MCH-06,MANUAL,2024-06-12 22:18:05,2024-06-13 06:10:58,42.8,done,2024-06-13 06:12:49
OF-2024-02012,ART-U24,Usinage,173.0,Aluminium,Vert,26,MCH-01,CNC_FAST,2024-07-01 14:54:13,2024-07-01 15:46:00,0.0,done,2024-07-01 15:49:52
OF-2024-02013,ART-U28,Usinage,115.2,Aluminium,Bleu,199,MCH-01,CNC_FAST,2024-06-04 11:40:34,2024-06-04 14:23:24,52.6,done,2024-06-04 14:26:27
OF-2024-02014,ART-U28,Usinage,115.2,Aluminium,Bleu,30,MCH-02,CNC_FAST,2024-03-16 20:21:59,2024-03-16 21:09:21,0.0,done,2024-03-16 21:11:03
OF-2024-02015,ART-U12-MM,Usinage,23.0,Titane,Noir,22,MCH-04,CNC_STD,2024-08-30 11:39:05,2024-08-30 12:22:15,0.0,done,2024-08-30 12:24:20
OF-2024-02016,ART-U32,Usinage,131.7,Aluminium,Gris,64,MCH-01,CNC_FAST,2024-06-30 13:11:13,2024-06-30 14:30:32,0.0,done,2024-06-30 14:31:22
OF-2024-02017,ART-S13,Soudure,74.7,Acier,Jaune,34,MCH-11,ROBOT_CELL,2024-08-29 06:34:57,,20.1,running,2024-08-29 08:24:07
OF-2024-02018,ART-U00,Usinage,184.0,Inox,Jaune,22,MCH-04,CNC_STD,2024-06-15 20:43:04,2024-06-15 22:18:52,14.5,done,2024-06-15 22:23:25
OF-2024-02019,ART-A22,Assemblage,105.9,Aluminium,Noir,31,MCH-08,MANUAL,2024-04-29 09:24:42,,0.0,aborted,2024-04-29 10:24:50
OF-2024-02020,ART-S13,Soudure,74.7,Acier,Jaune,388,MCH-09,ROBOT_CELL,2024-01-15 16:35:45,2024-01-16 07:14:05,119.4,done,2024-01-16 07:18:57
OF-2024-02021,ART-U16,Usinage,144.1,Aluminium,Noir,17,MCH-05,CNC_STD,2024-03-09 19:22:07,2024-03-09 20:11:52,0.0,done,2024-03-09 20:14:02
OF-2024-02022,ART-U08,Usinage,22.6,Inox,Noir,65,MCH-04,CNC_STD,2024-03-25 10:26:22,2024-03-25 21:54:48,0.0,done,2024-03-25 21:56:36
OF-2024-02023,ART-A30,Assemblage,130.4,Acier,Gris,51,MCH-06,MANUAL,2024-01-05 21:15:16,2024-01-06 00:11:55,0.0,done,2024-01-06 00:16:35
OF-2024-02024,ART-A26,Assemblage,183.1,Inox,Rouge,54,MCH-09,ROBOT_CELL,2024-08-13 06:40:34,2024-08-13 08:14:47,0.0,done,2024-08-13 08:16:10
OF-2024-02025,ART-S33,Soudure,195.1,Inox,Gris,318,MCH-11,ROBOT_CELL,2024-02-04 07:56:30,2024-02-05 06:29:16,238.2,done,2024-02-05 06:33:02
OF-2024-02026,ART-U28,Usinage,115.2,Aluminium,Bleu,285,MCH-02,CNC_FAST,2024-01-24 11:21:28,2024-01-24 16:44:35,0.0,done,2024-01-24 16:47:28
OF-2024-02027,ART-U28,Usinage,115.2,Aluminium,Bleu,224,MCH-01,CNC_FAST,2024-01-23 17:24:02,2024-01-23 21:21:11,0.0,done,2024-01-23 21:23:20
OF-2024-02028,ART-S13,Soudure,74.7,Acier,Jaune,221,MCH-08,MANUAL,2024-01-16 09:01:55,2024-01-17 02:07:06,0.0,done,2024-01-17 02:09:19
OF-2024-02029,ART-S13,Soudure,74.7,Acier,Jaune,20,MCH-07,MANUAL,23/07/2024 21:37,23/07/2024 21:26,0.0,done,23/07/2024 23:34
OF-2024-02030,ART-F15,Finition,196.8,Titane,Jaune,50,MCH-08,MANUAL,2024-01-04 16:17:29,2024-01-04 19:02:54,45.5,done,2024-01-04 19:04:53
OF-2024-02031,ART-U24,Usinage,173.0,Aluminium,Vert,74,MCH-05,CNC_STD,2024-02-11 12:48:17,2024-02-11 15:23:35,10.1,done,2024-02-11 15:27:51
OF-2024-02032,ART-F15,Finition,196.8,Titane,Jaune,103,MCH-02,CNC_FAST,2024-02-14 06:30:11,2024-02-14 08:57:16,0.0,done,2024-02-14 09:01:11
OF-2024-02033,ART-U04,Usinage,186.4,Inox,Rouge,29,MCH-01,CNC_FAST,2024-01-14 06:27:13,,0.0,aborted,2024-01-14 08:22:22
OF-2024-02034,ART-U20,Usinage,23.4,Titane,Rouge,39,MCH-02,CNC_FAST,2024-05-29 10:35:08,2024-05-29 11:22:43,0.0,done,2024-05-29 11:27:17
OF-2024-02035,ART-U24,Usinage,173.0,Aluminium,Vert,65,MCH-01,CNC_FAST,2024-06-02 12:34:58,2024-06-02 14:20:01,35.9,done,2024-06-02 14:21:10
OF-2024-02036,ART-U24,Usinage,173.0,Aluminium,Vert,77,MCH-02,CNC_FAST,2024-06-05 20:12:03,,24.6,running,2024-06-05 22:31:44
OF-2024-02037,ART-S13,Soudure,74.7,Acier,Jaune,247,MCH-09,ROBOT_CELL,2024-01-12 15:55:28,2024-01-13 04:38:34,0.0,done,2024-01-13 04:39:59
OF-2024-02038,ART-U24,Usinage,173.0,Aluminium,Vert,10,MCH-02,CNC_FAST,2024-01-23 21:40:25,2024-01-23 22:13:19,0.0,done,2024-01-23 22:17:05
OF-2024-02039,ART-F27,Finition,162.2,Titane,Rouge,27,MCH-06,MANUAL,2024-07-26 06:41:53,,0.0,aborted,2024-07-26 07:37:15
OF-2024-02040,ART-S25,Soudure,151.9,Acier,Bleu,79,MCH-12,ROBOT_CELL,2024-08-10 18:01:36,2024-08-11 00:43:54,0.0,done,2024-08-11 00:47:40
OF-2024-02041,ART-U00,Usinage,184.0,Inox,Jaune,345,MCH-04,CNC_STD,2024-02-03 15:23:47,2024-02-04 08:24:41,57.9,done,2024-02-04 08:25:22
OF-2024-02042,ART-F27,Finition,162.2,Titane,Rouge,59,MCH-06,MANUAL,2024-06-26 09:38:58,2024-06-26 12:04:14,0.0,done,2024-06-26 12:05:06
OF-2024-02043,ART-S29,Soudure,90.9,Aluminium,Vert,36,MCH-07,MANUAL,16/01/2024 17:08,16/01/2024 20:53,0.0,done,16/01/2024 20:54
OF-2024-02044,ART-U16,Usinage,144.1,Aluminium,Noir,60,MCH-04,CNC_STD,2024-01-17 15:59:24,2024-01-17 18:26:02,0.0,done,2024-01-17 18:29:15
OF-2024-02045,ART-A10,Assemblage,48.9,Aluminium,Jaune,29,MCH-03,CNC_STD,2024-01-14 08:03:02,2024-01-14 08:44:30,0.0,done,2024-01-14 08:47:45
OF-2024-02046,ART-U32,Usinage,131.7,Aluminium,Gris,71,MCH-04,CNC_STD,2024-06-19 15:10:40,2024-06-19 17:34:25,21.9,done,2024-06-19 17:38:59
OF-2024-02047,ART-U24,Usinage,173.0,Aluminium,Vert,33,MCH-01,CNC_FAST,2024-07-01 10:48:58,2024-07-01 11:55:17,0.0,done,2024-07-01 11:59:47
OF-2024-02048,ART-U04,Usinage,186.4,Inox,Rouge,19,MCH-05,CNC_STD,2024-01-21 14:59:04,2024-01-21 16:35:00,0.0,done,2024-01-21 16:39:24
OF-2024-02049,ART-U28,Usinage,115.2,Aluminium,Bleu,69,MCH-01,CNC_FAST,2024-02-24 07:29:36,2024-02-24 09:00:42,11.0,done,2024-02-24 09:01:40
OF-2024-02050,ART-S33,Soudure,195.1,Inox,Gris,30,MCH-07,MANUAL,01/06/2024 19:51,02/06/2024 01:26,109.7,done,02/06/2024 01:31
OF-2024-02051,ART-U28,Usinage,115.2,Aluminium,Bleu,112,MCH-05,CNC_STD,2024-02-01 08:53:42,2024-02-01 11:35:46,26.2,done,2024-02-01 11:38:17
OF-2024-02052,ART-S29,Soudure,90.9,Aluminium,Vert,43,MCH-06,MANUAL,2024-06-14 08:01:02,2024-06-14 11:23:19,0.0,done,2024-06-14 11:25:53
OF-2024-02053,ART-S21,Soudure,45.5,Inox,Vert,5,MCH-06,MANUAL,2024-05-14 14:18:17,2024-05-14 15:09:44,0.0,done,2024-05-14 15:14:29
OF-2024-02054,ART-A22,Assemblage,105.9,Aluminium,Noir,338,MCH-11,ROBOT_CELL,2024-01-26 08:33:55,,0.0,aborted,2024-01-26 12:49:25
OF-2024-02055,  ART-F19 ,Finition,100.8,Aluminium,Gris,176,MCH-08,MANUAL,2024-03-08 13:31:40,2024-03-08 16:14:40,56.2,done,2024-03-08 16:16:52
OF-2024-02056,ART-U16,Usinage,144.1,Aluminium,Noir,366,MCH-02,CNC_FAST,2024-08-12 12:12:31,2024-08-12 18:56:32,0.0,done,2024-08-12 18:59:30
OF-2024-02057,ART-U04,Usinage,186.4,Inox,Rouge,63,MCH-01,CNC_FAST,2024-03-26 07:55:38,2024-03-26 10:29:42,0.0,done,2024-03-26 10:34:35
OF-2024-02058,ART-S29,Soudure,90.9,Aluminium,Vert,22,MCH-08,MANUAL,2024-04-01 10:40:08,2024-04-01 13:44:39,0.0,done,2024-04-01 13:46:48
OF-2024-02059,ART-F15,Finition,196.8,Titane,Jaune,359,MCH-02,CNC_FAST,2024-03-16 21:12:15,2024-03-17 05:00:18,0.0,done,2024-03-17 05:03:34
OF-2024-02060,ART-S05,Soudure,38.9,Acier,Vert,77,MCH-06,MANUAL,2024-05-27 18:07:52,2024-05-27 21:39:03,0.0,done,2024-05-27 21:41:39
OF-2024-02061,ART-U16,Usinage,144.1,Aluminium,Noir,6,MCH-04,CNC_STD,2024-02-12 10:32:08,2024-02-12 11:03:18,0.0,done,2024-02-12 11:04:11
OF-2024-02062,ART-F19,Finition,100.8,Aluminium,Gris,9,MCH-02,CNC_FAST,2024-08-18 18:57:02,2024-08-18 19:05:51,2.0,done,2024-08-18 19:07:39
OF-2024-02063,ART-A26,Assemblage,183.1,Inox,Rouge,312,MCH-08,MANUAL,2024-02-01 13:45:53,2024-02-02 03:48:38,0.0,done,2024-02-02 03:50:38
OF-2024-02064,ART-U08,Usinage,22.6,Inox,Noir,15,MCH-04,CNC_STD,2024-08-07 14:53:13,2024-08-07 15:20:23,0.0,done,2024-08-07 15:23:03
OF-2024-02065,ART-S33,Soudure,195.1,Inox,Gris,10,MCH-08,MANUAL,2024-08-25 15:46:39,2024-08-25 18:07:29,42.0,done,2024-08-25 18:08:40
OF-2024-02066,ART-F15,Finition,196.8,Titane,Jaune,5,MCH-08,MANUAL,2024-02-13 14:30:49,2024-02-13 15:02:21,0.0,done,2024-02-13 15:03:05
OF-2024-02067,ART-A26,Assemblage,183.1,Inox,Rouge,48,MCH-03,CNC_STD,2024-08-02 16:16:47,2024-08-02 18:28:31,19.1,done,2024-08-02 18:30:22
OF-2024-02068,ART-F31,Finition,25.3,Inox,Gris,57,MCH-01,CNC_FAST,2024-03-28 20:19:14,2024-03-28 20:38:44,0.0,done,2024-03-28 20:42:28
OF-2024-02069,ART-A02,Assemblage,36.9,Aluminium,Vert,24,MCH-07,MANUAL,29/04/2024 11:33,29/04/2024 12:04,0.0,done,29/04/2024 12:08
OF-2024-02070,ART-A26,Assemblage,183.1,Inox,Rouge,57,MCH-04,CNC_STD,2024-04-29 12:58:49,2024-04-29 14:49:07,0.0,done,2024-04-29 14:53:17
OF-2024-02071,ART-A26,Assemblage,183.1,Inox,Rouge,55,MCH-12,ROBOT_CELL,2024-08-10 14:24:11,2024-08-10 16:05:24,0.0,done,2024-08-10 16:07:06
OF-2024-02072,ART-A02,Assemblage,36.9,Aluminium,Vert,60,MCH-07,MANUAL,05/07/2024 13:46,05/07/2024 14:37,4.9,done,05/07/2024 14:38
OF-2024-02073,ART-S25,Soudure,151.9,Acier,Bleu,43,MCH-07,MANUAL,26/03/2024 15:31,26/03/2024 21:10,0.0,done,26/03/2024 21:11
OF-2024-02074,ART-S13,Soudure,74.7,Acier,Jaune,52,MCH-06,MANUAL,2024-02-09 20:49:22,2024-02-10 02:04:41,0.0,done,2024-02-10 02:05:43
OF-2024-02075,ART-A14,Assemblage,190.7,Acier,Noir,45,MCH-11,ROBOT_CELL,2024-07-21 08:42:39,,0.0,running,2024-07-21 10:03:29
OF-2024-02076,ARTU32,Usinage,131.7,Aluminium,Gris,27,MCH-01,CNC_FAST,2024-03-13 14:58:59,2024-03-13 15:46:32,0.0,done,2024-03-13 15:49:33
OF-2024-02077,ART-U04,Usinage,186.4,Inox,Rouge,126,MCH-04,CNC_STD,2024-02-05 21:42:09,2024-02-06 05:17:33,143.5,done,2024-02-06 05:22:04
OF-2024-02078,ART-U16,Usinage,144.1,Aluminium,Noir,40,MCH-03,CNC_STD,2024-02-25 19:21:45,2024-02-25 20:50:30,29.3,done,2024-02-25 20:53:00
OF-2024-02079,ART-F15,Finition,196.8,Titane,Jaune,30,MCH-08,MANUAL,2024-01-10 16:22:24,2024-01-10 18:05:44,19.7,done,2024-01-10 18:06:26
OF-2024-02080,ART-U24,Usinage,173.0,Aluminium,Vert,7,MCH-05,CNC_STD,2024-07-01 06:20:35,2024-07-01 06:53:07,0.0,done,2024-07-01 06:57:57
OF-2024-02081,ART-S29,Soudure,90.9,Aluminium,Vert,57,MCH-09,ROBOT_CELL,2024-06-22 16:36:14,2024-06-22 18:55:18,0.0,done,2024-06-22 18:57:52
OF-2024-02082,ART-A06-MM,Assemblage,21.3,Acier,Noir,63,MCH-05,CNC_STD,2024-04-01 19:29:31,2024-04-01 20:13:18,14.8,done,2024-04-01 20:16:26
OF-2024-02083,ART-A18,Assemblage,15.6,Inox,Rouge,36,MCH-05,CNC_STD,2024-07-13 18:38:45,2024-07-13 19:00:41,5.4,done,2024-07-13 19:05:05
OF-2024-02084,ART-S29,Soudure,90.9,Aluminium,Vert,371,MCH-08,MANUAL,2024-07-01 14:02:01,2024-07-02 11:28:01,0.0,done,2024-07-02 11:29:41
OF-2024-02085,ART-S09,Soudure,11.4,Acier,Jaune,164,MCH-06,MANUAL,2024-01-24 13:41:05,2024-01-24 19:19:32,0.0,done,2024-01-24 19:23:33
OF-2024-02086,ART-U28,Usinage,115.2,Aluminium,Bleu,72,MCH-01,CNC_FAST,2024-08-15 06:23:32,2024-08-15 07:51:36,0.0,done,2024-08-15 07:54:36
OF-2024-02087,ART-A02,Assemblage,36.9,Aluminium,Vert,13,MCH-12,ROBOT_CELL,2024-08-23 16:15:58,2024-08-23 16:32:05,1.6,done,2024-08-23 16:35:05
OF-2024-02088,ART-A18,Assemblage,15.6,Inox,Rouge,30,MCH-08,MANUAL,2024-01-26 07:23:53,2024-01-26 07:58:54,0.0,done,2024-01-26 08:02:10
OF-2024-02089,ART-S25,Soudure,151.9,Acier,Bleu,62,MCH-10,ROBOT_CELL,2024-02-04 14:54:58,2024-02-04 18:42:33,73.0,done,2024-02-04 18:43:22
OF-2024-02090,ART-A06,Assemblage,21.3,Acier,Noir,133,MCH-03,CNC_STD,2024-02-04 09:58:29,2024-02-04 11:09:32,15.0,done,2024-02-04 11:13:41
OF-2024-02091,ART-U00,Usinage,184.0,Inox,Jaune,64,MCH-01,CNC_FAST,2024-05-09 07:31:18,2024-05-09 09:52:39,40.7,done,2024-05-09 09:53:17
OF-2024-02092,  ART-U08 ,Usinage,22.6,Inox,Noir,395,MCH-02,CNC_FAST,2024-03-12 11:38:03,2024-03-12 16:02:55,0.0,done,2024-03-12 16:06:35
OF-2024-02093,ART-F19,Finition,100.8,Aluminium,Gris,61,MCH-01,CNC_FAST,2024-03-11 08:44:54,2024-03-11 09:17:17,0.0,done,2024-03-11 09:20:48
OF-2024-02094,ARTU12,Usinage,23.0,Titane,Noir,40,MCH-05,CNC_STD,2024-06-05 12:30:39,2024-06-05 13:32:56,0.0,done,2024-06-05 13:35:53
OF-2024-02095,ART-U32,Usinage,131.7,Aluminium,Gris,308,MCH-03,CNC_STD,2024-07-16 22:09:38,2024-07-17 06:47:39,0.0,done,2024-07-17 06:50:47
OF-2024-02096,  ART-U32 ,Usinage,131.7,Aluminium,Gris,34,MCH-04,CNC_STD,2024-04-10 09:12:04,2024-04-10 10:32:19,0.0,done,2024-04-10 10:36:25
OF-2024-02097,ART-U32,Usinage,131.7,Aluminium,Gris,61,MCH-02,CNC_FAST,2024-06-26 12:57:22,2024-06-26 14:18:43,0.0,done,2024-06-26 14:21:52
OF-2024-02098,ART-U00,Usinage,184.0,Inox,Jaune,42,MCH-01,CNC_FAST,2024-02-16 15:42:12,2024-02-16 17:17:49,0.0,done,2024-02-16 17:21:42
OF-2024-02099,ART-U32,Usinage,131.7,Aluminium,Gris,72,MCH-04,CNC_STD,2024-03-09 14:44:24,2024-03-09 17:24:46,0.0,done,2024-03-09 17:27:27
OF-2024-02100,ART-F15,Finition,196.8,Titane,Jaune,48,MCH-02,CNC_FAST,2024-01-01 21:52:50,2024-01-01 23:14:31,0.0,done,2024-01-01 23:17:51
OF-2024-02101,ART-U28,Usinage,115.2,Aluminium,Bleu,73,MCH-04,CNC_STD,2024-08-18 11:41:47,2024-08-18 13:53:16,37.2,done,2024-08-18 13:56:11
OF-2024-02102,ART-A22,Assemblage,105.9,Aluminium,Noir,38,MCH-12,ROBOT_CELL,2024-07-26 20:17:18,2024-07-26 20:46:26,0.0,done,2024-07-26 20:48:58
OF-2024-02103,ART-S33,Soudure,195.1,Inox,Gris,62,MCH-08,MANUAL,2024-02-01 20:52:12,2024-02-02 05:32:36,0.0,done,2024-02-02 05:36:41
OF-2024-02104,ART-U24,Usinage,173.0,Aluminium,Vert,66,MCH-01,CNC_FAST,2024-06-07 10:44:09,2024-06-07 12:39:10,12.9,done,2024-06-07 12:43:56
OF-2024-02105,ART-F31,Finition,25.3,Inox,Gris,326,MCH-01,CNC_FAST,2024-01-11 20:25:25,2024-01-11 22:21:28,19.5,done,2024-01-11 22:25:25
OF-2024-02106,ART-S33,Soudure,195.1,Inox,Gris,45,MCH-10,ROBOT_CELL,2024-04-26 11:39:38,2024-04-26 16:13:24,43.0,done,2024-04-26 16:15:58
OF-2024-02107,ARTS17,Soudure,16.0,Acier,Bleu,55,MCH-09,ROBOT_CELL,2024-08-11 09:49:40,2024-08-11 10:58:27,22.8,done,2024-08-11 10:59:08
OF-2024-02108,ART-A22,Assemblage,105.9,Aluminium,Noir,27,MCH-10,ROBOT_CELL,2024-03-29 10:31:23,2024-03-29 11:05:19,0.0,done,2024-03-29 11:09:06
OF-2024-02109,art-u16,Usinage,144.1,Aluminium,Noir,79,MCH-02,CNC_FAST,2024-02-03 09:07:46,2024-02-03 10:58:44,20.8,done,2024-02-03 10:59:54
OF-2024-02110,  ART-A06 ,Assemblage,21.3,Acier,Noir,228,MCH-10,ROBOT_CELL,2024-06-01 18:55:28,2024-06-01 20:34:26,5.2,done,2024-06-01 20:36:11
OF-2024-02111,ART-A30,Assemblage,130.4,Acier,Gris,294,MCH-11,ROBOT_CELL,2024-04-28 10:10:08,2024-04-28 15:56:39,65.3,done,2024-04-28 15:59:44
OF-2024-02112,ART-S09,Soudure,11.4,Acier,Jaune,56,MCH-08,MANUAL,2024-04-24 16:54:38,2024-04-24 18:39:08,0.0,done,2024-04-24 18:42:01
OF-2024-02113,art-s05,Soudure,38.9,Acier,Vert,80,MCH-07,MANUAL,18/02/2024 19:43,18/02/2024 23:19,66.8,done,18/02/2024 23:22
OF-2024-02114,ART-S25,Soudure,151.9,Acier,Bleu,59,MCH-09,ROBOT_CELL,2024-01-27 07:46:21,2024-01-27 12:32:25,0.0,done,2024-01-27 12:33:09
OF-2024-02115,ART-A10,Assemblage,48.9,Aluminium,Jaune,59,MCH-05,CNC_STD,2024-05-22 08:02:16,2024-05-22 09:00:00,0.0,done,2024-05-22 09:00:34
OF-2024-02116,ART-S13,Soudure,74.7,Acier,Jaune,68,MCH-07,MANUAL,26/08/2024 12:12,26/08/2024 19:18,0.0,done,26/08/2024 19:21
OF-2024-02117,ARTF19,Finition,100.8,Aluminium,Gris,54,MCH-01,CNC_FAST,2024-02-05 07:32:46,2024-02-05 08:03:56,3.8,done,2024-02-05 08:06:33
OF-2024-02118,ARTU20,Usinage,23.4,Titane,Rouge,31,MCH-03,CNC_STD,2024-08-30 10:41:43,2024-08-30 11:49:07,0.0,done,2024-08-30 11:53:18
OF-2024-02119,ART-F15,Finition,196.8,Titane,Jaune,66,MCH-07,MANUAL,17/07/2024 07:33,17/07/2024 10:29,0.0,done,17/07/2024 10:30
OF-2024-02120,ART-S33,Soudure,195.1,Inox,Gris,340,MCH-12,ROBOT_CELL,2024-06-22 20:12:56,2024-06-23 22:50:50,374.4,done,2024-06-23 22:52:39
OF-2024-02121,ART-U08,Usinage,22.6,Inox,Noir,109,MCH-02,CNC_FAST,2024-07-24 15:41:05,2024-07-24 17:01:35,0.0,done,2024-07-24 17:06:13
OF-2024-02122,ART-A26,Assemblage,183.1,Inox,Rouge,56,MCH-06,MANUAL,2024-06-22 14:45:42,2024-06-22 17:11:34,0.0,done,2024-06-22 17:13:51
OF-2024-02123,ART-F19-MM,Finition,100.8,Aluminium,Gris,136,MCH-07,MANUAL,27/03/2024 07:03,27/03/2024 09:14,0.0,done,27/03/2024 09:19
OF-2024-02124,ART-S25,Soudure,151.9,Acier,Bleu,70,MCH-10,ROBOT_CELL,2024-03-28 15:56:40,2024-03-28 20:33:44,0.0,done,2024-03-28 20:35:26
OF-2024-02125,ART-S25,Soudure,151.9,Acier,Bleu,106,MCH-09,ROBOT_CELL,2024-07-05 07:09:02,2024-07-05 13:59:00,0.0,done,2024-07-05 14:02:43
OF-2024-02126,ART-S25,Soudure,151.9,Acier,Bleu,20,MCH-08,MANUAL,2024-07-09 18:11:42,2024-07-09 21:22:56,11.1,done,2024-07-09 21:23:54
OF-2024-02127,ART-U24,Usinage,173.0,Aluminium,Vert,5,MCH-04,CNC_STD,2024-03-13 20:05:36,2024-03-13 20:32:23,7.5,done,2024-03-13 20:34:49
OF-2024-02128,ART-F15,Finition,196.8,Titane,Jaune,329,MCH-08,MANUAL,2024-02-16 06:11:02,2024-02-16 19:38:28,0.0,done,2024-02-16 19:40:19
OF-2024-02129,ART-S25,Soudure,151.9,Acier,Bleu,32,MCH-08,MANUAL,2024-05-17 11:19:12,,0.0,running,2024-05-17 15:53:58
OF-2024-02130,ART-S05,Soudure,38.9,Acier,Vert,9,MCH-07,MANUAL,12/03/2024 15:22,12/03/2024 16:02,10.5,done,12/03/2024 16:06
OF-2024-02131,ART-U20-MM,Usinage,23.4,Titane,Rouge,74,MCH-05,CNC_STD,2024-08-27 12:46:04,,0.0,aborted,2024-08-27 15:09:59
OF-2024-02132,ART-S25,Soudure,151.9,Acier,Bleu,78,MCH-11,ROBOT_CELL,2024-01-07 19:48:27,2024-01-08 01:08:36,0.0,done,2024-01-08 01:11:03
OF-2024-02133,ART-S29,Soudure,90.9,Aluminium,Vert,32,MCH-07,MANUAL,14/02/2024 14:45,14/02/2024 17:46,0.0,done,14/02/2024 17:46
OF-2024-02134,ART-S33,Soudure,195.1,Inox,Gris,281,MCH-09,ROBOT_CELL,2024-02-03 15:11:53,2024-02-04 16:22:11,0.0,done,2024-02-04 16:23:18
OF-2024-02135,ART-A26,Assemblage,183.1,Inox,Rouge,28,MCH-10,ROBOT_CELL,2024-05-31 18:00:58,2024-05-31 18:49:11,0.0,done,2024-05-31 18:49:42
OF-2024-02136,ART-U00,Usinage,184.0,Inox,Jaune,9,MCH-03,CNC_STD,2024-03-08 13:59:42,2024-03-08 14:44:34,0.0,done,2024-03-08 14:47:45
OF-2024-02137,art-a06,Assemblage,21.3,Acier,Noir,11,MCH-04,CNC_STD,2024-06-09 10:04:42,2024-06-09 09:40:42,0.8,done,2024-06-09 10:23:26
OF-2024-02138,ART-U04,Usinage,186.4,Inox,Rouge,326,MCH-01,CNC_FAST,2024-07-15 21:18:11,,0.0,aborted,2024-07-16 10:30:54
OF-2024-02139,ART-A06,Assemblage,21.3,Acier,Noir,32,MCH-05,CNC_STD,2024-05-30 20:36:28,2024-05-30 20:59:59,0.0,done,2024-05-30 21:04:17
OF-2024-02140,ART-A22,Assemblage,105.9,Aluminium,Noir,345,MCH-09,ROBOT_CELL,2024-02-15 10:47:00,2024-02-15 14:53:55,37.4,done,2024-02-15 14:57:42
OF-2024-02141,ART-F19,Finition,100.8,Aluminium,Gris,40,MCH-02,CNC_FAST,2024-04-15 13:29:46,2024-04-15 13:54:28,0.0,done,2024-04-15 13:55:13
OF-2024-02142,ART-S29,Soudure,90.9,Aluminium,Vert,26,MCH-06,MANUAL,2024-05-22 07:03:44,2024-05-22 09:08:23,0.0,done,2024-05-22 09:09:19
OF-2024-02143,ART-U28,Usinage,115.2,Aluminium,Bleu,72,MCH-04,CNC_STD,2024-03-06 15:34:01,2024-03-06 17:28:47,8.7,done,2024-03-06 17:32:36
OF-2024-02144,ART-S13,Soudure,74.7,Acier,Jaune,159,MCH-08,MANUAL,2024-05-23 07:56:38,2024-05-23 20:57:47,62.2,done,2024-05-23 21:01:46
OF-2024-02145,ART-F15,Finition,196.8,Titane,Jaune,260,MCH-07,MANUAL,24/07/2024 21:07,25/07/2024 08:38,0.0,done,25/07/2024 08:39
OF-2024-02146,ART-U24,Usinage,173.0,Aluminium,Vert,23,MCH-02,CNC_FAST,2024-07-09 14:38:22,2024-07-09 15:21:13,0.0,done,2024-07-09 15:26:06
OF-2024-02147,ART-S13,Soudure,74.7,Acier,Jaune,12,MCH-08,MANUAL,2024-06-14 21:24:38,2024-06-14 22:45:57,0.0,done,2024-06-14 22:49:16
OF-2024-02148,ART-F31,Finition,25.3,Inox,Gris,32,MCH-07,MANUAL,18/03/2024 10:12,18/03/2024 10:42,0.0,done,18/03/2024 10:46
OF-2024-02149,ART-U32,Usinage,131.7,Aluminium,Gris,16,MCH-03,CNC_STD,2024-08-25 13:07:41,2024-08-25 14:03:16,0.0,done,2024-08-25 14:07:18
OF-2024-02150,art-u12,Usinage,23.0,Titane,Noir,163,MCH-05,CNC_STD,2024-06-12 07:14:50,2024-06-12 11:02:11,22.9,done,2024-06-12 11:06:18
OF-2024-02151,ART-S25,Soudure,151.9,Acier,Bleu,17,MCH-09,ROBOT_CELL,2024-06-25 13:24:05,2024-06-25 14:56:14,0.0,done,2024-06-25 15:00:36
OF-2024-02152,ART-F27,Finition,162.2,Titane,Rouge,219,MCH-08,MANUAL,2024-07-27 20:16:12,2024-07-28 04:05:34,0.0,done,2024-07-28 04:09:37
OF-2024-02153,ART-U28,Usinage,115.2,Aluminium,Bleu,53,MCH-03,CNC_STD,2024-05-02 08:03:43,2024-05-02 09:49:36,0.0,done,2024-05-02 09:50:16
OF-2024-02154,ART-A06,Assemblage,21.3,Acier,Noir,307,MCH-09,ROBOT_CELL,2024-03-08 17:17:22,2024-03-08 19:05:58,19.1,done,2024-03-08 19:09:00
OF-2024-02155,ART-A22,Assemblage,105.9,Aluminium,Noir,223,MCH-09,ROBOT_CELL,2024-01-09 18:37:29,2024-01-09 21:47:12,0.0,done,2024-01-09 21:49:01
OF-2024-02156,ART-A22,Assemblage,105.9,Aluminium,Noir,250,MCH-04,CNC_STD,2024-06-21 19:08:37,2024-06-21 22:26:31,0.0,done,2024-06-21 22:31:03
OF-2024-02157,ART-F07-MM,Finition,147.0,Acier,Gris,75,MCH-08,MANUAL,2024-06-13 09:35:58,2024-06-13 11:47:38,22.5,done,2024-06-13 11:51:50
OF-2024-02158,ART-U08,Usinage,22.6,Inox,Noir,65,MCH-05,CNC_STD,2024-06-01 10:00:31,2024-06-01 11:13:04,8.5,done,2024-06-01 11:15:24
OF-2024-02159,ART-A26,Assemblage,183.1,Inox,Rouge,7,MCH-06,MANUAL,2024-03-01 19:55:18,2024-03-01 20:39:05,0.0,done,2024-03-01 20:42:20
OF-2024-02160,ART-U24,Usinage,173.0,Aluminium,Vert,20,MCH-01,CNC_FAST,2024-08-05 14:23:00,2024-08-05 15:08:44,6.7,done,2024-08-05 15:11:26
OF-2024-02161,ART-A10,Assemblage,48.9,Aluminium,Jaune,48,MCH-03,CNC_STD,2024-03-03 19:08:57,2024-03-03 19:56:51,0.0,done,2024-03-03 20:01:17
OF-2024-02162,ART-U04,Usinage,186.4,Inox,Rouge,303,MCH-03,CNC_STD,2024-02-02 13:49:29,2024-02-03 07:34:46,366.1,done,2024-02-03 07:35:44
OF-2024-02163,ART-A22,Assemblage,105.9,Aluminium,Noir,71,MCH-12,ROBOT_CELL,2024-06-02 14:01:01,2024-06-02 15:03:50,6.4,done,2024-06-02 15:08:37
OF-2024-02164,ARTU32,Usinage,131.7,Aluminium,Gris,58,MCH-01,CNC_FAST,2024-04-09 16:00:54,2024-04-09 17:42:59,0.0,done,2024-04-09 17:45:56
OF-2024-02165,ART-U32,Usinage,131.7,Aluminium,Gris,186,MCH-01,CNC_FAST,2024-06-06 19:38:57,2024-06-06 23:47:27,0.0,done,2024-06-06 23:51:53
OF-2024-02166,ART-U32,Usinage,131.7,Aluminium,Gris,52,MCH-05,CNC_STD,2024-02-25 11:15:46,2024-02-25 13:16:08,0.0,done,2024-02-25 13:20:40
OF-2024-02167,ART-F15,Finition,196.8,Titane,Jaune,290,MCH-08,MANUAL,2024-08-20 21:35:59,2024-08-21 09:35:29,0.0,done,2024-08-21 09:38:47
OF-2024-02168,ART-F03,Finition,55.9,Titane,Jaune,29,MCH-01,CNC_FAST,2024-08-27 21:58:31,2024-08-27 22:30:53,0.0,done,2024-08-27 22:31:34
OF-2024-02169,ART-U16,Usinage,144.1,Aluminium,Noir,276,MCH-03,CNC_STD,2024-02-08 19:01:20,2024-02-09 03:42:06,0.0,done,2024-02-09 03:46:04
OF-2024-02170,ART-U32,Usinage,131.7,Aluminium,Gris,117,MCH-01,CNC_FAST,2024-05-13 08:12:04,2024-05-13 10:42:37,0.0,done,2024-05-13 10:44:22
OF-2024-02171,ART-U16,Usinage,144.1,Aluminium,Noir,355,MCH-05,CNC_STD,2024-04-19 12:17:16,2024-04-19 20:29:05,0.0,done,2024-04-19 20:32:21
OF-2024-02172,ART-U24,Usinage,173.0,Aluminium,Vert,35,MCH-03,CNC_STD,2024-06-17 09:05:36,2024-06-17 10:24:01,0.0,done,2024-06-17 10:26:15
OF-2024-02173,ART-U32,Usinage,131.7,Aluminium,Gris,298,MCH-03,CNC_STD,2024-05-20 08:27:38,2024-05-20 17:14:52,0.0,done,2024-05-20 17:19:27
OF-2024-02174,ART-U28,Usinage,115.2,Aluminium,Bleu,45,MCH-04,CNC_STD,2024-04-24 21:41:25,2024-04-24 23:02:33,0.0,done,2024-04-24 23:05:33
OF-2024-02175,ART-U08,Usinage,22.6,Inox,Noir,80,MCH-02,CNC_FAST,2024-07-18 18:43:08,2024-07-18 19:46:46,0.0,done,2024-07-18 19:50:58
OF-2024-02176,ART-A02,Assemblage,36.9,Aluminium,Vert,21,MCH-11,ROBOT_CELL,2024-07-14 12:06:28,2024-07-14 12:23:51,0.0,done,2024-07-14 12:25:49
OF-2024-02177,ART-F19,Finition,100.8,Aluminium,Gris,14,MCH-02,CNC_FAST,2024-01-16 09:18:08,2024-01-16 09:30:36,0.0,done,2024-01-16 09:34:28
OF-2024-02178,ARTU16,Usinage,144.1,Aluminium,Noir,21,MCH-03,CNC_STD,2024-03-23 12:19:39,2024-03-23 13:14:01,0.0,done,2024-03-23 13:16:43
OF-2024-02179,art-u20,Usinage,23.4,Titane,Rouge,46,MCH-01,CNC_FAST,2024-01-05 20:23:10,2024-01-05 21:19:06,0.0,done,2024-01-05 21:23:49
OF-2024-02180,ART-A10,Assemblage,48.9,Aluminium,Jaune,19,MCH-03,CNC_STD,2024-04-13 12:09:39,2024-04-13 12:33:13,0.0,done,2024-04-13 12:33:44
OF-2024-02181,ART-U28,Usinage,115.2,Aluminium,Bleu,38,MCH-02,CNC_FAST,2024-07-04 17:40:35,2024-07-04 18:24:05,3.6,done,2024-07-04 18:25:05
OF-2024-02182,ART-U32,Usinage,131.7,Aluminium,Gris,11,MCH-04,CNC_STD,2024-08-12 09:27:49,2024-08-12 10:09:42,7.5,done,2024-08-12 10:14:09
OF-2024-02183,ART-U20,Usinage,23.4,Titane,Rouge,341,MCH-05,CNC_STD,2024-03-27 17:00:32,2024-03-28 00:47:22,0.0,done,2024-03-28 00:50:13
OF-2024-02184,ART-A06,Assemblage,21.3,Acier,Noir,105,MCH-07,MANUAL,21/04/2024 11:35,21/04/2024 13:06,0.0,done,21/04/2024 13:11
OF-2024-02185,  ART-U32 ,Usinage,131.7,Aluminium,Gris,18,MCH-03,CNC_STD,2024-06-07 17:08:00,2024-06-07 17:54:59,9.2,done,2024-06-07 17:58:40
OF-2024-02186,ART-F15,Finition,196.8,Titane,Jaune,13,MCH-06,MANUAL,2024-05-14 20:01:21,2024-05-14 20:55:30,0.0,done,2024-05-14 20:56:05
OF-2024-02187,ART-U08,Usinage,22.6,Inox,Noir,361,MCH-03,CNC_STD,2024-07-23 11:51:08,2024-07-23 16:39:07,0.0,done,2024-07-23 16:40:50
OF-2024-02188,ART-U28,Usinage,115.2,Aluminium,Bleu,57,MCH-02,CNC_FAST,2024-07-10 11:27:31,2024-07-10 12:36:15,9.5,done,2024-07-10 12:39:55
OF-2024-02189,ART-U00,Usinage,184.0,Inox,Jaune,338,MCH-02,CNC_FAST,2024-07-30 12:54:59,2024-07-31 00:07:34,0.0,done,2024-07-31 00:10:00
OF-2024-02190,ART-A22,Assemblage,105.9,Aluminium,Noir,43,MCH-03,CNC_STD,2024-07-01 08:20:25,2024-07-01 09:20:11,6.2,done,2024-07-01 09:23:31
OF-2024-02191,ART-A06,Assemblage,21.3,Acier,Noir,179,MCH-11,ROBOT_CELL,2024-04-16 18:52:45,2024-04-16 20:15:06,0.0,done,2024-04-16 20:16:13
OF-2024-02192,ART-S17,Soudure,16.0,Acier,Bleu,22,MCH-11,ROBOT_CELL,2024-06-06 19:27:30,2024-06-06 20:03:29,9.2,done,2024-06-06 20:04:27
OF-2024-02193,ART-F15,Finition,196.8,Titane,Jaune,226,MCH-07,MANUAL,27/01/2024 06:23,27/01/2024 17:02,0.0,done,27/01/2024 17:06
OF-2024-02194,ART-S13,Soudure,74.7,Acier,Jaune,20,MCH-07,MANUAL,25/02/2024 07:26,25/02/2024 09:00,17.3,done,25/02/2024 09:03
OF-2024-02195,ART-S13,Soudure,74.7,Acier,Jaune,66,MCH-12,ROBOT_CELL,2024-07-15 14:47:07,2024-07-15 17:36:57,0.0,done,2024-07-15 17:38:10
OF-2024-02196,ART-A26,Assemblage,183.1,Inox,Rouge,60,MCH-04,CNC_STD,2024-08-14 12:54:30,2024-08-14 15:16:36,0.0,done,2024-08-14 15:20:22
OF-2024-02197,ART-A22,Assemblage,105.9,Aluminium,Noir,7,MCH-04,CNC_STD,2024-06-05 08:55:41,2024-06-05 09:16:34,0.0,done,2024-06-05 09:19:03
OF-2024-02198,ART-S29,Soudure,90.9,Aluminium,Vert,9,MCH-06,MANUAL,2024-02-18 08:19:03,2024-02-18 09:35:12,0.0,done,2024-02-18 09:39:43
OF-2024-02199,ART-S13,Soudure,74.7,Acier,Jaune,31,MCH-11,ROBOT_CELL,2024-07-03 17:10:29,2024-07-03 18:43:30,0.0,done,2024-07-03 18:46:26
OF-2024-02200,ART-A26,Assemblage,183.1,Inox,Rouge,6,MCH-03,CNC_STD,2024-03-11 07:08:58,2024-03-11 07:32:15,0.0,done,2024-03-11 07:36:06
OF-2024-02201,ART-S25,Soudure,151.9,Acier,Bleu,383,MCH-12,ROBOT_CELL,2024-05-19 13:22:59,2024-05-20 12:28:46,0.0,done,2024-05-20 12:33:22
OF-2024-02202,ART-F15,Finition,196.8,Titane,Jaune,396,MCH-06,MANUAL,2024-07-30 11:41:07,2024-07-31 02:16:44,0.0,done,2024-07-31 02:17:28
OF-2024-02203,ART-U32,Usinage,131.7,Aluminium,Gris,40,MCH-03,CNC_STD,2024-01-24 07:02:35,2024-01-24 08:19:46,0.0,done,2024-01-24 08:20:20
OF-2024-02204,ART-S25,Soudure,151.9,Acier,Bleu,143,MCH-07,MANUAL,07/08/2024 06:10,07/08/2024 23:46,0.0,done,07/08/2024 23:50
OF-2024-02205,ART-U04,Usinage,186.4,Inox,Rouge,68,MCH-01,CNC_FAST,2024-04-03 08:35:47,2024-04-03 12:13:13,0.0,done,2024-04-03 12:17:25
OF-2024-02206,ART-F27,Finition,162.2,Titane,Rouge,22,MCH-08,MANUAL,2024-02-09 17:17:59,2024-02-09 18:31:28,15.2,done,2024-02-09 18:33:30
OF-2024-02207,ART-U32,Usinage,131.7,Aluminium,Gris,51,MCH-01,CNC_FAST,2024-03-03 18:30:01,2024-03-03 19:32:40,0.0,done,2024-03-03 19:33:45
OF-2024-02208,ART-A26,Assemblage,183.1,Inox,Rouge,30,MCH-06,MANUAL,2024-06-28 14:26:34,2024-06-28 16:00:45,8.7,done,2024-06-28 16:03:55
OF-2024-02209,ART-A22,Assemblage,105.9,Aluminium,Noir,289,MCH-06,MANUAL,2024-06-30 07:17:54,2024-06-30 12:53:47,0.0,done,2024-06-30 12:58:37
OF-2024-02210,ART-U32,Usinage,131.7,Aluminium,Gris,5,MCH-01,CNC_FAST,2024-05-11 13:05:21,2024-05-11 13:25:10,0.0,done,2024-05-11 13:29:35
OF-2024-02211,ART-A02,Assemblage,36.9,Aluminium,Vert,34,MCH-12,ROBOT_CELL,2024-07-30 09:26:40,2024-07-30 09:51:49,0.0,done,2024-07-30 09:55:40
OF-2024-02212,ART-U36,Usinage,179.1,Aluminium,Rouge,47,MCH-01,CNC_FAST,2024-07-02 13:10:01,2024-07-02 14:08:03,0.0,done,2024-07-02 14:09:06
OF-2024-02213,art-a06,Assemblage,21.3,Acier,Noir,102,MCH-07,MANUAL,23/06/2024 11:56,23/06/2024 13:18,0.0,done,23/06/2024 13:22
OF-2024-02214,ART-U28,Usinage,115.2,Aluminium,Bleu,48,MCH-04,CNC_STD,2024-04-21 12:13:56,2024-04-21 13:30:55,7.6,done,2024-04-21 13:32:03
OF-2024-02215,ART-S33,Soudure,195.1,Inox,Gris,8,MCH-10,ROBOT_CELL,2024-07-14 12:24:43,2024-07-14 13:22:21,3.2,done,2024-07-14 13:23:11
OF-2024-02216,ART-F15,Finition,196.8,Titane,Jaune,16,MCH-01,CNC_FAST,2024-07-01 10:23:15,2024-07-01 10:49:56,5.8,done,2024-07-01 10:52:36
OF-2024-02217,ART-A18,Assemblage,15.6,Inox,Rouge,25,MCH-09,ROBOT_CELL,2024-07-23 20:52:09,2024-07-23 21:09:03,0.0,done,2024-07-23 21:13:03
OF-2024-02218,ART-S05,Soudure,38.9,Acier,Vert,111,MCH-06,MANUAL,2024-04-28 20:38:40,2024-04-29 01:59:11,0.0,done,2024-04-29 02:02:56
OF-2024-02219,ART-S13,Soudure,74.7,Acier,Jaune,59,MCH-08,MANUAL,2024-01-05 15:39:13,2024-01-05 20:20:12,89.1,done,2024-01-05 20:23:55
OF-2024-02220,ART-S13,Soudure,74.7,Acier,Jaune,212,MCH-10,ROBOT_CELL,2024-02-09 14:38:29,2024-02-09 23:09:17,0.0,done,2024-02-09 23:10:15
OF-2024-02221,ART-F11,Finition,147.9,Acier,Gris,56,MCH-02,CNC_FAST,2024-08-10 13:53:21,2024-08-10 14:27:58,0.0,done,2024-08-10 14:32:03
OF-2024-02222,ART-A06,Assemblage,21.3,Acier,Noir,63,MCH-06,MANUAL,2024-06-18 12:37:53,2024-06-18 13:43:19,21.1,done,2024-06-18 13:45:27
OF-2024-02223,ART-S33,Soudure,195.1,Inox,Gris,374,MCH-10,ROBOT_CELL,2024-04-20 20:29:42,2024-04-22 02:24:10,0.0,done,2024-04-22 02:27:07
OF-2024-02224,ART-S29,Soudure,90.9,Aluminium,Vert,248,MCH-10,ROBOT_CELL,2024-06-08 12:23:10,2024-06-08 20:22:10,0.0,done,2024-06-08 20:25:02
OF-2024-02225,ART-U04,Usinage,186.4,Inox,Rouge,137,MCH-01,CNC_FAST,2024-06-25 09:35:43,2024-06-25 15:28:45,108.0,done,2024-06-25 15:32:27
OF-2024-02226,ART-A22,Assemblage,105.9,Aluminium,Noir,66,MCH-06,MANUAL,2024-07-13 06:49:03,2024-07-13 08:13:16,9.6,done,2024-07-13 08:14:29
OF-2024-02227,art-u12,Usinage,23.0,Titane,Noir,135,MCH-01,CNC_FAST,2024-01-15 19:58:55,2024-01-15 21:56:16,0.0,done,2024-01-15 21:59:18
OF-2024-02228,ART-A10,Assemblage,48.9,Aluminium,Jaune,244,MCH-11,ROBOT_CELL,2024-03-02 12:47:18,2024-03-02 15:09:33,46.5,done,2024-03-02 15:11:57
OF-2024-02229,ART-S25,Soudure,151.9,Acier,Bleu,223,MCH-08,MANUAL,2024-05-12 20:41:25,2024-05-13 23:18:18,0.0,done,2024-05-13 23:20:04
OF-2024-02230,ART-A26,Assemblage,183.1,Inox,Rouge,333,MCH-11,ROBOT_CELL,2024-01-14 17:26:28,2024-01-15 02:57:53,0.0,done,2024-01-15 02:58:25
OF-2024-02231,ART-A14,Assemblage,190.7,Acier,Noir,139,MCH-07,MANUAL,06/06/2024 12:24,06/06/2024 18:33,0.0,done,06/06/2024 18:37
OF-2024-02232,ART-U04,Usinage,186.4,Inox,Rouge,73,MCH-02,CNC_FAST,2024-05-04 08:10:55,2024-05-04 11:53:52,69.4,done,2024-05-04 11:56:55
OF-2024-02233,ART-S05,Soudure,38.9,Acier,Vert,170,MCH-10,ROBOT_CELL,2024-04-14 13:24:48,2024-04-14 16:54:49,67.6,done,2024-04-14 16:58:15
OF-2024-02234,ART-U04,Usinage,186.4,Inox,Rouge,60,MCH-03,CNC_STD,2024-07-05 13:31:33,2024-07-05 17:28:58,0.0,done,2024-07-05 17:33:21
OF-2024-02235,ART-F15,Finition,196.8,Titane,Jaune,56,MCH-01,CNC_FAST,2024-08-11 19:54:05,2024-08-11 21:15:04,0.0,done,2024-08-11 21:15:50
OF-2024-02236,ART-A22,Assemblage,105.9,Aluminium,Noir,393,MCH-11,ROBOT_CELL,2024-02-01 18:19:23,2024-02-01 22:16:47,0.0,done,2024-02-01 22:21:33
OF-2024-02237,ART-F27,Finition,162.2,Titane,Rouge,5,MCH-02,CNC_FAST,2024-03-13 20:36:24,2024-03-13 20:50:13,1.1,done,2024-03-13 20:51:46
OF-2024-02238,ART-U20,Usinage,23.4,Titane,Rouge,22,MCH-02,CNC_FAST,2024-03-07 10:53:54,2024-03-07 11:22:28,4.5,done,2024-03-07 11:26:05
OF-2024-02239,ART-U28,Usinage,115.2,Aluminium,Bleu,17,MCH-01,CNC_FAST,2024-02-03 07:06:09,2024-02-03 07:45:08,0.0,done,2024-02-03 07:47:28
OF-2024-02240,ART-U12,Usinage,23.0,Titane,Noir,20,MCH-01,CNC_FAST,2024-07-01 12:26:43,2024-07-01 12:49:56,0.0,done,2024-07-01 12:52:19
OF-2024-02241,ART-A14,Assemblage,190.7,Acier,Noir,105,MCH-06,MANUAL,2024-08-22 21:41:53,2024-08-23 03:13:08,0.0,done,2024-08-23 03:17:46
OF-2024-02242,ART-A26,Assemblage,183.1,Inox,Rouge,278,MCH-06,MANUAL,2024-06-30 14:03:49,2024-07-01 00:11:44,50.6,done,2024-07-01 00:13:59
OF-2024-02243,art-u16,Usinage,144.1,Aluminium,Noir,24,MCH-03,CNC_STD,2024-03-21 10:08:47,2024-03-21 11:07:26,0.0,done,2024-03-21 11:11:08
OF-2024-02244,ART-S13,Soudure,74.7,Acier,Jaune,39,MCH-12,ROBOT_CELL,2024-08-22 08:27:47,,0.0,aborted,2024-08-22 11:02:55
OF-2024-02245,ART-U04,Usinage,186.4,Inox,Rouge,171,MCH-01,CNC_FAST,2024-01-30 19:54:04,2024-01-31 03:38:26,0.0,done,2024-01-31 03:40:23
OF-2024-02246,ART-A30,Assemblage,130.4,Acier,Gris,44,MCH-05,CNC_STD,2024-07-21 09:23:46,2024-07-21 10:46:01,0.0,done,2024-07-21 10:50:10
OF-2024-02247,ART-U20,Usinage,23.4,Titane,Rouge,40,MCH-05,CNC_STD,2024-06-15 17:01:39,2024-06-15 18:14:14,0.0,done,2024-06-15 18:15:42
OF-2024-02248,ART-A18,Assemblage,15.6,Inox,Rouge,198,MCH-09,ROBOT_CELL,2024-03-13 13:15:05,2024-03-13 14:40:11,0.0,done,2024-03-13 14:45:01
OF-2024-02249,ART-A26,Assemblage,183.1,Inox,Rouge,7,MCH-08,MANUAL,2024-01-15 16:06:46,2024-01-15 16:48:46,9.6,done,2024-01-15 16:53:15
OF-2024-02250,ART-F19,Finition,100.8,Aluminium,Gris,341,MCH-01,CNC_FAST,2024-04-05 17:57:02,,0.0,running,2024-04-05 20:45:37
OF-2024-02251,ART-U20,Usinage,23.4,Titane,Rouge,9,MCH-02,CNC_FAST,2024-07-28 09:23:34,2024-07-28 09:40:21,0.0,done,2024-07-28 09:45:02
OF-2024-02252,ART-U04,Usinage,186.4,Inox,Rouge,7,MCH-04,CNC_STD,2024-01-03 13:02:24,2024-01-03 13:56:39,4.3,done,2024-01-03 13:59:14
OF-2024-02253,ART-F11,Finition,147.9,Acier,Gris,55,MCH-01,CNC_FAST,2024-05-28 22:20:41,2024-05-28 23:00:46,0.0,done,2024-05-28 23:01:28
OF-2024-02254,ART-A10,Assemblage,48.9,Aluminium,Jaune,198,MCH-10,ROBOT_CELL,2024-04-17 17:07:18,2024-04-17 19:27:04,0.0,done,2024-04-17 19:29:06
OF-2024-02255,ART-U28,Usinage,115.2,Aluminium,Bleu,16,MCH-01,CNC_FAST,2024-05-14 16:32:37,2024-05-14 17:02:36,0.0,done,2024-05-14 17:04:20
OF-2024-02256,ART-S25,Soudure,151.9,Acier,Bleu,38,MCH-06,MANUAL,2024-07-06 17:15:23,2024-07-06 21:31:58,0.0,done,2024-07-06 21:33:28
OF-2024-02257,ART-F15,Finition,196.8,Titane,Jaune,10,MCH-01,CNC_FAST,2024-08-07 07:15:39,2024-08-07 07:41:38,0.0,done,2024-08-07 07:46:36
OF-2024-02258,ART-U04,Usinage,186.4,Inox,Rouge,80,MCH-04,CNC_STD,2024-03-06 14:57:54,2024-03-06 20:38:43,104.1,done,2024-03-06 20:42:40
OF-2024-02259,ART-S25,Soudure,151.9,Acier,Bleu,48,MCH-12,ROBOT_CELL,2024-06-10 06:12:20,2024-06-10 09:30:40,20.7,done,2024-06-10 09:32:15
OF-2024-02260,ART-S17,Soudure,16.0,Acier,Bleu,31,MCH-08,MANUAL,2024-08-15 13:02:06,2024-08-15 14:24:33,0.0,done,2024-08-15 14:26:43
OF-2024-02261,ART-S29,Soudure,90.9,Aluminium,Vert,367,MCH-10,ROBOT_CELL,2024-03-18 08:15:14,2024-03-19 00:29:24,111.7,done,2024-03-19 00:34:11
OF-2024-02262,ART-U28,Usinage,115.2,Aluminium,Bleu,232,MCH-02,CNC_FAST,2024-05-18 19:14:25,2024-05-18 22:32:59,53.0,done,2024-05-18 22:37:04
OF-2024-02263,ART-S13,Soudure,74.7,Acier,Jaune,198,MCH-11,ROBOT_CELL,2024-04-10 17:05:17,2024-04-11 01:31:02,0.0,done,2024-04-11 01:33:50
OF-2024-02264,ART-U16,Usinage,144.1,Aluminium,Noir,75,MCH-05,CNC_STD,2024-06-11 19:09:59,2024-06-11 22:09:56,44.4,done,2024-06-11 22:13:14
OF-2024-02265,ART-U24,Usinage,173.0,Aluminium,Vert,171,MCH-05,CNC_STD,2024-01-24 07:52:50,2024-01-24 13:54:21,74.8,done,2024-01-24 13:57:23
OF-2024-02266,ART-A22,Assemblage,105.9,Aluminium,Noir,78,MCH-03,CNC_STD,2024-06-09 11:48:39,2024-06-09 12:51:25,0.0,done,2024-06-09 12:54:39
OF-2024-02267,ART-U08,Usinage,22.6,Inox,Noir,201,MCH-01,CNC_FAST,2024-02-06 14:37:34,2024-02-06 16:28:36,13.0,done,2024-02-06 16:33:08
OF-2024-02268,ART-F19,Finition,100.8,Aluminium,Gris,136,MCH-06,MANUAL,2024-07-18 08:58:15,2024-07-18 11:04:04,0.0,done,2024-07-18 11:07:41
OF-2024-02269,ART-A26,Assemblage,183.1,Inox,Rouge,70,MCH-05,CNC_STD,2024-08-16 21:01:45,2024-08-16 23:56:24,0.0,done,2024-08-16 23:59:47
OF-2024-02270,ART-S29,Soudure,90.9,Aluminium,Vert,307,MCH-09,ROBOT_CELL,2024-08-28 08:53:57,2024-08-28 19:59:49,65.7,done,2024-08-28 20:01:32
OF-2024-02271,art-u12,Usinage,23.0,Titane,Noir,289,MCH-04,CNC_STD,2024-06-11 17:08:45,2024-06-11 21:53:41,0.0,done,2024-06-11 21:57:33
OF-2024-02272,ART-F11,Finition,147.9,Acier,Gris,41,MCH-08,MANUAL,2024-01-03 10:38:25,2024-01-03 12:05:02,0.0,done,2024-01-03 12:08:21
OF-2024-02273,ART-F31,Finition,25.3,Inox,Gris,31,MCH-07,MANUAL,21/02/2024 08:16,21/02/2024 08:52,9.5,done,21/02/2024 08:56
OF-2024-02274,ART-S29,Soudure,90.9,Aluminium,Vert,80,MCH-06,MANUAL,2024-06-12 21:54:11,2024-06-13 03:15:32,0.0,done,2024-06-13 03:19:28
OF-2024-02275,ART-S09,Soudure,11.4,Acier,Jaune,228,MCH-08,MANUAL,2024-03-05 11:46:37,2024-03-05 19:55:33,81.1,done,2024-03-05 20:00:06
OF-2024-02276,ART-F23,Finition,23.0,Acier,Gris,73,MCH-01,CNC_FAST,2024-04-15 19:45:00,2024-04-15 20:03:30,1.7,done,2024-04-15 20:07:55
OF-2024-02277,ART-U24,Usinage,173.0,Aluminium,Vert,163,MCH-03,CNC_STD,2024-04-15 08:47:10,2024-04-15 14:37:07,0.0,done,2024-04-15 14:39:00
OF-2024-02278,art-f07,Finition,147.0,Acier,Gris,70,MCH-01,CNC_FAST,2024-06-02 16:56:26,2024-06-02 17:41:22,0.0,done,2024-06-02 17:42:54
OF-2024-02279,ART-U04,Usinage,186.4,Inox,Rouge,16,MCH-02,CNC_FAST,2024-04-07 07:08:29,2024-04-07 08:03:12,6.0,done,2024-04-07 08:06:08
OF-2024-02280,ART-F19-MM,Finition,100.8,Aluminium,Gris,35,MCH-01,CNC_FAST,2024-01-05 16:30:37,2024-01-05 16:53:34,0.0,done,2024-01-05 16:56:49
OF-2024-02281,ART-A06,Assemblage,21.3,Acier,Noir,79,MCH-07,MANUAL,10/07/2024 21:05,10/07/2024 22:13,5.0,done,10/07/2024 22:17
OF-2024-02282,ART-F15,Finition,196.8,Titane,Jaune,53,MCH-01,CNC_FAST,2024-08-05 17:25:05,2024-08-05 18:50:04,0.0,done,2024-08-05 18:53:03
OF-2024-02283,ART-U00,Usinage,184.0,Inox,Jaune,161,MCH-01,CNC_FAST,2024-01-05 18:07:38,2024-01-05 23:59:10,38.6,done,2024-01-06 00:00:47
OF-2024-02284,ART-S13,Soudure,74.7,Acier,Jaune,78,MCH-10,ROBOT_CELL,2024-01-03 15:19:37,2024-01-03 18:45:01,0.0,done,2024-01-03 18:47:57
OF-2024-02285,ART-U28,Usinage,115.2,Aluminium,Bleu,30,MCH-02,CNC_FAST,2024-05-23 12:26:45,2024-05-23 13:07:46,0.0,done,2024-05-23 13:10:53
OF-2024-02286,ART-F23,Finition,23.0,Acier,Gris,326,MCH-07,MANUAL,30/05/2024 20:51,30/05/2024 23:49,0.0,done,30/05/2024 23:54
OF-2024-02287,ART-U16,Usinage,144.1,Aluminium,Noir,75,MCH-05,CNC_STD,2024-07-07 21:51:23,2024-07-08 00:31:50,0.0,done,2024-07-08 00:35:40
OF-2024-02288,ART-A26,Assemblage,183.1,Inox,Rouge,5,MCH-11,ROBOT_CELL,2024-03-15 19:22:58,2024-03-15 19:41:36,0.0,done,2024-03-15 19:45:08
OF-2024-02289,ART-F15,Finition,196.8,Titane,Jaune,8,MCH-02,CNC_FAST,2024-06-27 11:44:25,2024-06-27 12:05:40,0.0,done,2024-06-27 12:07:35
OF-2024-02290,ART-S13,Soudure,74.7,Acier,Jaune,21,MCH-11,ROBOT_CELL,2024-02-22 16:38:04,2024-02-22 17:58:59,22.8,done,2024-02-22 18:02:55
OF-2024-02291,ART-U08,Usinage,22.6,Inox,Noir,41,MCH-01,CNC_FAST,2024-03-31 16:24:15,2024-03-31 17:01:55,0.0,done,2024-03-31 17:06:32
OF-2024-02292,ART-S13,Soudure,74.7,Acier,Jaune,63,MCH-07,MANUAL,08/07/2024 21:57,09/07/2024 02:49,0.0,done,09/07/2024 02:52
OF-2024-02293,  ART-F11 ,Finition,147.9,Acier,Gris,229,MCH-06,MANUAL,2024-04-07 13:53:41,2024-04-07 18:56:05,0.0,done,2024-04-07 19:00:42
OF-2024-02294,  ART-U12 ,Usinage,23.0,Titane,Noir,59,MCH-04,CNC_STD,2024-04-28 19:38:18,2024-04-28 20:54:50,24.4,done,2024-04-28 20:58:50
OF-2024-02295,art-u16,Usinage,144.1,Aluminium,Noir,49,MCH-03,CNC_STD,2024-07-31 06:55:28,2024-07-31 08:55:51,0.0,done,2024-07-31 09:00:06
OF-2024-02296,ARTU20,Usinage,23.4,Titane,Rouge,217,MCH-01,CNC_FAST,2024-07-12 14:24:33,2024-07-12 18:29:52,0.0,done,2024-07-12 18:32:59
OF-2024-02297,ART-U24,Usinage,173.0,Aluminium,Vert,14,MCH-04,CNC_STD,2024-06-05 07:30:04,2024-06-05 08:25:36,10.1,done,2024-06-05 08:27:33
OF-2024-02298,ART-U28,Usinage,115.2,Aluminium,Bleu,45,MCH-01,CNC_FAST,2024-04-19 15:02:09,2024-04-19 16:10:37,8.8,done,2024-04-19 16:13:13
OF-2024-02299,ART-F27,Finition,162.2,Titane,Rouge,264,MCH-02,CNC_FAST,2024-02-23 12:02:20,2024-02-23 16:59:07,0.0,done,2024-02-23 17:03:44
OF-2024-02300,ART-U04,Usinage,186.4,Inox,Rouge,289,MCH-01,CNC_FAST,2024-08-22 17:32:40,2024-08-23 07:46:19,0.0,done,2024-08-23 07:49:53
OF-2024-02301,ART-U20,Usinage,23.4,Titane,Rouge,210,MCH-03,CNC_STD,2024-06-12 19:24:50,2024-06-13 00:04:44,0.0,done,2024-06-13 00:05:15
OF-2024-02302,ART-A06,Assemblage,21.3,Acier,Noir,124,MCH-05,CNC_STD,2024-04-07 18:27:36,2024-04-07 19:43:30,0.0,done,2024-04-07 19:44:04
OF-2024-02303,ART-A02,Assemblage,36.9,Aluminium,Vert,71,MCH-09,ROBOT_CELL,2024-07-27 08:29:34,2024-07-27 09:05:50,0.0,done,2024-07-27 09:09:41
OF-2024-02304,ART-A18,Assemblage,15.6,Inox,Rouge,329,MCH-12,ROBOT_CELL,2024-05-08 10:02:47,2024-05-08 12:49:02,0.0,done,2024-05-08 12:53:17
OF-2024-02305,ART-F27,Finition,162.2,Titane,Rouge,39,MCH-02,CNC_FAST,2024-01-15 14:05:43,2024-01-15 15:03:06,3.3,done,2024-01-15 15:08:01
OF-2024-02306,ART-U28,Usinage,115.2,Aluminium,Bleu,27,MCH-02,CNC_FAST,2024-05-15 09:25:41,,0.0,running,2024-05-15 10:11:01
OF-2024-02307,ART-S29,Soudure,90.9,Aluminium,Vert,31,MCH-09,ROBOT_CELL,2024-04-09 13:57:45,,0.0,running,2024-04-09 15:34:51
OF-2024-02308,ART-A06,Assemblage,21.3,Acier,Noir,60,MCH-03,CNC_STD,2024-04-05 07:58:11,2024-04-05 08:33:48,0.0,done,2024-04-05 08:35:35
OF-2024-02309,ART-F03,Finition,55.9,Titane,Jaune,42,MCH-06,MANUAL,2024-06-21 07:00:26,2024-06-21 08:18:01,13.2,done,2024-06-21 08:22:52
OF-2024-02310,ART-S01,Soudure,191.3,Titane,Bleu,46,MCH-08,MANUAL,2024-01-30 19:51:41,2024-01-31 04:16:49,53.5,done,2024-01-31 04:20:28
OF-2024-02311,ART-U08,Usinage,22.6,Inox,Noir,29,MCH-01,CNC_FAST,2024-06-15 18:41:46,2024-06-15 19:16:08,0.0,done,2024-06-15 19:19:41
OF-2024-02312,ART-A26,Assemblage,183.1,Inox,Rouge,47,MCH-10,ROBOT_CELL,2024-03-20 19:43:13,2024-03-20 21:34:12,5.8,done,2024-03-20 21:35:22
OF-2024-02313,ART-A06,Assemblage,21.3,Acier,Noir,251,MCH-10,ROBOT_CELL,2024-08-06 13:49:50,2024-08-06 15:59:40,0.0,done,2024-08-06 16:04:38
OF-2024-02314,ART-U24,Usinage,173.0,Aluminium,Vert,9,MCH-05,CNC_STD,2024-01-22 09:16:07,2024-01-22 09:52:35,0.0,done,2024-01-22 09:54:51
OF-2024-02315,ART-U16,Usinage,144.1,Aluminium,Noir,62,MCH-05,CNC_STD,2024-01-22 07:38:19,2024-01-22 10:22:49,0.0,done,2024-01-22 10:26:38
OF-2024-02316,ART-U08,Usinage,22.6,Inox,Noir,73,MCH-04,CNC_STD,2024-04-11 07:13:27,2024-04-11 08:34:47,0.0,done,2024-04-11 08:37:04
OF-2024-02317,ART-S29,Soudure,90.9,Aluminium,Vert,70,MCH-06,MANUAL,2024-03-14 16:08:20,2024-03-14 21:29:55,20.6,done,2024-03-14 21:34:26
OF-2024-02318,ART-S05,Soudure,38.9,Acier,Vert,332,MCH-09,ROBOT_CELL,2024-01-07 16:45:39,2024-01-07 23:44:43,0.0,done,2024-01-07 23:45:28
OF-2024-02319,ART-A02,Assemblage,36.9,Aluminium,Vert,73,MCH-08,MANUAL,2024-06-19 11:07:16,2024-06-19 12:05:20,0.0,done,2024-06-19 12:09:13
OF-2024-02320,ART-A30,Assemblage,130.4,Acier,Gris,146,MCH-06,MANUAL,2024-03-30 21:59:27,2024-03-31 04:16:19,0.0,done,2024-03-31 04:18:03
OF-2024-02321,ART-A26,Assemblage,183.1,Inox,Rouge,195,MCH-04,CNC_STD,2024-01-18 16:34:01,2024-01-19 00:17:23,0.0,done,2024-01-19 00:21:30
OF-2024-02322,ART-S29,Soudure,90.9,Aluminium,Vert,21,MCH-07,MANUAL,09/06/2024 16:45,09/06/2024 18:24,0.0,done,09/06/2024 18:26
OF-2024-02323,ART-A26,Assemblage,183.1,Inox,Rouge,69,MCH-10,ROBOT_CELL,2024-02-06 13:12:20,2024-02-06 15:36:57,0.0,done,2024-02-06 15:38:15
OF-2024-02324,ART-S17,Soudure,16.0,Acier,Bleu,41,MCH-08,MANUAL,2024-05-19 16:14:15,2024-05-19 17:38:09,22.9,done,2024-05-19 17:41:08
OF-2024-02325,ARTU20,Usinage,23.4,Titane,Rouge,80,MCH-05,CNC_STD,2024-06-27 15:06:34,2024-06-27 17:24:15,0.0,done,2024-06-27 17:27:28
OF-2024-02326,ART-A02,Assemblage,36.9,Aluminium,Vert,61,MCH-05,CNC_STD,2024-05-21 11:35:00,2024-05-21 12:09:35,0.0,done,2024-05-21 12:11:16
OF-2024-02327,art-u32,Usinage,131.7,Aluminium,Gris,26,MCH-01,CNC_FAST,2024-02-10 13:13:32,2024-02-10 13:58:58,0.0,done,2024-02-10 13:59:46
OF-2024-02328,ART-U04,Usinage,186.4,Inox,Rouge,245,MCH-01,CNC_FAST,2024-03-02 07:34:00,,60.9,running,2024-03-02 20:08:24
OF-2024-02329,ART-S33,Soudure,195.1,Inox,Gris,26,MCH-07,MANUAL,14/02/2024 18:43,14/02/2024 22:57,0.0,done,14/02/2024 23:01
OF-2024-02330,ART-S05,Soudure,38.9,Acier,Vert,37,MCH-08,MANUAL,2024-07-12 18:38:05,2024-07-12 20:28:17,0.0,done,2024-07-12 20:32:43
OF-2024-02331,ART-S05,Soudure,38.9,Acier,Vert,51,MCH-06,MANUAL,2024-01-27 18:02:10,2024-01-27 20:26:13,0.0,done,2024-01-27 20:27:52
OF-2024-02332,ART-U28,Usinage,115.2,Aluminium,Bleu,55,MCH-05,CNC_STD,2024-03-21 16:58:07,2024-03-21 18:28:02,12.1,done,2024-03-21 18:32:59
OF-2024-02333,ART-F15,Finition,196.8,Titane,Jaune,8,MCH-02,CNC_FAST,2024-08-13 18:18:07,2024-08-13 18:38:04,0.0,done,2024-08-13 18:42:52
OF-2024-02334,ART-S13,Soudure,74.7,Acier,Jaune,38,MCH-07,MANUAL,30/01/2024 18:30,30/01/2024 21:53,0.0,done,30/01/2024 21:57
OF-2024-02335,ART-U32,Usinage,131.7,Aluminium,Gris,47,MCH-02,CNC_FAST,2024-02-24 09:33:04,2024-02-24 10:34:23,0.0,done,2024-02-24 10:34:55
OF-2024-02336,ART-U28,Usinage,115.2,Aluminium,Bleu,269,MCH-04,CNC_STD,2024-04-04 14:52:59,2024-04-04 20:39:12,0.0,done,2024-04-04 20:41:17
OF-2024-02337,ART-U28,Usinage,115.2,Aluminium,Bleu,38,MCH-01,CNC_FAST,2024-03-04 09:02:44,2024-03-04 10:01:57,5.2,done,2024-03-04 10:06:24
OF-2024-02338,ART-S13,Soudure,74.7,Acier,Jaune,20,MCH-08,MANUAL,2024-08-03 16:47:14,2024-08-03 19:04:42,17.7,done,2024-08-03 19:08:25
OF-2024-02339,ART-A26,Assemblage,183.1,Inox,Rouge,134,MCH-12,ROBOT_CELL,2024-05-13 17:47:20,2024-05-13 22:04:21,0.0,done,2024-05-13 22:07:22
OF-2024-02340,art-a06,Assemblage,21.3,Acier,Noir,21,MCH-09,ROBOT_CELL,2024-01-15 15:06:56,2024-01-15 15:21:27,0.0,done,2024-01-15 15:22:02
OF-2024-02341,ART-F31,Finition,25.3,Inox,Gris,31,MCH-02,CNC_FAST,2024-03-25 16:02:31,2024-03-25 16:13:50,0.0,done,2024-03-25 16:18:50
OF-2024-02342,ART-A26,Assemblage,183.1,Inox,Rouge,30,MCH-09,ROBOT_CELL,2024-06-19 16:47:55,2024-06-19 17:48:49,0.0,done,2024-06-19 17:51:27
OF-2024-02343,ART-F15,Finition,196.8,Titane,Jaune,54,MCH-02,CNC_FAST,2024-03-16 20:05:09,2024-03-16 21:19:19,0.0,done,2024-03-16 21:20:39
OF-2024-02344,ART-F27,Finition,162.2,Titane,Rouge,46,MCH-08,MANUAL,2024-07-09 11:02:41,2024-07-09 12:51:47,0.0,done,2024-07-09 12:56:41
OF-2024-02345,ART-S05,Soudure,38.9,Acier,Vert,17,MCH-08,MANUAL,2024-06-25 10:50:19,2024-06-25 11:42:00,0.0,done,2024-06-25 11:42:49
OF-2024-02346,ART-A18,Assemblage,15.6,Inox,Rouge,117,MCH-07,MANUAL,17/01/2024 08:43,17/01/2024 10:16,17.1,done,17/01/2024 10:18
OF-2024-02347,ART-F11,Finition,147.9,Acier,Gris,50,MCH-07,MANUAL,26/06/2024 07:41,26/06/2024 09:00,0.0,done,26/06/2024 09:03
OF-2024-02348,ART-S29,Soudure,90.9,Aluminium,Vert,37,MCH-11,ROBOT_CELL,2024-08-07 13:48:14,2024-08-07 15:36:15,10.8,done,2024-08-07 15:38:58
OF-2024-02349,ART-A06,Assemblage,21.3,Acier,Noir,23,MCH-09,ROBOT_CELL,2024-02-21 14:16:29,2024-02-21 14:34:22,0.0,done,2024-02-21 14:39:09
OF-2024-02350,ART-F15,Finition,196.8,Titane,Jaune,67,MCH-01,CNC_FAST,2024-08-13 20:17:48,2024-08-13 21:39:52,0.0,done,2024-08-13 21:41:24
OF-2024-02351,ART-U00,Usinage,184.0,Inox,Jaune,276,MCH-03,CNC_STD,2024-05-22 13:41:56,2024-05-23 01:51:27,74.4,done,2024-05-23 01:55:38
OF-2024-02352,ART-A26,Assemblage,183.1,Inox,Rouge,15,MCH-10,ROBOT_CELL,2024-02-15 17:50:50,2024-02-15 18:30:44,7.2,done,2024-02-15 18:34:03
OF-2024-02353,ART-A26,Assemblage,183.1,Inox,Rouge,39,MCH-08,MANUAL,2024-05-11 06:58:00,2024-05-11 08:47:06,0.0,done,2024-05-11 08:48:40
OF-2024-02354,ART-F27,Finition,162.2,Titane,Rouge,58,MCH-02,CNC_FAST,2024-02-27 12:04:56,2024-02-27 13:15:13,0.0,done,2024-02-27 13:17:28
OF-2024-02355,ART-U16,Usinage,144.1,Aluminium,Noir,373,MCH-03,CNC_STD,2024-02-13 17:19:46,2024-02-14 02:48:45,0.0,done,2024-02-14 02:49:51
OF-2024-02356,ART-U24,Usinage,173.0,Aluminium,Vert,27,MCH-02,CNC_FAST,2024-04-06 06:44:16,2024-04-06 07:27:21,0.0,done,2024-04-06 07:29:15
OF-2024-02357,ART-S13,Soudure,74.7,Acier,Jaune,155,MCH-12,ROBOT_CELL,2024-05-16 08:48:40,2024-05-16 17:32:35,0.0,done,2024-05-16 17:35:49
OF-2024-02358,ART-S25,Soudure,151.9,Acier,Bleu,396,MCH-08,MANUAL,2024-08-30 15:07:56,2024-09-01 01:32:28,0.0,done,2024-09-01 01:34:15
OF-2024-02359,ART-S13,Soudure,74.7,Acier,Jaune,47,MCH-07,MANUAL,12/05/2024 21:09,13/05/2024 00:41,0.0,done,13/05/2024 00:44
OF-2024-02360,ART-U12-MM,Usinage,23.0,Titane,Noir,346,MCH-03,CNC_STD,2024-03-22 10:45:03,2024-03-22 18:01:05,56.4,done,2024-03-22 18:03:21
OF-2024-02361,ART-U20,Usinage,23.4,Titane,Rouge,13,MCH-05,CNC_STD,2024-05-21 12:12:15,2024-05-21 12:45:49,4.1,done,2024-05-21 12:48:42
OF-2024-02362,ART-U08,Usinage,22.6,Inox,Noir,54,MCH-01,CNC_FAST,2024-04-24 07:39:17,2024-04-24 08:15:57,10.5,done,2024-04-24 08:19:51
OF-2024-02363,ART-A26,Assemblage,183.1,Inox,Rouge,20,MCH-08,MANUAL,2024-08-22 12:30:17,2024-08-22 13:44:40,0.0,done,2024-08-22 13:48:07
OF-2024-02364,ART-U32,Usinage,131.7,Aluminium,Gris,357,MCH-03,CNC_STD,2024-08-13 15:43:35,2024-08-14 03:32:15,147.8,done,2024-08-14 03:34:39
OF-2024-02365,ART-S25,Soudure,151.9,Acier,Bleu,6,MCH-07,MANUAL,29/04/2024 06:30,29/04/2024 07:54,26.6,done,29/04/2024 07:56
OF-2024-02366,ART-S25,Soudure,151.9,Acier,Bleu,50,MCH-10,ROBOT_CELL,2024-01-26 18:50:21,2024-01-26 22:12:26,0.0,done,2024-01-26 22:15:32
OF-2024-02367,art-a06,Assemblage,21.3,Acier,Noir,33,MCH-03,CNC_STD,2024-08-28 21:43:16,2024-08-28 22:10:35,0.0,done,2024-08-28 22:12:33
OF-2024-02368,ART-U32,Usinage,131.7,Aluminium,Gris,240,MCH-03,CNC_STD,2024-01-28 17:32:21,2024-01-28 23:34:34,0.0,done,2024-01-28 23:35:41
OF-2024-02369,ART-S25,Soudure,151.9,Acier,Bleu,225,MCH-07,MANUAL,11/01/2024 13:13,12/01/2024 14:12,363.6,done,12/01/2024 14:13
OF-2024-02370,ART-F15,Finition,196.8,Titane,Jaune,26,MCH-06,MANUAL,2024-04-04 08:12:16,2024-04-04 09:49:40,32.3,done,2024-04-04 09:52:47
OF-2024-02371,ART-A02,Assemblage,36.9,Aluminium,Vert,307,MCH-04,CNC_STD,2024-04-13 09:06:44,2024-04-13 11:25:12,13.7,done,2024-04-13 11:28:14
OF-2024-02372,ART-F15,Finition,196.8,Titane,Jaune,9,MCH-06,MANUAL,2024-06-24 13:23:47,2024-06-24 14:06:36,0.0,done,2024-06-24 14:11:22
OF-2024-02373,ART-F31,Finition,25.3,Inox,Gris,67,MCH-02,CNC_FAST,2024-05-13 22:17:18,2024-05-13 22:47:01,0.0,done,2024-05-13 22:51:32
OF-2024-02374,ART-F03,Finition,55.9,Titane,Jaune,107,MCH-01,CNC_FAST,2024-07-12 06:50:04,2024-07-12 08:08:27,0.0,done,2024-07-12 08:09:21
OF-2024-02375,ART-A02,Assemblage,36.9,Aluminium,Vert,72,MCH-04,CNC_STD,2024-07-01 19:11:05,2024-07-01 19:53:28,13.6,done,2024-07-01 19:55:23
OF-2024-02376,ART-S25,Soudure,151.9,Acier,Bleu,289,MCH-10,ROBOT_CELL,2024-01-30 16:57:28,2024-01-31 11:25:53,183.4,done,2024-01-31 11:29:19
OF-2024-02377,ART-S29,Soudure,90.9,Aluminium,Vert,379,MCH-08,MANUAL,2024-06-24 10:24:19,2024-06-25 07:06:07,0.0,done,2024-06-25 07:10:32
OF-2024-02378,  ART-U32 ,Usinage,131.7,Aluminium,Gris,33,MCH-01,CNC_FAST,2024-07-13 21:33:18,2024-07-13 22:23:42,14.3,done,2024-07-13 22:25:34
OF-2024-02379,ART-U28,Usinage,115.2,Aluminium,Bleu,390,MCH-01,CNC_FAST,2024-07-06 15:33:27,2024-07-06 21:13:38,66.3,done,2024-07-06 21:15:09
OF-2024-02380,ART-A02,Assemblage,36.9,Aluminium,Vert,155,MCH-09,ROBOT_CELL,2024-04-11 16:03:23,2024-04-11 16:58:05,0.0,done,2024-04-11 17:01:56
OF-2024-02381,ART-U28,Usinage,115.2,Aluminium,Bleu,60,MCH-02,CNC_FAST,2024-02-12 21:44:21,,0.0,aborted,2024-02-12 23:05:39
OF-2024-02382,ART-U16,Usinage,144.1,Aluminium,Noir,72,MCH-02,CNC_FAST,2024-08-15 20:54:50,2024-08-15 23:00:24,0.0,done,2024-08-15 23:03:02
OF-2024-02383,ART-U16,Usinage,144.1,Aluminium,Noir,252,MCH-05,CNC_STD,2024-03-13 19:30:00,2024-03-14 02:10:57,53.7,done,2024-03-14 02:13:43
OF-2024-02384,ART-A14,Assemblage,190.7,Acier,Noir,348,MCH-10,ROBOT_CELL,2024-05-07 21:46:49,2024-05-08 04:44:54,0.0,done,2024-05-08 04:49:06
OF-2024-02385,ART-U16,Usinage,144.1,Aluminium,Noir,71,MCH-03,CNC_STD,2024-02-12 12:19:16,2024-02-12 15:19:44,55.5,done,2024-02-12 15:24:23
OF-2024-02386,ART-A18,Assemblage,15.6,Inox,Rouge,24,MCH-09,ROBOT_CELL,2024-07-07 09:47:01,2024-07-07 10:02:23,2.7,done,2024-07-07 10:06:26
OF-2024-02387,ARTF19,Finition,100.8,Aluminium,Gris,10,MCH-02,CNC_FAST,2024-05-27 19:31:44,,0.0,aborted,2024-05-27 19:44:44
OF-2024-02388,ART-A26,Assemblage,183.1,Inox,Rouge,9,MCH-08,MANUAL,2024-07-29 20:48:27,2024-07-29 21:27:35,7.7,done,2024-07-29 21:28:12
OF-2024-02389,ART-U24,Usinage,173.0,Aluminium,Vert,27,MCH-04,CNC_STD,2024-02-06 19:16:40,2024-02-06 20:33:20,0.0,done,2024-02-06 20:35:44
OF-2024-02390,ART-U16,Usinage,144.1,Aluminium,Noir,25,MCH-04,CNC_STD,2024-03-04 07:09:20,2024-03-04 08:05:06,11.7,done,2024-03-04 08:07:40
OF-2024-02391,ART-A06,Assemblage,21.3,Acier,Noir,400,MCH-04,CNC_STD,2024-04-28 21:26:32,2024-04-29 00:38:29,23.8,done,2024-04-29 00:40:22
OF-2024-02392,ART-A10,Assemblage,48.9,Aluminium,Jaune,13,MCH-03,CNC_STD,2024-01-18 10:56:22,2024-01-18 11:20:40,0.0,done,2024-01-18 11:25:23
OF-2024-02393,ART-F19,Finition,100.8,Aluminium,Gris,40,MCH-07,MANUAL,27/07/2024 12:53,27/07/2024 13:41,0.0,done,27/07/2024 13:46
OF-2024-02394,ART-S25,Soudure,151.9,Acier,Bleu,16,MCH-09,ROBOT_CELL,2024-02-17 09:47:18,2024-02-17 11:26:19,0.0,done,2024-02-17 11:27:11
OF-2024-02395,ART-U28,Usinage,115.2,Aluminium,Bleu,52,MCH-02,CNC_FAST,2024-03-13 17:53:52,2024-03-13 19:03:15,0.0,done,2024-03-13 19:05:07
OF-2024-02396,ART-A30,Assemblage,130.4,Acier,Gris,262,MCH-04,CNC_STD,2024-04-16 22:05:15,2024-04-17 04:03:24,85.4,done,2024-04-17 04:05:58
OF-2024-02397,ART-A26,Assemblage,183.1,Inox,Rouge,43,MCH-03,CNC_STD,2024-01-30 13:16:31,2024-01-30 14:50:58,0.0,done,2024-01-30 14:53:16
OF-2024-02398,ART-S29,Soudure,90.9,Aluminium,Vert,33,MCH-06,MANUAL,2024-08-14 15:12:17,2024-08-14 18:26:39,0.0,done,2024-08-14 18:28:08
OF-2024-02399,ART-U16-MM,Usinage,144.1,Aluminium,Noir,34,MCH-04,CNC_STD,2024-02-16 08:14:51,2024-02-16 09:57:21,0.0,done,2024-02-16 10:00:17
OF-2024-02400,ART-F19,Finition,100.8,Aluminium,Gris,72,MCH-02,CNC_FAST,2024-07-25 20:58:13,2024-07-25 21:41:19,2.7,done,2024-07-25 21:43:16
OF-2024-02401,ART-F15,Finition,196.8,Titane,Jaune,192,MCH-08,MANUAL,2024-08-28 07:48:44,2024-08-28 17:28:11,0.0,done,2024-08-28 17:31:57
OF-2024-02402,ART-F15,Finition,196.8,Titane,Jaune,360,MCH-06,MANUAL,2024-04-20 07:21:11,2024-04-20 20:54:49,0.0,done,2024-04-20 20:56:10
OF-2024-02403,ART-A26,Assemblage,183.1,Inox,Rouge,150,MCH-04,CNC_STD,2024-03-30 09:46:33,2024-03-31 14:43:17,0.0,done,2024-03-31 14:46:54
OF-2024-02404,ART-U04,Usinage,186.4,Inox,Rouge,137,MCH-05,CNC_STD,2024-03-01 19:35:06,2024-03-02 04:42:22,99.7,done,2024-03-02 04:44:06
OF-2024-02405,ART-U12,Usinage,23.0,Titane,Noir,75,MCH-05,CNC_STD,2024-05-09 13:50:04,2024-05-09 15:34:34,0.0,done,2024-05-09 15:38:32
OF-2024-02406,ART-U08,Usinage,22.6,Inox,Noir,385,MCH-02,CNC_FAST,2024-06-08 11:49:39,2024-06-08 15:58:44,0.0,done,2024-06-08 16:02:02
OF-2024-02407,ART-U32-MM,Usinage,131.7,Aluminium,Gris,16,MCH-04,CNC_STD,2024-03-18 19:33:54,2024-03-18 20:23:04,0.0,done,2024-03-18 20:25:44
OF-2024-02408,ART-S29,Soudure,90.9,Aluminium,Vert,46,MCH-10,ROBOT_CELL,2024-08-05 21:48:08,2024-08-06 00:08:20,37.2,done,2024-08-06 00:10:56
OF-2024-02409,ART-A02,Assemblage,36.9,Aluminium,Vert,22,MCH-06,MANUAL,2024-07-05 12:18:38,2024-07-05 12:48:26,0.0,done,2024-07-05 12:49:03
OF-2024-02410,art-s17,Soudure,16.0,Acier,Bleu,46,MCH-09,ROBOT_CELL,2024-02-22 12:25:43,2024-02-22 13:30:46,0.0,done,2024-02-22 13:32:41
OF-2024-02411,ART-S33,Soudure,195.1,Inox,Gris,41,MCH-08,MANUAL,2024-03-23 15:57:53,2024-03-23 21:22:53,0.0,done,2024-03-23 21:23:44
OF-2024-02412,ART-S05,Soudure,38.9,Acier,Vert,52,MCH-06,MANUAL,2024-03-02 12:14:02,2024-03-02 14:25:37,17.1,done,2024-03-02 14:27:46
OF-2024-02413,ART-U32,Usinage,131.7,Aluminium,Gris,68,MCH-01,CNC_FAST,2024-07-07 07:32:30,2024-07-07 09:13:51,0.0,done,2024-07-07 09:14:30
OF-2024-02414,ART-U04,Usinage,186.4,Inox,Rouge,41,MCH-01,CNC_FAST,2024-02-22 18:29:47,2024-02-22 20:21:46,0.0,done,2024-02-22 20:26:02
OF-2024-02415,ART-F15,Finition,196.8,Titane,Jaune,351,MCH-06,MANUAL,2024-06-26 15:48:24,2024-06-27 08:11:15,270.7,done,2024-06-27 08:14:34
OF-2024-02416,  ART-U16 ,Usinage,144.1,Aluminium,Noir,27,MCH-03,CNC_STD,2024-03-22 11:34:00,2024-03-22 12:56:03,27.6,done,2024-03-22 12:58:35
OF-2024-02417,ART-U16,Usinage,144.1,Aluminium,Noir,11,MCH-01,CNC_FAST,2024-01-20 17:11:58,2024-01-20 17:45:42,0.0,done,2024-01-20 17:47:47
OF-2024-02418,ART-F15,Finition,196.8,Titane,Jaune,68,MCH-06,MANUAL,2024-07-28 07:22:24,2024-07-28 11:33:32,73.0,done,2024-07-28 11:35:49
OF-2024-02419,ART-U04,Usinage,186.4,Inox,Rouge,121,MCH-02,CNC_FAST,2024-04-01 21:38:49,2024-04-02 02:43:54,0.0,done,2024-04-02 02:44:41
OF-2024-02420,ART-A14,Assemblage,190.7,Acier,Noir,35,MCH-10,ROBOT_CELL,2024-06-09 13:54:34,2024-06-09 14:58:15,0.0,done,2024-06-09 15:01:08
OF-2024-02421,ART-A26,Assemblage,183.1,Inox,Rouge,32,MCH-07,MANUAL,20/02/2024 10:34,20/02/2024 12:15,25.1,done,20/02/2024 12:17
OF-2024-02422,ART-U08,Usinage,22.6,Inox,Noir,31,MCH-02,CNC_FAST,2024-04-24 15:05:29,2024-04-24 15:41:11,0.0,done,2024-04-24 15:45:00
OF-2024-02423,art-s05,Soudure,38.9,Acier,Vert,245,MCH-10,ROBOT_CELL,2024-07-02 19:33:24,2024-07-03 00:38:15,40.4,done,2024-07-03 00:40:27
OF-2024-02424,ART-U24,Usinage,173.0,Aluminium,Vert,16,MCH-03,CNC_STD,2024-04-11 20:40:55,2024-04-11 21:16:39,0.0,done,2024-04-11 21:20:33
OF-2024-02425,ARTF19,Finition,100.8,Aluminium,Gris,32,MCH-06,MANUAL,2024-01-31 10:28:15,2024-01-31 11:12:22,0.0,done,2024-01-31 11:14:26
OF-2024-02426,ART-U04,Usinage,186.4,Inox,Rouge,71,MCH-03,CNC_STD,2024-05-15 19:04:55,2024-05-15 23:54:44,0.0,done,2024-05-15 23:58:37
OF-2024-02427,ART-S29,Soudure,90.9,Aluminium,Vert,164,MCH-12,ROBOT_CELL,2024-06-17 20:00:10,2024-06-18 02:10:06,59.2,done,2024-06-18 02:11:28
OF-2024-02428,ART-U28,Usinage,115.2,Aluminium,Bleu,205,MCH-01,CNC_FAST,2024-08-03 18:50:02,2024-08-03 22:09:13,0.0,done,2024-08-03 22:11:16
OF-2024-02429,ART-A06,Assemblage,21.3,Acier,Noir,333,MCH-05,CNC_STD,2024-02-22 06:20:06,,0.0,running,2024-02-22 09:26:02
OF-2024-02430,ART-S13,Soudure,74.7,Acier,Jaune,36,MCH-11,ROBOT_CELL,2024-05-04 17:45:43,2024-05-04 19:32:23,28.8,done,2024-05-04 19:34:57
OF-2024-02431,ART-A30,Assemblage,130.4,Acier,Gris,38,MCH-03,CNC_STD,2024-02-29 11:02:55,,0.0,running,2024-02-29 12:27:16
OF-2024-02432,ART-U20,Usinage,23.4,Titane,Rouge,38,MCH-02,CNC_FAST,2024-03-04 19:56:00,2024-03-04 20:50:23,11.5,done,2024-03-04 20:54:12
OF-2024-02433,ART-S05,Soudure,38.9,Acier,Vert,76,MCH-10,ROBOT_CELL,2024-04-13 21:32:47,2024-04-13 23:12:38,0.0,done,2024-04-13 23:14:57
OF-2024-02434,ART-U28,Usinage,115.2,Aluminium,Bleu,218,MCH-02,CNC_FAST,2024-08-24 20:18:21,2024-08-25 00:37:03,0.0,done,2024-08-25 00:37:38
OF-2024-02435,ART-F15,Finition,196.8,Titane,Jaune,25,MCH-06,MANUAL,2024-04-04 17:07:03,2024-04-04 18:31:30,0.0,done,2024-04-04 18:32:08
OF-2024-02436,ART-F03,Finition,55.9,Titane,Jaune,65,MCH-06,MANUAL,2024-08-20 11:39:01,,16.6,aborted,2024-08-20 13:24:25
OF-2024-02437,ART-A02,Assemblage,36.9,Aluminium,Vert,373,MCH-04,CNC_STD,2024-03-15 08:06:08,2024-03-15 11:03:12,49.6,done,2024-03-15 11:05:48
OF-2024-02438,ART-F03,Finition,55.9,Titane,Jaune,365,MCH-08,MANUAL,2024-04-07 18:15:12,2024-04-08 00:04:36,0.0,done,2024-04-08 00:06:23
OF-2024-02439,  ART-U16 ,Usinage,144.1,Aluminium,Noir,30,MCH-01,CNC_FAST,2024-02-17 10:39:01,2024-02-17 11:30:09,0.0,done,2024-02-17 11:33:33
OF-2024-02440,art-a06,Assemblage,21.3,Acier,Noir,37,MCH-09,ROBOT_CELL,2024-01-17 16:17:30,2024-01-17 16:46:07,0.0,done,2024-01-17 16:48:50
OF-2024-02441,ART-S33,Soudure,195.1,Inox,Gris,23,MCH-08,MANUAL,2024-04-30 19:43:07,2024-04-30 23:13:30,0.0,done,2024-04-30 23:16:12
OF-2024-02442,ART-A14,Assemblage,190.7,Acier,Noir,64,MCH-06,MANUAL,2024-07-08 11:44:30,2024-07-08 15:05:49,63.5,done,2024-07-08 15:09:21
OF-2024-02443,ART-U12,Usinage,23.0,Titane,Noir,42,MCH-01,CNC_FAST,2024-04-22 09:18:44,2024-04-22 10:07:22,0.0,done,2024-04-22 10:08:17
OF-2024-02444,ART-S25,Soudure,151.9,Acier,Bleu,46,MCH-10,ROBOT_CELL,2024-08-31 06:57:09,2024-08-31 10:29:23,0.0,done,2024-08-31 10:33:08
OF-2024-02445,ART-U28,Usinage,115.2,Aluminium,Bleu,46,MCH-01,CNC_FAST,2024-02-04 21:33:05,2024-02-04 22:32:49,16.1,done,2024-02-04 22:33:42
OF-2024-02446,ART-S13,Soudure,74.7,Acier,Jaune,78,MCH-06,MANUAL,2024-01-25 14:03:29,2024-01-25 19:50:48,94.2,done,2024-01-25 19:54:57
OF-2024-02447,ART-U32,Usinage,131.7,Aluminium,Gris,70,MCH-01,CNC_FAST,2024-06-14 12:16:24,2024-06-14 14:04:25,12.0,done,2024-06-14 14:08:29
OF-2024-02448,ART-A38,Assemblage,165.3,Titane,Noir,39,MCH-06,MANUAL,2024-08-16 19:24:59,2024-08-16 22:27:21,52.9,done,2024-08-16 22:29:19
OF-2024-02449,ART-A22,Assemblage,105.9,Aluminium,Noir,62,MCH-12,ROBOT_CELL,2024-06-07 10:49:54,2024-06-07 11:40:58,0.0,done,2024-06-07 11:45:49
OF-2024-02450,ART-U16,Usinage,144.1,Aluminium,Noir,28,MCH-04,CNC_STD,2024-06-25 21:51:24,2024-06-25 23:00:52,8.3,done,2024-06-25 23:02:11
OF-2024-02451,ART-U16,Usinage,144.1,Aluminium,Noir,43,MCH-05,CNC_STD,2024-06-25 13:57:06,2024-06-25 15:20:03,0.0,done,2024-06-25 15:24:52
OF-2024-02452,ART-S25,Soudure,151.9,Acier,Bleu,42,MCH-11,ROBOT_CELL,2024-01-01 18:23:38,2024-01-01 22:10:19,0.0,done,2024-01-01 22:14:36
OF-2024-02453,ART-U12,Usinage,23.0,Titane,Noir,28,MCH-04,CNC_STD,2024-04-06 17:14:23,,3.4,running,2024-04-06 18:03:51
OF-2024-02454,ARTU08,Usinage,22.6,Inox,Noir,24,MCH-05,CNC_STD,2024-04-17 15:11:32,2024-04-17 15:48:47,6.0,done,2024-04-17 15:49:28
OF-2024-02455,ART-F15,Finition,196.8,Titane,Jaune,63,MCH-02,CNC_FAST,2024-07-01 09:24:40,2024-07-01 10:47:46,0.0,done,2024-07-01 10:51:21
OF-2024-02456,ART-U08,Usinage,22.6,Inox,Noir,179,MCH-01,CNC_FAST,2024-06-22 22:11:44,2024-06-23 00:40:04,29.9,done,2024-06-23 00:41:02
OF-2024-02457,ART-U16,Usinage,144.1,Aluminium,Noir,343,MCH-04,CNC_STD,2024-08-24 08:58:58,2024-08-24 19:08:09,121.3,done,2024-08-24 19:10:06
OF-2024-02458,  ART-U32 ,Usinage,131.7,Aluminium,Gris,110,MCH-05,CNC_STD,2024-05-29 10:39:08,2024-05-29 15:00:30,0.0,done,2024-05-29 15:04:52
OF-2024-02459,ART-S01,Soudure,191.3,Titane,Bleu,57,MCH-08,MANUAL,2024-01-28 17:43:45,2024-01-28 17:35:45,0.0,done,2024-01-29 03:38:31
OF-2024-02460,  ART-U32 ,Usinage,131.7,Aluminium,Gris,375,MCH-01,CNC_FAST,2024-08-17 08:27:11,2024-08-17 16:23:02,0.0,done,2024-08-17 16:24:29
OF-2024-02461,ART-U28,Usinage,115.2,Aluminium,Bleu,304,MCH-01,CNC_FAST,2024-06-14 19:33:00,2024-06-15 00:21:41,0.0,done,2024-06-15 00:24:51
OF-2024-02462,  ART-U08 ,Usinage,22.6,Inox,Noir,19,MCH-04,CNC_STD,2024-03-28 16:04:06,2024-03-28 20:50:17,0.0,done,2024-03-28 20:51:51
OF-2024-02463,  ART-A06 ,Assemblage,21.3,Acier,Noir,23,MCH-08,MANUAL,2024-07-15 14:58:36,2024-07-15 15:28:40,10.1,done,2024-07-15 15:30:58
OF-2024-02464,ART-U08,Usinage,22.6,Inox,Noir,53,MCH-01,CNC_FAST,2024-06-10 12:25:13,2024-06-10 13:13:59,7.4,done,2024-06-10 13:18:25
OF-2024-02465,ART-A22,Assemblage,105.9,Aluminium,Noir,55,MCH-05,CNC_STD,2024-03-29 21:03:47,2024-03-29 22:12:55,0.0,done,2024-03-29 22:17:01
OF-2024-02466,ART-S17-MM,Soudure,16.0,Acier,Bleu,36,MCH-09,ROBOT_CELL,2024-04-06 18:10:50,2024-04-06 18:53:10,0.0,done,2024-04-06 18:57:01
OF-2024-02467,ART-U24,Usinage,173.0,Aluminium,Vert,43,MCH-01,CNC_FAST,2024-07-29 12:29:06,2024-07-29 13:19:34,0.0,done,2024-07-29 13:21:03
OF-2024-02468,ART-U28,Usinage,115.2,Aluminium,Bleu,78,MCH-05,CNC_STD,2024-07-25 15:05:02,2024-07-25 16:53:57,0.0,done,2024-07-25 16:58:48
OF-2024-02469,ART-A06,Assemblage,21.3,Acier,Noir,62,MCH-07,MANUAL,02/07/2024 10:47,02/07/2024 11:55,0.0,done,02/07/2024 11:56
OF-2024-02470,ART-U04,Usinage,186.4,Inox,Rouge,33,MCH-01,CNC_FAST,2024-03-18 12:49:42,2024-03-18 14:37:48,0.0,done,2024-03-18 14:40:59
OF-2024-02471,  ART-S05 ,Soudure,38.9,Acier,Vert,7,MCH-10,ROBOT_CELL,2024-06-13 06:17:42,2024-06-13 06:44:00,0.0,done,2024-06-13 06:47:41
OF-2024-02472,ART-A06,Assemblage,21.3,Acier,Noir,61,MCH-03,CNC_STD,2024-02-08 08:28:03,2024-02-08 09:12:42,3.3,done,2024-02-08 09:13:43
OF-2024-02473,ART-U08,Usinage,22.6,Inox,Noir,57,MCH-01,CNC_FAST,2024-03-11 13:51:26,2024-03-11 14:39:04,0.0,done,2024-03-11 14:43:49
OF-2024-02474,ART-S25,Soudure,151.9,Acier,Bleu,55,MCH-07,MANUAL,21/07/2024 15:43,21/07/2024 21:37,117.8,done,21/07/2024 21:38
OF-2024-02475,ART-S13,Soudure,74.7,Acier,Jaune,24,MCH-06,MANUAL,2024-06-19 20:55:37,2024-06-19 23:24:52,0.0,done,2024-06-19 23:27:48
OF-2024-02476,ART-S25,Soudure,151.9,Acier,Bleu,61,MCH-08,MANUAL,2024-02-14 09:14:06,2024-02-14 15:43:44,28.7,done,2024-02-14 15:44:26
OF-2024-02477,ART-U28,Usinage,115.2,Aluminium,Bleu,6,MCH-01,CNC_FAST,2024-07-11 13:29:17,2024-07-11 13:49:52,0.0,done,2024-07-11 13:54:07
OF-2024-02478,ART-U24,Usinage,173.0,Aluminium,Vert,356,MCH-04,CNC_STD,2024-05-15 17:34:55,2024-05-16 04:49:46,0.0,done,2024-05-16 04:50:29
OF-2024-02479,ART-A02,Assemblage,36.9,Aluminium,Vert,151,MCH-07,MANUAL,11/03/2024 19:26,11/03/2024 21:21,33.5,done,11/03/2024 21:24
OF-2024-02480,ART-S05,Soudure,38.9,Acier,Vert,22,MCH-09,ROBOT_CELL,2024-04-08 16:40:31,2024-04-08 17:22:14,8.8,done,2024-04-08 17:22:46
OF-2024-02481,ART-S09,Soudure,11.4,Acier,Jaune,71,MCH-10,ROBOT_CELL,2024-05-25 09:00:50,2024-05-25 10:07:52,0.0,done,2024-05-25 10:12:30
OF-2024-02482,ART-U20,Usinage,23.4,Titane,Rouge,148,MCH-01,CNC_FAST,2024-03-09 21:44:50,2024-03-10 00:25:12,0.0,done,2024-03-10 00:27:26
OF-2024-02483,ART-A26,Assemblage,183.1,Inox,Rouge,140,MCH-04,CNC_STD,2024-06-16 14:03:04,2024-06-16 17:09:22,0.0,done,2024-06-16 17:10:50
OF-2024-02484,ART-A10,Assemblage,48.9,Aluminium,Jaune,305,MCH-09,ROBOT_CELL,2024-04-11 07:31:31,2024-04-11 10:15:58,10.9,done,2024-04-11 10:20:19
OF-2024-02485,ART-S33,Soudure,195.1,Inox,Gris,158,MCH-07,MANUAL,05/05/2024 13:43,06/05/2024 11:30,447.4,done,06/05/2024 11:35
OF-2024-02486,ART-U04,Usinage,186.4,Inox,Rouge,59,MCH-05,CNC_STD,2024-05-22 13:52:34,2024-05-22 17:23:21,53.0,done,2024-05-22 17:23:56
OF-2024-02487,ART-F27,Finition,162.2,Titane,Rouge,53,MCH-02,CNC_FAST,2024-06-05 21:40:19,2024-06-05 21:40:19,0.0,done,2024-06-05 22:36:17
OF-2024-02488,ART-U32,Usinage,131.7,Aluminium,Gris,42,MCH-05,CNC_STD,2024-06-06 11:09:48,2024-06-06 12:44:45,10.3,done,2024-06-06 12:46:26
OF-2024-02489,ART-U08,Usinage,22.6,Inox,Noir,9,MCH-01,CNC_FAST,2024-02-10 14:11:46,2024-02-10 14:27:13,0.0,done,2024-02-10 14:27:58
OF-2024-02490,ART-U20,Usinage,23.4,Titane,Rouge,166,MCH-01,CNC_FAST,2024-01-25 08:27:53,2024-01-25 11:33:34,0.0,done,2024-01-25 11:35:05
OF-2024-02491,ART-U08,Usinage,22.6,Inox,Noir,79,MCH-05,CNC_STD,2024-05-01 17:56:27,2024-05-01 19:30:25,0.0,done,2024-05-01 19:31:07
OF-2024-02492,ART-U12,Usinage,23.0,Titane,Noir,277,MCH-02,CNC_FAST,2024-06-13 12:25:41,2024-06-13 15:58:07,0.0,done,2024-06-13 16:02:42
OF-2024-02493,ART-A10,Assemblage,48.9,Aluminium,Jaune,290,MCH-12,ROBOT_CELL,2024-06-09 11:19:49,2024-06-09 13:43:37,0.0,done,2024-06-09 13:47:25
OF-2024-02494,art-s05,Soudure,38.9,Acier,Vert,358,MCH-08,MANUAL,2024-05-09 06:31:06,2024-05-09 18:37:41,0.0,done,2024-05-09 18:39:29
OF-2024-02495,ART-U28,Usinage,115.2,Aluminium,Bleu,71,MCH-05,CNC_STD,2024-02-18 14:02:07,2024-02-18 15:46:53,0.0,done,2024-02-18 15:48:03
OF-2024-02496,ART-A06,Assemblage,21.3,Acier,Noir,69,MCH-12,ROBOT_CELL,2024-07-09 07:06:16,2024-07-09 07:46:39,0.0,done,2024-07-09 07:48:12
OF-2024-02497,ART-A06,Assemblage,21.3,Acier,Noir,16,MCH-09,ROBOT_CELL,2024-04-19 20:27:00,2024-04-19 20:41:03,0.0,done,2024-04-19 20:43:25
OF-2024-02498,art-u16,Usinage,144.1,Aluminium,Noir,22,MCH-01,CNC_FAST,2024-04-04 15:21:02,2024-04-04 15:55:40,0.0,done,2024-04-04 15:57:56
OF-2024-02499,ART-S05,Soudure,38.9,Acier,Vert,12,MCH-09,ROBOT_CELL,2024-04-28 06:14:06,2024-04-28 06:40:58,8.5,done,2024-04-28 06:45:48
OF-2024-02500,ART-A26,Assemblage,183.1,Inox,Rouge,377,MCH-03,CNC_STD,2024-04-19 09:30:47,2024-04-19 22:16:40,187.8,done,2024-04-19 22:18:44
OF-2024-02501,ART-A02,Assemblage,36.9,Aluminium,Vert,304,MCH-06,MANUAL,2024-08-20 18:33:14,2024-08-20 22:14:22,0.0,done,2024-08-20 22:17:10
OF-2024-02502,ART-U04,Usinage,186.4,Inox,Rouge,22,MCH-05,CNC_STD,2024-05-05 14:52:50,2024-05-05 16:05:09,12.4,done,2024-05-05 16:09:16
OF-2024-02503,ART-S13,Soudure,74.7,Acier,Jaune,51,MCH-10,ROBOT_CELL,2024-01-07 12:38:42,2024-01-07 15:07:03,0.0,done,2024-01-07 15:11:15
OF-2024-02504,ART-S25,Soudure,151.9,Acier,Bleu,73,MCH-11,ROBOT_CELL,2024-02-02 12:04:12,2024-02-02 17:17:43,0.0,done,2024-02-02 17:20:18
OF-2024-02505,ART-A10,Assemblage,48.9,Aluminium,Jaune,14,MCH-11,ROBOT_CELL,2024-06-24 16:07:12,2024-06-24 16:24:07,0.0,done,2024-06-24 16:25:47
OF-2024-02506,ART-U12-MM,Usinage,23.0,Titane,Noir,233,MCH-03,CNC_STD,2024-06-18 15:28:40,2024-06-18 20:01:34,0.0,done,2024-06-18 20:03:57
OF-2024-02507,ART-U24,Usinage,173.0,Aluminium,Vert,117,MCH-02,CNC_FAST,2024-08-28 15:08:12,2024-08-28 18:09:31,0.0,done,2024-08-28 18:11:17
OF-2024-02508,ART-U32,Usinage,131.7,Aluminium,Gris,26,MCH-04,CNC_STD,2024-05-27 18:59:22,2024-05-27 19:55:25,0.0,done,2024-05-27 19:58:53
OF-2024-02509,ART-U16,Usinage,144.1,Aluminium,Noir,69,MCH-02,CNC_FAST,2024-01-23 18:43:01,2024-01-23 20:32:18,26.8,done,2024-01-23 20:34:57
OF-2024-02510,ART-S29,Soudure,90.9,Aluminium,Vert,269,MCH-08,MANUAL,2024-01-14 20:31:46,2024-01-15 11:05:45,0.0,done,2024-01-15 11:06:53
OF-2024-02511,ART-U28,Usinage,115.2,Aluminium,Bleu,47,MCH-03,CNC_STD,2024-01-12 10:06:27,2024-01-12 11:42:30,6.2,done,2024-01-12 11:43:50
OF-2024-02512,ART-S29,Soudure,90.9,Aluminium,Vert,59,MCH-11,ROBOT_CELL,2024-05-01 11:31:01,2024-05-01 14:02:07,46.3,done,2024-05-01 14:06:43
OF-2024-02513,ART-U20,Usinage,23.4,Titane,Rouge,182,MCH-05,CNC_STD,2024-01-29 21:51:04,2024-01-30 01:58:08,0.0,done,2024-01-30 01:58:48
OF-2024-02514,ART-S13,Soudure,74.7,Acier,Jaune,60,MCH-06,MANUAL,2024-03-22 11:13:23,2024-03-22 16:26:57,16.0,done,2024-03-22 16:27:39
OF-2024-02515,ART-F19-MM,Finition,100.8,Aluminium,Gris,34,MCH-02,CNC_FAST,2024-03-12 15:28:30,2024-03-12 15:51:48,0.0,done,2024-03-12 15:53:41
OF-2024-02516,ART-F19,Finition,100.8,Aluminium,Gris,30,MCH-06,MANUAL,2024-07-25 15:44:10,2024-07-25 16:27:02,0.0,done,2024-07-25 16:30:30
OF-2024-02517,ART-S13,Soudure,74.7,Acier,Jaune,5,MCH-08,MANUAL,2024-08-23 09:36:48,2024-08-23 10:43:03,0.0,done,2024-08-23 10:43:42
OF-2024-02518,art-a06,Assemblage,21.3,Acier,Noir,44,MCH-08,MANUAL,2024-06-26 20:53:44,2024-06-26 21:46:42,5.0,done,2024-06-26 21:48:18
OF-2024-02519,ART-U20,Usinage,23.4,Titane,Rouge,79,MCH-02,CNC_FAST,2024-01-11 16:04:31,2024-01-11 17:58:29,0.0,done,2024-01-11 18:01:19
OF-2024-02520,ART-A26,Assemblage,183.1,Inox,Rouge,7,MCH-08,MANUAL,2024-02-15 16:19:00,2024-02-15 16:58:35,5.3,done,2024-02-15 17:02:19
OF-2024-02521,art-f19,Finition,100.8,Aluminium,Gris,34,MCH-01,CNC_FAST,2024-01-17 12:28:18,2024-01-17 12:52:47,0.0,done,2024-01-17 12:55:33
OF-2024-02522,ART-S13,Soudure,74.7,Acier,Jaune,358,MCH-10,ROBOT_CELL,2024-06-01 21:55:10,2024-06-02 09:36:40,0.0,done,2024-06-02 09:39:30
OF-2024-02523,ART-U32,Usinage,131.7,Aluminium,Gris,36,MCH-01,CNC_FAST,2024-02-04 11:39:55,,0.0,aborted,2024-02-04 12:40:01
OF-2024-02524,ART-U32,Usinage,131.7,Aluminium,Gris,225,MCH-02,CNC_FAST,2024-08-29 06:31:10,2024-08-29 12:14:48,72.0,done,2024-08-29 12:19:38
OF-2024-02525,ART-A34,Assemblage,59.7,Aluminium,Jaune,5,MCH-03,CNC_STD,2024-03-29 13:33:04,2024-03-29 13:48:30,0.0,done,2024-03-29 13:51:37
OF-2024-02526,ART-U32,Usinage,131.7,Aluminium,Gris,14,MCH-02,CNC_FAST,2024-07-23 15:04:06,2024-07-23 15:29:32,0.0,done,2024-07-23 15:32:10
OF-2024-02527,art-a06,Assemblage,21.3,Acier,Noir,299,MCH-03,CNC_STD,2024-04-27 12:32:25,2024-04-27 15:15:48,0.0,done,2024-04-27 15:18:53
OF-2024-02528,ART-U04,Usinage,186.4,Inox,Rouge,173,MCH-03,CNC_STD,2024-06-07 09:58:48,2024-06-07 09:58:48,0.0,done,2024-06-07 23:09:21
OF-2024-02529,ART-F15,Finition,196.8,Titane,Jaune,52,MCH-08,MANUAL,2024-08-30 12:32:09,2024-08-30 15:31:13,0.0,done,2024-08-30 15:34:01
OF-2024-02530,ART-A10,Assemblage,48.9,Aluminium,Jaune,62,MCH-06,MANUAL,2024-01-08 18:32:21,2024-01-08 19:59:40,18.4,done,2024-01-08 20:01:42
OF-2024-02531,ART-U28,Usinage,115.2,Aluminium,Bleu,79,MCH-01,CNC_FAST,2024-03-10 14:25:41,2024-03-10 15:54:42,0.0,done,2024-03-10 15:58:37
OF-2024-02532,art-u08,Usinage,22.6,Inox,Noir,26,MCH-03,CNC_STD,2024-02-27 15:50:48,2024-02-27 16:21:35,4.3,done,2024-02-27 16:24:07
OF-2024-02533,ART-A22,Assemblage,105.9,Aluminium,Noir,80,MCH-11,ROBOT_CELL,2024-08-16 19:34:33,2024-08-16 20:44:59,0.0,done,2024-08-16 20:48:53
OF-2024-02534,ART-S09,Soudure,11.4,Acier,Jaune,77,MCH-08,MANUAL,2024-03-21 16:26:56,2024-03-21 18:51:33,0.0,done,2024-03-21 18:55:11
OF-2024-02535,ART-S29,Soudure,90.9,Aluminium,Vert,42,MCH-06,MANUAL,2024-08-22 08:47:34,2024-08-22 12:14:55,51.0,done,2024-08-22 12:18:44
OF-2024-02536,ART-A22,Assemblage,105.9,Aluminium,Noir,24,MCH-07,MANUAL,22/04/2024 07:19,22/04/2024 08:16,0.0,done,22/04/2024 08:16
OF-2024-02537,ART-S25,Soudure,151.9,Acier,Bleu,185,MCH-07,MANUAL,09/07/2024 06:02,10/07/2024 05:41,0.0,done,10/07/2024 05:45
OF-2024-02538,ART-U32,Usinage,131.7,Aluminium,Gris,67,MCH-02,CNC_FAST,2024-01-25 08:00:05,2024-01-25 09:37:55,30.2,done,2024-01-25 09:40:19
OF-2024-02539,art-u32,Usinage,131.7,Aluminium,Gris,26,MCH-02,CNC_FAST,2024-05-13 11:45:25,2024-05-13 12:27:17,0.0,done,2024-05-13 12:31:34
OF-2024-02540,ART-U08,Usinage,22.6,Inox,Noir,19,MCH-01,CNC_FAST,2024-06-21 06:17:40,2024-06-21 06:36:56,0.0,done,2024-06-21 06:39:04
OF-2024-02541,ART-F27,Finition,162.2,Titane,Rouge,52,MCH-01,CNC_FAST,2024-05-14 16:33:11,2024-05-14 17:36:51,7.9,done,2024-05-14 17:38:59
OF-2024-02542,ART-U28,Usinage,115.2,Aluminium,Bleu,61,MCH-01,CNC_FAST,2024-01-16 08:46:57,2024-01-16 09:58:00,0.0,done,2024-01-16 09:59:14
OF-2024-02543,ART-U28,Usinage,115.2,Aluminium,Bleu,63,MCH-04,CNC_STD,2024-01-09 15:04:16,2024-01-09 17:19:28,0.0,done,2024-01-09 17:20:36
OF-2024-02544,ART-U08,Usinage,22.6,Inox,Noir,30,MCH-02,CNC_FAST,2024-03-31 18:20:24,2024-03-31 18:53:52,0.0,done,2024-03-31 18:54:38
OF-2024-02545,ART-U16,Usinage,144.1,Aluminium,Noir,284,MCH-03,CNC_STD,2024-03-07 08:31:51,2024-03-07 15:54:05,109.9,done,2024-03-07 15:56:49
OF-2024-02546,ART-F27,Finition,162.2,Titane,Rouge,209,MCH-07,MANUAL,25/08/2024 11:45,25/08/2024 21:22,84.8,done,25/08/2024 21:27
OF-2024-02547,ART-F15,Finition,196.8,Titane,Jaune,67,MCH-06,MANUAL,2024-01-22 20:54:42,2024-01-23 01:05:56,0.0,done,2024-01-23 01:06:41
OF-2024-02548,ART-U08,Usinage,22.6,Inox,Noir,40,MCH-01,CNC_FAST,2024-03-04 13:05:37,2024-03-04 13:39:40,0.0,done,2024-03-04 13:43:51
OF-2024-02549,ART-U16,Usinage,144.1,Aluminium,Noir,21,MCH-02,CNC_FAST,2024-07-02 19:17:33,2024-07-02 20:03:07,0.0,done,2024-07-02 20:06:00
OF-2024-02550,ART-U04,Usinage,186.4,Inox,Rouge,34,MCH-05,CNC_STD,2024-07-24 09:01:53,2024-07-24 11:32:07,0.0,done,2024-07-24 11:36:33
OF-2024-02551,ART-U24,Usinage,173.0,Aluminium,Vert,375,MCH-05,CNC_STD,2024-08-22 07:29:12,2024-08-22 20:19:44,61.4,done,2024-08-22 20:23:29
OF-2024-02552,ART-U12,Usinage,23.0,Titane,Noir,42,MCH-02,CNC_FAST,2024-07-29 06:40:01,2024-07-29 07:31:27,0.0,done,2024-07-29 07:32:17
OF-2024-02553,ART-U04,Usinage,186.4,Inox,Rouge,378,MCH-05,CNC_STD,2024-01-13 07:01:55,2024-01-14 09:40:28,0.0,done,2024-01-14 09:42:09
OF-2024-02554,ART-U28,Usinage,115.2,Aluminium,Bleu,70,MCH-03,CNC_STD,2024-07-05 15:29:39,2024-07-05 17:39:01,0.0,done,2024-07-05 17:41:22
OF-2024-02555,ART-F19,Finition,100.8,Aluminium,Gris,30,MCH-02,CNC_FAST,2024-03-21 20:16:39,2024-03-21 20:41:33,0.0,done,2024-03-21 20:44:36
OF-2024-02556,ART-A10,Assemblage,48.9,Aluminium,Jaune,16,MCH-10,ROBOT_CELL,2024-06-24 21:59:36,2024-06-24 22:16:32,3.2,done,2024-06-24 22:20:22
OF-2024-02557,ART-U16,Usinage,144.1,Aluminium,Noir,286,MCH-03,CNC_STD,2024-05-28 08:14:36,2024-05-28 16:09:51,0.0,done,2024-05-28 16:13:10
OF-2024-02558,ART-F39,Finition,157.5,Titane,Jaune,183,MCH-01,CNC_FAST,2024-08-06 13:07:38,2024-08-06 16:42:55,0.0,done,2024-08-06 16:44:16
OF-2024-02559,ARTF11,Finition,147.9,Acier,Gris,211,MCH-08,MANUAL,2024-08-16 07:29:04,2024-08-16 11:59:37,89.5,done,2024-08-16 12:00:46
OF-2024-02560,ART-A02,Assemblage,36.9,Aluminium,Vert,22,MCH-12,ROBOT_CELL,2024-08-02 16:00:26,2024-08-02 16:20:52,0.0,done,2024-08-02 16:23:10
OF-2024-02561,ART-S29,Soudure,90.9,Aluminium,Vert,29,MCH-10,ROBOT_CELL,2024-01-24 10:08:17,2024-01-24 11:36:39,0.0,done,2024-01-24 11:41:39
OF-2024-02562,ART-S29,Soudure,90.9,Aluminium,Vert,46,MCH-10,ROBOT_CELL,2024-04-14 13:35:49,2024-04-14 15:49:59,0.0,done,2024-04-14 15:52:50
OF-2024-02563,ART-F11,Finition,147.9,Acier,Gris,44,MCH-06,MANUAL,2024-01-20 16:58:34,2024-01-20 18:16:34,25.5,done,2024-01-20 18:21:30
OF-2024-02564,ART-U16,Usinage,144.1,Aluminium,Noir,376,MCH-04,CNC_STD,2024-08-02 18:16:44,2024-08-03 08:10:21,61.2,done,2024-08-03 08:14:21
OF-2024-02565,ART-F11,Finition,147.9,Acier,Gris,146,MCH-01,CNC_FAST,2024-07-26 12:05:05,2024-07-26 13:36:22,0.0,done,2024-07-26 13:38:04
OF-2024-02566,ART-F23,Finition,23.0,Acier,Gris,103,MCH-02,CNC_FAST,2024-07-15 16:20:40,,0.0,aborted,2024-07-15 16:59:09
OF-2024-02567,ART-S21,Soudure,45.5,Inox,Vert,235,MCH-09,ROBOT_CELL,2024-02-26 20:02:30,,0.0,running,2024-02-27 04:48:29
OF-2024-02568,ART-A06,Assemblage,21.3,Acier,Noir,54,MCH-04,CNC_STD,2024-02-15 09:55:44,2024-02-15 10:29:23,0.0,done,2024-02-15 10:32:55
OF-2024-02569,ART-S29,Soudure,90.9,Aluminium,Vert,49,MCH-11,ROBOT_CELL,2024-03-09 11:29:16,2024-03-09 13:17:28,0.0,done,2024-03-09 13:19:12
OF-2024-02570,ART-S25,Soudure,151.9,Acier,Bleu,129,MCH-06,MANUAL,2024-02-22 19:15:03,,0.0,running,2024-02-23 07:26:21
OF-2024-02571,ART-U32,Usinage,131.7,Aluminium,Gris,67,MCH-05,CNC_STD,2024-08-06 20:18:49,2024-08-06 22:36:06,44.9,done,2024-08-06 22:38:58
OF-2024-02572,ART-S13,Soudure,74.7,Acier,Jaune,18,MCH-11,ROBOT_CELL,2024-04-05 08:50:09,2024-04-05 10:14:00,5.5,done,2024-04-05 10:18:56
OF-2024-02573,ART-U00,Usinage,184.0,Inox,Jaune,35,MCH-02,CNC_FAST,2024-01-16 14:50:44,2024-01-16 16:16:04,0.0,done,2024-01-16 16:17:53
OF-2024-02574,ART-A18,Assemblage,15.6,Inox,Rouge,31,MCH-10,ROBOT_CELL,2024-04-13 07:41:10,2024-04-13 08:02:14,0.0,done,2024-04-13 08:04:34
OF-2024-02575,ART-S21,Soudure,45.5,Inox,Vert,228,MCH-10,ROBOT_CELL,2024-06-17 06:32:04,2024-06-17 14:29:16,0.0,done,2024-06-17 14:32:54
OF-2024-02576,ART-U04,Usinage,186.4,Inox,Rouge,43,MCH-04,CNC_STD,2024-08-06 21:22:03,2024-08-07 00:29:05,0.0,done,2024-08-07 00:30:20
OF-2024-02577,ART-S29,Soudure,90.9,Aluminium,Vert,52,MCH-07,MANUAL,05/04/2024 11:38,05/04/2024 16:26,0.0,done,05/04/2024 16:30
OF-2024-02578,ART-S05,Soudure,38.9,Acier,Vert,363,MCH-07,MANUAL,11/07/2024 08:37,11/07/2024 22:27,235.7,done,11/07/2024 22:32
OF-2024-02579,ART-F19,Finition,100.8,Aluminium,Gris,28,MCH-08,MANUAL,2024-05-26 09:04:21,2024-05-26 09:33:32,2.9,done,2024-05-26 09:35:05
OF-2024-02580,ART-U24,Usinage,173.0,Aluminium,Vert,28,MCH-01,CNC_FAST,2024-01-05 10:55:45,2024-01-05 11:59:45,18.7,done,2024-01-05 12:02:44
OF-2024-02581,ART-F27,Finition,162.2,Titane,Rouge,13,MCH-02,CNC_FAST,2024-03-13 12:42:20,2024-03-13 13:06:31,5.5,done,2024-03-13 13:10:51
OF-2024-02582,ART-U24,Usinage,173.0,Aluminium,Vert,25,MCH-05,CNC_STD,2024-08-14 19:12:41,2024-08-14 20:30:21,0.0,done,2024-08-14 20:33:51
OF-2024-02583,ART-A22,Assemblage,105.9,Aluminium,Noir,10,MCH-09,ROBOT_CELL,2024-08-28 10:51:19,2024-08-28 11:12:09,0.0,done,2024-08-28 11:12:43
OF-2024-02584,ART-A02,Assemblage,36.9,Aluminium,Vert,40,MCH-09,ROBOT_CELL,2024-02-04 16:53:39,2024-02-04 17:27:53,0.0,done,2024-02-04 17:32:49
OF-2024-02585,ART-U16,Usinage,144.1,Aluminium,Noir,6,MCH-01,CNC_FAST,2024-05-26 07:00:41,2024-05-26 07:26:21,0.0,done,2024-05-26 07:30:32
OF-2024-02586,ART-S29,Soudure,90.9,Aluminium,Vert,73,MCH-07,MANUAL,14/07/2024 08:45,14/07/2024 14:17,0.0,done,14/07/2024 14:20
OF-2024-02587,ART-S13,Soudure,74.7,Acier,Jaune,231,MCH-06,MANUAL,2024-06-03 09:27:51,2024-06-03 21:36:47,130.6,done,2024-06-03 21:39:43
OF-2024-02588,ART-U28,Usinage,115.2,Aluminium,Bleu,78,MCH-05,CNC_STD,2024-06-18 09:26:36,2024-06-18 11:17:09,0.0,done,2024-06-18 11:18:49
OF-2024-02589,ART-F07,Finition,147.0,Acier,Gris,319,MCH-06,MANUAL,2024-05-18 13:07:19,2024-05-18 18:13:20,0.0,done,2024-05-18 18:15:11
OF-2024-02590,ART-A06,Assemblage,21.3,Acier,Noir,11,MCH-09,ROBOT_CELL,2024-08-31 18:44:28,2024-08-31 18:56:40,0.0,done,2024-08-31 18:59:03
OF-2024-02591,ART-U12,Usinage,23.0,Titane,Noir,149,MCH-03,CNC_STD,2024-02-19 20:22:02,2024-02-19 23:22:59,22.4,done,2024-02-19 23:25:15
OF-2024-02592,  ART-U08 ,Usinage,22.6,Inox,Noir,396,MCH-05,CNC_STD,2024-08-26 21:53:05,,0.0,running,2024-08-27 03:25:54
OF-2024-02593,ART-U00,Usinage,184.0,Inox,Jaune,131,MCH-05,CNC_STD,2024-04-14 16:39:31,2024-04-14 23:49:02,75.9,done,2024-04-14 23:49:59
OF-2024-02594,ART-F15,Finition,196.8,Titane,Jaune,224,MCH-01,CNC_FAST,2024-08-14 11:48:25,2024-08-14 17:10:46,0.0,done,2024-08-14 17:12:23
OF-2024-02595,ART-U04,Usinage,186.4,Inox,Rouge,18,MCH-05,CNC_STD,2024-04-08 21:26:21,2024-04-08 22:55:02,0.0,done,2024-04-08 22:57:32
OF-2024-02596,ART-U28,Usinage,115.2,Aluminium,Bleu,51,MCH-04,CNC_STD,2024-05-22 17:06:40,2024-05-22 18:29:49,0.0,done,2024-05-22 18:31:18
OF-2024-02597,  ART-U32 ,Usinage,131.7,Aluminium,Gris,386,MCH-01,CNC_FAST,2024-05-19 11:13:24,2024-05-19 18:12:56,0.0,done,2024-05-19 18:14:26
OF-2024-02598,ART-U32,Usinage,131.7,Aluminium,Gris,80,MCH-01,CNC_FAST,2024-01-15 06:36:36,2024-01-15 08:11:11,0.0,done,2024-01-15 08:12:06
OF-2024-02599,ART-A38,Assemblage,165.3,Titane,Noir,25,MCH-05,CNC_STD,2024-07-31 07:19:12,2024-07-31 08:50:02,0.0,done,2024-07-31 08:52:20
OF-2024-02600,ART-S29,Soudure,90.9,Aluminium,Vert,123,MCH-06,MANUAL,2024-07-21 21:24:35,2024-07-22 06:31:29,0.0,done,2024-07-22 06:33:37
OF-2024-02601,ART-U32,Usinage,131.7,Aluminium,Gris,234,MCH-03,CNC_STD,2024-05-18 11:45:18,2024-05-18 18:34:09,0.0,done,2024-05-18 18:38:53
OF-2024-02602,ART-U28,Usinage,115.2,Aluminium,Bleu,49,MCH-03,CNC_STD,2024-07-29 11:54:53,2024-07-29 13:05:53,20.7,done,2024-07-29 13:09:18
OF-2024-02603,ART-A22,Assemblage,105.9,Aluminium,Noir,366,MCH-07,MANUAL,03/05/2024 15:25,03/05/2024 21:11,0.0,done,03/05/2024 21:14
OF-2024-02604,ART-A10,Assemblage,48.9,Aluminium,Jaune,27,MCH-08,MANUAL,2024-08-29 20:50:28,2024-08-29 21:38:21,0.0,done,2024-08-29 21:43:08
OF-2024-02605,ART-S25,Soudure,151.9,Acier,Bleu,18,MCH-09,ROBOT_CELL,2024-08-21 18:54:27,2024-08-21 20:38:35,25.9,done,2024-08-21 20:40:57
OF-2024-02606,ART-F11,Finition,147.9,Acier,Gris,136,MCH-08,MANUAL,2024-07-18 19:55:18,2024-07-18 22:35:54,28.5,done,2024-07-18 22:38:48
OF-2024-02607,ART-S25,Soudure,151.9,Acier,Bleu,148,MCH-10,ROBOT_CELL,2024-07-11 17:22:26,2024-07-12 02:28:24,0.0,done,2024-07-12 02:33:00
OF-2024-02608,ART-A06,Assemblage,21.3,Acier,Noir,152,MCH-05,CNC_STD,2024-06-23 15:22:01,2024-06-23 16:33:37,0.0,done,2024-06-23 16:35:34
OF-2024-02609,ART-F15,Finition,196.8,Titane,Jaune,113,MCH-08,MANUAL,2024-06-11 09:05:58,2024-06-11 13:26:47,0.0,done,2024-06-11 13:29:50
OF-2024-02610,ART-U28,Usinage,115.2,Aluminium,Bleu,9,MCH-02,CNC_FAST,2024-02-20 16:07:41,2024-02-20 16:30:13,1.6,done,2024-02-20 16:31:38
OF-2024-02611,ART-U20,Usinage,23.4,Titane,Rouge,34,MCH-05,CNC_STD,2024-08-08 18:21:19,2024-08-08 19:30:53,23.4,done,2024-08-08 19:35:30
OF-2024-02612,ART-S13,Soudure,74.7,Acier,Jaune,325,MCH-11,ROBOT_CELL,2024-03-14 13:57:01,2024-03-15 05:01:15,0.0,done,2024-03-15 05:02:46
OF-2024-02613,ART-U32,Usinage,131.7,Aluminium,Gris,30,MCH-02,CNC_FAST,2024-02-29 08:17:22,2024-02-29 09:13:25,8.8,done,2024-02-29 09:17:00
OF-2024-02614,ART-U08-MM,Usinage,22.6,Inox,Noir,20,MCH-03,CNC_STD,2024-05-02 14:20:30,2024-05-02 14:52:50,0.0,done,2024-05-02 14:53:51
OF-2024-02615,ART-U32,Usinage,131.7,Aluminium,Gris,375,MCH-05,CNC_STD,2024-02-28 14:25:36,2024-02-28 23:51:17,64.0,done,2024-02-28 23:51:58
OF-2024-02616,ART-U20,Usinage,23.4,Titane,Rouge,213,MCH-01,CNC_FAST,2024-02-27 09:39:27,2024-02-27 13:27:09,0.0,done,2024-02-27 13:28:27
OF-2024-02617,ART-U12-MM,Usinage,23.0,Titane,Noir,58,MCH-01,CNC_FAST,2024-05-31 18:45:52,2024-05-31 19:45:49,0.0,done,2024-05-31 19:46:57
OF-2024-02618,ART-A02,Assemblage,36.9,Aluminium,Vert,7,MCH-11,ROBOT_CELL,2024-07-18 21:44:28,2024-07-18 21:52:53,0.0,done,2024-07-18 21:54:18
OF-2024-02619,ART-A26,Assemblage,183.1,Inox,Rouge,32,MCH-03,CNC_STD,2024-05-15 18:54:18,2024-05-15 20:02:04,0.0,done,2024-05-15 20:02:35
OF-2024-02620,ART-U24,Usinage,173.0,Aluminium,Vert,171,MCH-01,CNC_FAST,2024-06-21 10:49:46,2024-06-21 15:15:07,0.0,done,2024-06-21 15:17:20
OF-2024-02621,ART-F31,Finition,25.3,Inox,Gris,69,MCH-07,MANUAL,17/01/2024 21:51,17/01/2024 23:02,0.0,done,17/01/2024 23:06
OF-2024-02622,art-a06,Assemblage,21.3,Acier,Noir,169,MCH-04,CNC_STD,2024-02-20 11:23:12,2024-02-20 13:05:57,0.0,done,2024-02-20 13:08:44
OF-2024-02623,ART-A30,Assemblage,130.4,Acier,Gris,24,MCH-11,ROBOT_CELL,2024-01-26 06:39:39,2024-01-26 07:14:39,5.5,done,2024-01-26 07:18:43
OF-2024-02624,ART-U20,Usinage,23.4,Titane,Rouge,63,MCH-05,CNC_STD,2024-07-22 12:40:03,2024-07-22 14:20:59,27.7,done,2024-07-22 14:25:58
OF-2024-02625,ART-S09,Soudure,11.4,Acier,Jaune,76,MCH-11,ROBOT_CELL,2024-08-27 09:28:37,2024-08-27 10:56:12,18.6,done,2024-08-27 10:56:51
OF-2024-02626,ART-A26,Assemblage,183.1,Inox,Rouge,49,MCH-04,CNC_STD,2024-04-14 16:46:22,2024-04-14 18:57:32,24.9,done,2024-04-14 19:00:06
OF-2024-02627,ART-F15,Finition,196.8,Titane,Jaune,7,MCH-07,MANUAL,23/03/2024 08:46,23/03/2024 09:30,6.3,done,23/03/2024 09:32
OF-2024-02628,ART-U04,Usinage,186.4,Inox,Rouge,55,MCH-01,CNC_FAST,2024-01-01 06:28:11,2024-01-01 09:47:19,0.0,done,2024-01-01 09:49:37
OF-2024-02629,ART-U20,Usinage,23.4,Titane,Rouge,63,MCH-01,CNC_FAST,2024-07-02 08:41:55,2024-07-02 10:10:18,0.0,done,2024-07-02 10:13:18
OF-2024-02630,ART-U04,Usinage,186.4,Inox,Rouge,7,MCH-04,CNC_STD,2024-06-22 19:20:42,2024-06-22 20:03:28,9.4,done,2024-06-22 20:05:22
OF-2024-02631,ART-U04,Usinage,186.4,Inox,Rouge,12,MCH-04,CNC_STD,2024-05-04 07:51:59,2024-05-04 08:53:11,0.0,done,2024-05-04 08:58:03
OF-2024-02632,ART-F15,Finition,196.8,Titane,Jaune,45,MCH-06,MANUAL,2024-02-11 14:03:37,2024-02-11 16:35:41,0.0,done,2024-02-11 16:40:25
OF-2024-02633,ART-U08,Usinage,22.6,Inox,Noir,31,MCH-03,CNC_STD,2024-06-10 06:48:05,2024-06-10 07:26:21,0.0,done,2024-06-10 07:28:38
OF-2024-02634,ART-U32,Usinage,131.7,Aluminium,Gris,68,MCH-01,CNC_FAST,2024-05-12 16:29:38,2024-05-12 18:09:10,26.1,done,2024-05-12 18:13:59
OF-2024-02635,ART-U24,Usinage,173.0,Aluminium,Vert,157,MCH-02,CNC_FAST,2024-04-19 07:06:57,2024-04-19 10:12:53,63.8,done,2024-04-19 10:17:06
OF-2024-02636,ART-F19,Finition,100.8,Aluminium,Gris,8,MCH-06,MANUAL,2024-05-10 09:24:46,2024-05-10 09:51:49,0.0,done,2024-05-10 09:55:19
OF-2024-02637,ART-S33,Soudure,195.1,Inox,Gris,35,MCH-08,MANUAL,2024-08-20 22:01:33,2024-08-21 03:35:32,0.0,done,2024-08-21 03:39:23
OF-2024-02638,ARTU16,Usinage,144.1,Aluminium,Noir,64,MCH-01,CNC_FAST,2024-04-27 19:25:49,2024-04-27 21:17:10,0.0,done,2024-04-27 21:21:11
OF-2024-02639,ART-S21,Soudure,45.5,Inox,Vert,261,MCH-10,ROBOT_CELL,2024-05-31 17:13:11,2024-06-01 03:40:41,177.0,done,2024-06-01 03:45:25
OF-2024-02640,art-u12,Usinage,23.0,Titane,Noir,180,MCH-01,CNC_FAST,2024-07-06 12:41:11,2024-07-06 15:06:56,0.0,done,2024-07-06 15:08:29
OF-2024-02641,art-a06,Assemblage,21.3,Acier,Noir,42,MCH-07,MANUAL,09/01/2024 09:02,09/01/2024 09:47,0.0,done,09/01/2024 09:50
OF-2024-02642,ART-U16,Usinage,144.1,Aluminium,Noir,33,MCH-02,CNC_FAST,2024-05-18 12:54:32,2024-05-18 14:08:23,0.0,done,2024-05-18 14:13:19
OF-2024-02643,ART-A18,Assemblage,15.6,Inox,Rouge,30,MCH-10,ROBOT_CELL,2024-02-16 11:32:53,2024-02-16 11:50:09,0.9,done,2024-02-16 11:52:38
OF-2024-02644,ART-F19,Finition,100.8,Aluminium,Gris,29,MCH-06,MANUAL,2024-01-14 12:10:03,2024-01-14 12:57:31,0.0,done,2024-01-14 12:59:17
OF-2024-02645,art-u08,Usinage,22.6,Inox,Noir,265,MCH-04,CNC_STD,2024-06-12 08:10:46,2024-06-12 12:41:31,0.0,done,2024-06-12 12:43:37
OF-2024-02646,ART-A22,Assemblage,105.9,Aluminium,Noir,33,MCH-09,ROBOT_CELL,2024-03-17 19:22:20,2024-03-17 19:59:34,6.8,done,2024-03-17 20:00:10
OF-2024-02647,ART-U28,Usinage,115.2,Aluminium,Bleu,52,MCH-05,CNC_STD,2024-05-18 15:27:39,2024-05-18 17:23:39,8.6,done,2024-05-18 17:26:19
OF-2024-02648,ART-F11-MM,Finition,147.9,Acier,Gris,50,MCH-01,CNC_FAST,2024-02-05 12:51:20,2024-02-05 13:28:32,4.2,done,2024-02-05 13:33:07
OF-2024-02649,ART-F27,Finition,162.2,Titane,Rouge,271,MCH-06,MANUAL,2024-01-25 07:49:27,2024-01-25 17:37:31,85.9,done,2024-01-25 17:39:03
OF-2024-02650,ART-A18,Assemblage,15.6,Inox,Rouge,69,MCH-10,ROBOT_CELL,2024-02-26 19:20:03,2024-02-26 19:56:11,0.0,done,2024-02-26 19:59:13
OF-2024-02651,ART-A26,Assemblage,183.1,Inox,Rouge,25,MCH-08,MANUAL,2024-08-18 17:28:02,2024-08-18 19:04:22,0.0,done,2024-08-18 19:08:52
OF-2024-02652,ART-U24,Usinage,173.0,Aluminium,Vert,344,MCH-02,CNC_FAST,2024-08-01 13:47:15,2024-08-01 21:09:39,111.3,done,2024-08-01 21:10:44
OF-2024-02653,ART-S13,Soudure,74.7,Acier,Jaune,62,MCH-07,MANUAL,10/07/2024 13:58,10/07/2024 19:40,0.0,done,10/07/2024 19:42
OF-2024-02654,ARTU16,Usinage,144.1,Aluminium,Noir,30,MCH-02,CNC_FAST,2024-08-11 09:21:16,2024-08-11 10:06:01,13.8,done,2024-08-11 10:09:50
OF-2024-02655,ART-U04,Usinage,186.4,Inox,Rouge,80,MCH-03,CNC_STD,2024-05-11 13:26:13,2024-05-11 19:39:39,124.2,done,2024-05-11 19:43:31
OF-2024-02656,ART-U04,Usinage,186.4,Inox,Rouge,49,MCH-04,CNC_STD,2024-03-24 08:04:02,2024-03-25 20:03:43,0.0,done,2024-03-25 20:05:47
OF-2024-02657,ART-A26,Assemblage,183.1,Inox,Rouge,31,MCH-06,MANUAL,2024-01-25 09:34:02,,0.0,running,2024-01-25 11:30:50
OF-2024-02658,ART-U04,Usinage,186.4,Inox,Rouge,70,MCH-02,CNC_FAST,2024-03-25 15:02:54,2024-03-25 18:25:23,48.2,done,2024-03-25 18:28:10
OF-2024-02659,ART-U24,Usinage,173.0,Aluminium,Vert,20,MCH-01,CNC_FAST,2024-03-25 14:08:12,2024-03-25 14:39:54,0.0,done,2024-03-25 14:42:50
OF-2024-02660,ART-U24,Usinage,173.0,Aluminium,Vert,241,MCH-02,CNC_FAST,2024-04-16 19:49:02,2024-04-17 00:54:35,0.0,done,2024-04-17 00:59:26
OF-2024-02661,ART-F07,Finition,147.0,Acier,Gris,194,MCH-02,CNC_FAST,2024-07-25 06:28:16,,0.0,running,2024-07-25 08:26:03
OF-2024-02662,ART-S25,Soudure,151.9,Acier,Bleu,57,MCH-10,ROBOT_CELL,2024-06-05 09:11:41,2024-06-05 13:05:03,40.6,done,2024-06-05 13:09:08
OF-2024-02663,ART-A10,Assemblage,48.9,Aluminium,Jaune,54,MCH-04,CNC_STD,2024-04-25 10:16:25,2024-04-25 11:13:35,0.0,done,2024-04-25 11:16:29
OF-2024-02664,ART-U24,Usinage,173.0,Aluminium,Vert,182,MCH-02,CNC_FAST,2024-06-15 16:48:52,2024-06-15 20:43:31,0.0,done,2024-06-15 20:46:57
OF-2024-02665,ART-S25,Soudure,151.9,Acier,Bleu,71,MCH-08,MANUAL,2024-07-26 12:39:44,,84.4,running,2024-07-26 19:30:24
OF-2024-02666,ART-U08-MM,Usinage,22.6,Inox,Noir,277,MCH-04,CNC_STD,2024-03-09 07:27:22,2024-03-09 12:39:34,0.0,done,2024-03-09 12:41:10
OF-2024-02667,  ART-F19 ,Finition,100.8,Aluminium,Gris,363,MCH-06,MANUAL,2024-02-24 06:15:43,2024-02-24 11:00:36,95.2,done,2024-02-24 11:02:27
OF-2024-02668,ART-A06,Assemblage,21.3,Acier,Noir,147,MCH-10,ROBOT_CELL,2024-02-29 06:29:26,2024-02-29 07:33:22,0.0,done,2024-02-29 07:35:06
OF-2024-02669,ART-U32,Usinage,131.7,Aluminium,Gris,51,MCH-04,CNC_STD,2024-04-10 11:32:29,,22.7,running,2024-04-10 13:33:57
OF-2024-02670,ART-U00,Usinage,184.0,Inox,Jaune,131,MCH-03,CNC_STD,2024-02-16 20:43:05,2024-02-17 04:11:24,0.0,done,2024-02-17 04:14:52
OF-2024-02671,ART-S13,Soudure,74.7,Acier,Jaune,390,MCH-11,ROBOT_CELL,2024-07-29 13:06:46,2024-07-30 07:40:02,0.0,done,2024-07-30 07:42:42
OF-2024-02672,ART-S29,Soudure,90.9,Aluminium,Vert,48,MCH-06,MANUAL,2024-03-19 18:21:08,2024-03-19 21:53:29,0.0,done,2024-03-19 21:56:55
OF-2024-02673,ART-U04,Usinage,186.4,Inox,Rouge,291,MCH-01,CNC_FAST,2024-02-08 06:43:31,2024-02-08 18:56:49,0.0,done,2024-02-08 19:00:35
OF-2024-02674,ART-U04,Usinage,186.4,Inox,Rouge,283,MCH-01,CNC_FAST,2024-04-21 07:55:48,2024-04-21 20:56:26,0.0,done,2024-04-21 20:58:06
OF-2024-02675,ART-U04,Usinage,186.4,Inox,Rouge,11,MCH-01,CNC_FAST,2024-04-13 07:52:15,2024-04-13 08:53:41,7.7,done,2024-04-13 08:55:16
OF-2024-02676,ART-F19-MM,Finition,100.8,Aluminium,Gris,80,MCH-06,MANUAL,2024-08-29 21:03:54,2024-08-29 22:23:11,0.0,done,2024-08-29 22:27:59
OF-2024-02677,  ART-U32 ,Usinage,131.7,Aluminium,Gris,72,MCH-01,CNC_FAST,2024-01-19 20:17:49,2024-01-19 21:59:35,0.0,done,2024-01-19 22:00:15
OF-2024-02678,ART-A22,Assemblage,105.9,Aluminium,Noir,354,MCH-11,ROBOT_CELL,2024-01-16 07:46:45,2024-01-16 12:15:24,0.0,done,2024-01-16 12:19:23
OF-2024-02679,ARTA06,Assemblage,21.3,Acier,Noir,65,MCH-07,MANUAL,27/03/2024 12:52,27/03/2024 14:04,5.1,done,27/03/2024 14:08
OF-2024-02680,ART-S25,Soudure,151.9,Acier,Bleu,231,MCH-11,ROBOT_CELL,2024-03-08 06:24:32,2024-03-08 19:42:28,0.0,done,2024-03-08 19:43:27
OF-2024-02681,ART-U32,Usinage,131.7,Aluminium,Gris,53,MCH-02,CNC_FAST,2024-08-18 10:11:25,2024-08-18 11:34:46,27.0,done,2024-08-18 11:38:29
OF-2024-02682,ART-S29,Soudure,90.9,Aluminium,Vert,124,MCH-08,MANUAL,2024-03-28 17:19:03,2024-03-29 01:57:05,0.0,done,2024-03-29 02:01:27
OF-2024-02683,ARTA30,Assemblage,130.4,Acier,Gris,65,MCH-03,CNC_STD,2024-01-05 13:00:49,2024-01-05 15:07:54,9.8,done,2024-01-05 15:08:37
OF-2024-02684,ART-S33,Soudure,195.1,Inox,Gris,14,MCH-10,ROBOT_CELL,2024-02-25 06:50:48,2024-02-25 08:40:22,0.0,done,2024-02-25 08:43:11
OF-2024-02685,ART-U24,Usinage,173.0,Aluminium,Vert,11,MCH-02,CNC_FAST,2024-04-07 21:10:53,2024-04-07 21:35:53,4.0,done,2024-04-07 21:40:09
OF-2024-02686,ART-F15,Finition,196.8,Titane,Jaune,79,MCH-08,MANUAL,2024-04-14 06:25:46,2024-04-14 10:18:31,0.0,done,2024-04-14 10:21:52
OF-2024-02687,ART-F31,Finition,25.3,Inox,Gris,16,MCH-08,MANUAL,2024-07-18 18:53:18,2024-07-18 19:16:53,0.0,done,2024-07-18 19:21:25
OF-2024-02688,ART-U00,Usinage,184.0,Inox,Jaune,8,MCH-04,CNC_STD,2024-08-17 09:26:48,2024-08-17 10:08:17,3.4,done,2024-08-17 10:09:21
OF-2024-02689,ART-F19,Finition,100.8,Aluminium,Gris,49,MCH-01,CNC_FAST,2024-06-25 08:24:40,2024-06-25 08:49:00,0.0,done,2024-06-25 08:53:16
OF-2024-02690,ART-U04,Usinage,186.4,Inox,Rouge,235,MCH-02,CNC_FAST,2024-02-03 19:34:06,2024-02-04 06:37:34,178.1,done,2024-02-04 06:41:02
OF-2024-02691,ART-S29,Soudure,90.9,Aluminium,Vert,36,MCH-11,ROBOT_CELL,2024-06-11 07:29:14,2024-06-11 09:22:38,11.3,done,2024-06-11 09:26:10
OF-2024-02692,ART-U28,Usinage,115.2,Aluminium,Bleu,218,MCH-02,CNC_FAST,2024-05-09 14:05:06,2024-05-09 17:47:13,31.6,done,2024-05-09 17:49:20
OF-2024-02693,art-f19,Finition,100.8,Aluminium,Gris,44,MCH-08,MANUAL,2024-03-01 06:38:51,2024-03-01 07:46:56,0.0,done,2024-03-01 07:48:06
OF-2024-02694,ART-F15,Finition,196.8,Titane,Jaune,51,MCH-06,MANUAL,2024-08-17 16:02:08,2024-08-17 18:41:02,0.0,done,2024-08-17 18:45:17
OF-2024-02695,ART-F27,Finition,162.2,Titane,Rouge,58,MCH-01,CNC_FAST,2024-01-04 09:03:19,2024-01-04 10:24:56,0.0,done,2024-01-04 10:28:49
OF-2024-02696,ART-S33,Soudure,195.1,Inox,Gris,42,MCH-08,MANUAL,2024-04-22 14:15:51,2024-04-22 19:19:03,48.9,done,2024-04-22 19:23:58
OF-2024-02697,ART-F11,Finition,147.9,Acier,Gris,8,MCH-01,CNC_FAST,2024-01-27 12:09:34,2024-01-27 12:22:03,0.0,done,2024-01-27 12:23:07
OF-2024-02698,ART-U32,Usinage,131.7,Aluminium,Gris,274,MCH-02,CNC_FAST,2024-04-14 09:14:32,2024-04-14 14:29:12,0.0,done,2024-04-14 14:32:49
OF-2024-02699,ARTF19,Finition,100.8,Aluminium,Gris,273,MCH-02,CNC_FAST,2024-06-19 18:00:59,,8.9,aborted,2024-06-19 20:08:42
OF-2024-02700,ART-U04,Usinage,186.4,Inox,Rouge,59,MCH-03,CNC_STD,2024-05-16 11:47:24,2024-05-16 16:45:19,0.0,done,2024-05-16 16:49:42
OF-2024-02701,ART-F15,Finition,196.8,Titane,Jaune,20,MCH-01,CNC_FAST,2024-08-23 10:13:54,2024-08-23 10:49:07,10.5,done,2024-08-23 10:53:51
OF-2024-02702,ART-S25,Soudure,151.9,Acier,Bleu,268,MCH-09,ROBOT_CELL,2024-03-05 15:50:05,2024-03-06 07:20:12,155.9,done,2024-03-06 07:22:10
OF-2024-02703,ART-U04,Usinage,186.4,Inox,Rouge,208,MCH-02,CNC_FAST,2024-08-13 12:03:03,2024-08-13 23:05:19,0.0,done,2024-08-13 23:09:57
OF-2024-02704,ART-F03,Finition,55.9,Titane,Jaune,288,MCH-08,MANUAL,2024-03-03 12:23:13,2024-03-03 19:22:52,0.0,done,2024-03-03 19:24:43
OF-2024-02705,ART-S33,Soudure,195.1,Inox,Gris,290,MCH-10,ROBOT_CELL,2024-04-29 16:38:11,2024-04-30 12:55:12,142.4,done,2024-04-30 12:57:19
OF-2024-02706,ART-F19-MM,Finition,100.8,Aluminium,Gris,62,MCH-08,MANUAL,2024-06-10 14:04:37,2024-06-10 15:10:57,0.0,done,2024-06-10 15:12:47
OF-2024-02707,ART-A06,Assemblage,21.3,Acier,Noir,11,MCH-05,CNC_STD,2024-02-26 14:55:52,2024-02-26 15:11:09,1.2,done,2024-02-26 15:13:14
OF-2024-02708,ART-U16,Usinage,144.1,Aluminium,Noir,168,MCH-02,CNC_FAST,2024-07-14 06:44:16,2024-07-14 10:27:57,0.0,done,2024-07-14 10:31:31
OF-2024-02709,ART-U24,Usinage,173.0,Aluminium,Vert,64,MCH-02,CNC_FAST,2024-08-20 12:37:44,2024-08-20 14:26:07,0.0,done,2024-08-20 14:30:51
OF-2024-02710,ART-S25,Soudure,151.9,Acier,Bleu,310,MCH-07,MANUAL,16/08/2024 14:28,17/08/2024 18:29,521.7,done,17/08/2024 18:32
OF-2024-02711,ART-U12,Usinage,23.0,Titane,Noir,141,MCH-02,CNC_FAST,2024-08-20 11:40:51,2024-08-20 13:39:13,0.0,done,2024-08-20 13:43:00
OF-2024-02712,ART-S13,Soudure,74.7,Acier,Jaune,37,MCH-07,MANUAL,26/01/2024 17:08,26/01/2024 20:10,0.0,done,26/01/2024 20:11
OF-2024-02713,ART-S29,Soudure,90.9,Aluminium,Vert,19,MCH-09,ROBOT_CELL,2024-06-03 11:17:49,2024-06-03 12:18:20,5.4,done,2024-06-03 12:19:36
OF-2024-02714,ART-U04,Usinage,186.4,Inox,Rouge,73,MCH-01,CNC_FAST,2024-01-11 18:31:17,2024-01-11 22:23:37,74.2,done,2024-01-11 22:25:23
OF-2024-02715,  ART-A06 ,Assemblage,21.3,Acier,Noir,227,MCH-05,CNC_STD,2024-04-26 19:26:12,2024-04-26 21:45:22,0.0,done,2024-04-26 21:47:52
OF-2024-02716,ART-S09,Soudure,11.4,Acier,Jaune,74,MCH-07,MANUAL,18/07/2024 17:52,,0.0,aborted,18/07/2024 20:12
OF-2024-02717,ART-S29,Soudure,90.9,Aluminium,Vert,71,MCH-07,MANUAL,01/04/2024 14:12,01/04/2024 20:00,0.0,done,01/04/2024 20:04
OF-2024-02718,ART-A22,Assemblage,105.9,Aluminium,Noir,17,MCH-04,CNC_STD,2024-04-25 07:13:02,2024-04-25 07:43:18,0.0,done,2024-04-25 07:44:41
OF-2024-02719,ART-S01,Soudure,191.3,Titane,Bleu,19,MCH-07,MANUAL,21/07/2024 06:15,21/07/2024 10:25,77.5,done,21/07/2024 10:28
OF-2024-02720,ART-U16,Usinage,144.1,Aluminium,Noir,242,MCH-01,CNC_FAST,2024-04-17 10:25:28,2024-04-17 14:45:29,64.7,done,2024-04-17 14:49:55
OF-2024-02721,ART-S29,Soudure,90.9,Aluminium,Vert,22,MCH-11,ROBOT_CELL,2024-06-13 16:27:02,2024-06-13 17:44:44,0.0,done,2024-06-13 17:46:53
OF-2024-02722,ART-F15,Finition,196.8,Titane,Jaune,244,MCH-07,MANUAL,30/01/2024 11:20,30/01/2024 21:36,0.0,done,30/01/2024 21:38
OF-2024-02723,ART-U28,Usinage,115.2,Aluminium,Bleu,76,MCH-05,CNC_STD,2024-08-28 17:33:37,2024-08-28 19:57:28,14.9,done,2024-08-28 20:01:46
OF-2024-02724,ART-U20-MM,Usinage,23.4,Titane,Rouge,146,MCH-01,CNC_FAST,2024-02-20 06:25:46,2024-02-20 09:21:10,24.0,done,2024-02-20 09:22:38
OF-2024-02725,ART-A14,Assemblage,190.7,Acier,Noir,43,MCH-10,ROBOT_CELL,2024-05-19 10:00:50,2024-05-19 11:03:04,0.0,done,2024-05-19 11:07:56
OF-2024-02726,ARTF11,Finition,147.9,Acier,Gris,42,MCH-01,CNC_FAST,2024-07-06 18:49:12,2024-07-06 19:16:43,0.0,done,2024-07-06 19:17:28
OF-2024-02727,art-s05,Soudure,38.9,Acier,Vert,33,MCH-12,ROBOT_CELL,2024-08-23 17:50:36,2024-08-23 18:51:45,0.0,done,2024-08-23 18:52:50
OF-2024-02728,ART-F31,Finition,25.3,Inox,Gris,123,MCH-08,MANUAL,2024-07-02 06:19:08,2024-07-02 07:43:28,0.0,done,2024-07-02 07:47:17
OF-2024-02729,ART-U12,Usinage,23.0,Titane,Noir,33,MCH-02,CNC_FAST,2024-08-17 18:38:07,2024-08-17 19:15:14,0.0,done,2024-08-17 19:19:15
OF-2024-02730,ART-U32,Usinage,131.7,Aluminium,Gris,9,MCH-01,CNC_FAST,2024-07-02 14:24:42,2024-07-02 14:53:14,0.0,done,2024-07-02 14:57:39
OF-2024-02731,ART-S13,Soudure,74.7,Acier,Jaune,33,MCH-08,MANUAL,2024-05-16 06:41:25,2024-05-16 09:28:56,0.0,done,2024-05-16 09:33:34
OF-2024-02732,ART-F19,Finition,100.8,Aluminium,Gris,384,MCH-07,MANUAL,29/03/2024 19:23,30/03/2024 00:27,0.0,done,30/03/2024 00:31
OF-2024-02733,ART-U08,Usinage,22.6,Inox,Noir,354,MCH-05,CNC_STD,2024-06-12 18:06:24,2024-06-12 23:21:55,0.0,done,2024-06-12 23:25:42
OF-2024-02734,ART-U04,Usinage,186.4,Inox,Rouge,56,MCH-05,CNC_STD,2024-06-30 13:42:00,2024-06-30 16:58:39,59.2,done,2024-06-30 16:59:30
OF-2024-02735,ART-F19,Finition,100.8,Aluminium,Gris,143,MCH-02,CNC_FAST,2024-05-15 06:35:41,2024-05-15 07:43:06,0.0,done,2024-05-15 07:44:28
OF-2024-02736,ART-U24,Usinage,173.0,Aluminium,Vert,185,MCH-03,CNC_STD,2024-02-22 14:04:26,2024-02-22 19:24:15,0.0,done,2024-02-22 19:25:07
OF-2024-02737,ART-A10,Assemblage,48.9,Aluminium,Jaune,178,MCH-12,ROBOT_CELL,2024-07-29 11:29:42,2024-07-29 13:10:42,0.0,done,2024-07-29 13:11:39
OF-2024-02738,ARTU16,Usinage,144.1,Aluminium,Noir,235,MCH-04,CNC_STD,2024-06-07 18:14:27,2024-06-08 01:03:26,0.0,done,2024-06-08 01:05:23
OF-2024-02739,ART-F35,Finition,55.5,Aluminium,Gris,107,MCH-01,CNC_FAST,2024-04-10 10:02:26,2024-04-10 10:48:06,0.0,done,2024-04-10 10:48:48
OF-2024-02740,ART-U08,Usinage,22.6,Inox,Noir,7,MCH-05,CNC_STD,2024-01-16 16:13:29,2024-01-16 16:33:26,6.4,done,2024-01-16 16:34:45
OF-2024-02741,ART-S13,Soudure,74.7,Acier,Jaune,41,MCH-10,ROBOT_CELL,2024-08-15 14:56:08,2024-08-15 17:24:06,0.0,done,2024-08-15 17:26:37
OF-2024-02742,ART-U04,Usinage,186.4,Inox,Rouge,6,MCH-02,CNC_FAST,2024-07-03 15:27:07,,0.0,aborted,2024-07-03 15:57:42
OF-2024-02743,ART-S33,Soudure,195.1,Inox,Gris,43,MCH-10,ROBOT_CELL,2024-01-03 07:56:33,2024-01-03 12:11:48,0.0,done,2024-01-03 12:16:46
OF-2024-02744,ART-U32,Usinage,131.7,Aluminium,Gris,36,MCH-01,CNC_FAST,2024-01-14 13:15:22,2024-01-14 14:22:41,0.0,done,2024-01-14 14:26:27
OF-2024-02745,ART-F31,Finition,25.3,Inox,Gris,73,MCH-07,MANUAL,12/01/2024 15:15,12/01/2024 16:15,0.0,done,12/01/2024 16:20
OF-2024-02746,ART-S29,Soudure,90.9,Aluminium,Vert,19,MCH-06,MANUAL,2024-05-21 06:41:24,2024-05-21 08:37:43,0.0,done,2024-05-21 08:42:18
OF-2024-02747,art-f19,Finition,100.8,Aluminium,Gris,38,MCH-06,MANUAL,2024-07-22 17:15:39,2024-07-22 17:59:46,0.0,done,2024-07-22 18:02:22
OF-2024-02748,ART-F27,Finition,162.2,Titane,Rouge,231,MCH-02,CNC_FAST,2024-03-10 06:37:39,2024-03-10 11:07:16,18.4,done,2024-03-10 11:08:46
OF-2024-02749,ART-A06,Assemblage,21.3,Acier,Noir,38,MCH-05,CNC_STD,2024-07-09 15:17:49,2024-07-09 15:43:06,0.0,done,2024-07-09 15:44:53
OF-2024-02750,ART-U00,Usinage,184.0,Inox,Jaune,56,MCH-03,CNC_STD,2024-05-27 21:37:32,2024-05-28 00:11:05,0.0,done,2024-05-28 00:14:00
OF-2024-02751,ART-F15,Finition,196.8,Titane,Jaune,7,MCH-06,MANUAL,2024-02-14 13:21:48,2024-02-14 14:04:19,10.7,done,2024-02-14 14:05:20
OF-2024-02752,ART-U16,Usinage,144.1,Aluminium,Noir,21,MCH-04,CNC_STD,2024-02-03 20:12:18,2024-02-03 21:11:11,0.0,done,2024-02-03 21:13:14
OF-2024-02753,ART-A26,Assemblage,183.1,Inox,Rouge,50,MCH-07,MANUAL,31/01/2024 06:36,31/01/2024 09:35,0.0,done,31/01/2024 09:36
OF-2024-02754,ART-U04,Usinage,186.4,Inox,Rouge,296,MCH-02,CNC_FAST,2024-03-12 06:42:11,,0.0,aborted,2024-03-12 20:57:25
OF-2024-02755,ART-F15,Finition,196.8,Titane,Jaune,76,MCH-06,MANUAL,2024-07-13 06:14:12,2024-07-13 09:26:47,0.0,done,2024-07-13 09:27:56
OF-2024-02756,ART-A26,Assemblage,183.1,Inox,Rouge,43,MCH-04,CNC_STD,2024-01-24 19:57:19,2024-01-24 21:22:21,0.0,done,2024-01-24 21:23:56
OF-2024-02757,ART-F15,Finition,196.8,Titane,Jaune,245,MCH-01,CNC_FAST,2024-04-26 13:32:08,2024-04-26 17:06:07,0.0,done,2024-04-26 17:07:51
OF-2024-02758,ART-F07,Finition,147.0,Acier,Gris,80,MCH-06,MANUAL,2024-03-24 08:27:24,2024-03-24 10:07:36,13.1,done,2024-03-24 10:11:48
OF-2024-02759,ART-U28,Usinage,115.2,Aluminium,Bleu,61,MCH-05,CNC_STD,2024-08-18 08:01:21,2024-08-18 09:43:02,0.0,done,2024-08-18 09:48:02
OF-2024-02760,ART-F15,Finition,196.8,Titane,Jaune,200,MCH-02,CNC_FAST,2024-06-11 09:09:26,2024-06-11 13:07:24,0.0,done,2024-06-11 13:07:59
OF-2024-02761,ART-U32,Usinage,131.7,Aluminium,Gris,167,MCH-02,CNC_FAST,2024-08-31 12:06:21,2024-08-31 15:57:58,41.8,done,2024-08-31 16:00:09
OF-2024-02762,ART-A26,Assemblage,183.1,Inox,Rouge,358,MCH-05,CNC_STD,2024-06-24 21:34:38,2024-06-25 06:41:26,0.0,done,2024-06-25 06:46:21
OF-2024-02763,ART-S29,Soudure,90.9,Aluminium,Vert,60,MCH-11,ROBOT_CELL,2024-01-31 07:54:53,2024-01-31 10:42:01,18.5,done,2024-01-31 10:44:40
OF-2024-02764,ART-A14,Assemblage,190.7,Acier,Noir,234,MCH-12,ROBOT_CELL,2024-07-17 10:22:39,2024-07-17 15:48:14,0.0,done,2024-07-17 15:48:47
OF-2024-02765,ART-U24,Usinage,173.0,Aluminium,Vert,333,MCH-02,CNC_FAST,2024-04-28 16:40:08,2024-04-28 23:19:17,0.0,done,2024-04-28 23:23:23
OF-2024-02766,ART-S13,Soudure,74.7,Acier,Jaune,39,MCH-08,MANUAL,2024-01-26 15:33:10,2024-01-26 19:05:45,42.8,done,2024-01-26 19:07:14
OF-2024-02767,ART-U16,Usinage,144.1,Aluminium,Noir,372,MCH-02,CNC_FAST,2024-05-17 21:24:48,2024-05-18 04:11:03,0.0,done,2024-05-18 04:13:23
OF-2024-02768,ART-A26,Assemblage,183.1,Inox,Rouge,80,MCH-11,ROBOT_CELL,2024-07-01 20:59:47,2024-07-01 23:33:09,0.0,done,2024-07-01 23:34:20
OF-2024-02769,ART-F15,Finition,196.8,Titane,Jaune,22,MCH-02,CNC_FAST,2024-08-13 10:57:37,2024-08-13 11:39:45,8.1,done,2024-08-13 11:42:54
OF-2024-02770,ART-U08,Usinage,22.6,Inox,Noir,293,MCH-04,CNC_STD,2024-03-28 12:11:06,2024-03-30 17:38:48,950.4,done,2024-03-30 17:40:28
OF-2024-02771,ART-U20,Usinage,23.4,Titane,Rouge,33,MCH-01,CNC_FAST,2024-04-02 16:59:05,2024-04-02 17:50:07,0.0,done,2024-04-02 17:53:15
OF-2024-02772,ART-S01,Soudure,191.3,Titane,Bleu,61,MCH-08,MANUAL,2024-01-07 21:11:01,2024-01-08 09:11:25,203.2,done,2024-01-08 09:14:46
OF-2024-02773,ART-S25,Soudure,151.9,Acier,Bleu,52,MCH-10,ROBOT_CELL,2024-05-09 16:11:57,2024-05-09 19:33:39,23.1,done,2024-05-09 19:36:35
OF-2024-02774,ART-S25,Soudure,151.9,Acier,Bleu,15,MCH-08,MANUAL,2024-08-02 07:57:35,2024-08-02 11:30:24,0.0,done,2024-08-02 11:31:17
OF-2024-02775,ART-F15,Finition,196.8,Titane,Jaune,42,MCH-01,CNC_FAST,2024-02-25 21:08:57,2024-02-25 22:25:41,0.0,done,2024-02-25 22:26:28
OF-2024-02776,ART-A10,Assemblage,48.9,Aluminium,Jaune,36,MCH-05,CNC_STD,2024-04-12 20:47:30,2024-04-12 21:25:12,0.0,done,2024-04-12 21:28:40
OF-2024-02777,ARTU20,Usinage,23.4,Titane,Rouge,61,MCH-05,CNC_STD,2024-08-13 14:49:34,2024-08-13 16:33:03,0.0,done,2024-08-13 16:34:56
OF-2024-02778,ART-A22,Assemblage,105.9,Aluminium,Noir,79,MCH-07,MANUAL,04/03/2024 17:58,04/03/2024 19:54,0.0,done,04/03/2024 19:56
OF-2024-02779,ART-S25,Soudure,151.9,Acier,Bleu,354,MCH-12,ROBOT_CELL,2024-06-25 08:49:36,2024-06-26 07:17:54,289.0,done,2024-06-26 07:19:47
OF-2024-02780,ART-U32,Usinage,131.7,Aluminium,Gris,390,MCH-02,CNC_FAST,2024-05-12 08:27:07,2024-05-12 15:38:50,45.1,done,2024-05-12 15:40:20
OF-2024-02781,ART-U28,Usinage,115.2,Aluminium,Bleu,70,MCH-04,CNC_STD,2024-02-25 08:57:32,2024-02-25 10:43:36,0.0,done,2024-02-25 10:45:02
OF-2024-02782,ART-F11,Finition,147.9,Acier,Gris,22,MCH-02,CNC_FAST,2024-05-16 09:56:23,,4.9,running,2024-05-16 10:20:28
OF-2024-02783,ART-A22,Assemblage,105.9,Aluminium,Noir,58,MCH-06,MANUAL,2024-04-11 11:00:50,2024-04-11 12:18:28,0.0,done,2024-04-11 12:23:07
OF-2024-02784,ART-F19,Finition,100.8,Aluminium,Gris,10,MCH-08,MANUAL,2024-04-26 16:02:35,2024-04-26 16:25:41,3.2,done,2024-04-26 16:28:56
OF-2024-02785,ART-U28,Usinage,115.2,Aluminium,Bleu,41,MCH-05,CNC_STD,2024-01-08 10:19:18,2024-01-08 11:58:55,0.0,done,2024-01-08 12:01:25
OF-2024-02786,ART-U00,Usinage,184.0,Inox,Jaune,372,MCH-04,CNC_STD,2024-01-04 08:50:39,2024-01-05 03:32:12,0.0,done,2024-01-05 03:35:39
OF-2024-02787,ART-U20,Usinage,23.4,Titane,Rouge,31,MCH-01,CNC_FAST,2024-02-04 08:20:22,2024-02-04 09:08:11,0.0,done,2024-02-04 09:09:21
OF-2024-02788,ART-F31,Finition,25.3,Inox,Gris,187,MCH-02,CNC_FAST,2024-08-07 14:01:00,2024-08-07 15:01:07,0.0,done,2024-08-07 15:02:41
OF-2024-02789,ART-S29,Soudure,90.9,Aluminium,Vert,25,MCH-07,MANUAL,31/08/2024 17:20,31/08/2024 19:39,0.0,done,31/08/2024 19:41
OF-2024-02790,ART-S33,Soudure,195.1,Inox,Gris,318,MCH-12,ROBOT_CELL,2024-06-15 22:04:13,2024-06-16 18:50:58,414.5,done,2024-06-16 18:55:36
OF-2024-02791,ART-A26,Assemblage,183.1,Inox,Rouge,71,MCH-07,MANUAL,13/04/2024 20:51,14/04/2024 00:40,39.0,done,14/04/2024 00:42
OF-2024-02792,ART-U28,Usinage,115.2,Aluminium,Bleu,56,MCH-05,CNC_STD,2024-02-16 08:03:48,2024-02-16 10:02:54,38.7,done,2024-02-16 10:03:56
OF-2024-02793,ART-F15,Finition,196.8,Titane,Jaune,70,MCH-02,CNC_FAST,2024-03-13 15:14:25,2024-03-13 16:49:21,0.0,done,2024-03-13 16:51:30
OF-2024-02794,ART-F15,Finition,196.8,Titane,Jaune,32,MCH-02,CNC_FAST,2024-01-24 06:07:16,2024-01-24 07:02:06,0.0,done,2024-01-24 07:04:37
OF-2024-02795,ART-F23,Finition,23.0,Acier,Gris,19,MCH-08,MANUAL,2024-04-15 11:42:34,2024-04-15 12:02:43,0.0,done,2024-04-15 12:03:24
OF-2024-02796,ART-U00,Usinage,184.0,Inox,Jaune,61,MCH-05,CNC_STD,2024-03-18 17:45:22,2024-03-18 20:30:59,35.1,done,2024-03-18 20:31:33
OF-2024-02797,art-u16,Usinage,144.1,Aluminium,Noir,51,MCH-02,CNC_FAST,2024-05-20 10:08:58,2024-05-20 11:24:52,9.2,done,2024-05-20 11:28:03
OF-2024-02798,ART-A06,Assemblage,21.3,Acier,Noir,15,MCH-09,ROBOT_CELL,2024-01-23 14:50:26,2024-01-23 15:05:02,2.7,done,2024-01-23 15:08:15
OF-2024-02799,ART-S29,Soudure,90.9,Aluminium,Vert,32,MCH-08,MANUAL,2024-01-31 08:39:58,2024-01-31 11:48:13,26.7,done,2024-01-31 11:49:10
OF-2024-02800,ART-F23,Finition,23.0,Acier,Gris,27,MCH-02,CNC_FAST,2024-04-16 13:44:14,2024-04-16 13:55:39,2.5,done,2024-04-16 13:58:28
OF-2024-02801,ART-A26,Assemblage,183.1,Inox,Rouge,77,MCH-09,ROBOT_CELL,2024-02-12 08:39:12,2024-02-12 11:05:32,0.0,done,2024-02-12 11:09:13
OF-2024-02802,ART-F15,Finition,196.8,Titane,Jaune,26,MCH-01,CNC_FAST,2024-01-26 08:15:27,2024-01-26 08:53:13,0.0,done,2024-01-26 08:55:14
OF-2024-02803,ART-F15,Finition,196.8,Titane,Jaune,14,MCH-08,MANUAL,2024-06-22 07:23:44,2024-06-22 08:27:11,18.9,done,2024-06-22 08:28:25
OF-2024-02804,ART-U20,Usinage,23.4,Titane,Rouge,49,MCH-02,CNC_FAST,2024-01-01 07:30:09,2024-01-01 08:38:41,0.0,done,2024-01-01 08:40:47
OF-2024-02805,ART-U08,Usinage,22.6,Inox,Noir,43,MCH-03,CNC_STD,2024-01-19 07:21:54,2024-01-19 08:44:03,0.0,done,2024-01-19 08:46:14
OF-2024-02806,ART-S05,Soudure,38.9,Acier,Vert,68,MCH-10,ROBOT_CELL,2024-02-02 06:27:23,2024-02-02 08:40:44,0.0,done,2024-02-02 08:41:23
OF-2024-02807,ART-S29,Soudure,90.9,Aluminium,Vert,29,MCH-09,ROBOT_CELL,2024-01-30 11:05:58,2024-01-30 12:31:54,14.8,done,2024-01-30 12:34:12
OF-2024-02808,ART-U28,Usinage,115.2,Aluminium,Bleu,217,MCH-01,CNC_FAST,2024-04-04 14:37:00,2024-04-04 17:57:35,12.5,done,2024-04-04 18:00:05
OF-2024-02809,ART-A02,Assemblage,36.9,Aluminium,Vert,239,MCH-11,ROBOT_CELL,2024-04-02 17:58:45,2024-04-02 19:24:35,0.0,done,2024-04-02 19:29:32
OF-2024-02810,ART-U24,Usinage,173.0,Aluminium,Vert,11,MCH-05,CNC_STD,2024-02-19 20:22:01,2024-02-19 21:00:24,0.0,done,2024-02-19 21:05:08
OF-2024-02811,ART-A14,Assemblage,190.7,Acier,Noir,251,MCH-11,ROBOT_CELL,2024-08-23 10:41:48,2024-08-23 17:03:15,114.2,done,2024-08-23 17:06:52
OF-2024-02812,ART-U32,Usinage,131.7,Aluminium,Gris,123,MCH-02,CNC_FAST,2024-07-19 12:36:29,2024-07-19 15:17:43,0.0,done,2024-07-19 15:19:15
OF-2024-02813,ART-F31,Finition,25.3,Inox,Gris,78,MCH-08,MANUAL,2024-08-18 14:02:32,2024-08-18 15:04:07,0.0,done,2024-08-18 15:07:12
OF-2024-02814,ART-S29,Soudure,90.9,Aluminium,Vert,118,MCH-06,MANUAL,2024-08-04 20:47:01,2024-08-05 04:52:28,167.6,done,2024-08-05 04:55:32
OF-2024-02815,ART-A10,Assemblage,48.9,Aluminium,Jaune,41,MCH-04,CNC_STD,2024-01-29 17:24:00,2024-01-29 18:04:07,0.0,done,2024-01-29 18:06:28
OF-2024-02816,ART-A02,Assemblage,36.9,Aluminium,Vert,206,MCH-11,ROBOT_CELL,2024-02-08 08:31:50,2024-02-08 10:07:26,0.0,done,2024-02-08 10:10:36
OF-2024-02817,ART-U04,Usinage,186.4,Inox,Rouge,26,MCH-05,CNC_STD,2024-07-18 19:25:06,2024-07-18 21:46:01,0.0,done,2024-07-18 21:49:23
OF-2024-02818,ART-U04,Usinage,186.4,Inox,Rouge,13,MCH-03,CNC_STD,2024-03-29 06:17:17,2024-03-29 07:32:20,0.0,done,2024-03-29 07:35:52
OF-2024-02819,ART-S25,Soudure,151.9,Acier,Bleu,24,MCH-06,MANUAL,2024-07-24 15:40:07,2024-07-24 19:12:06,0.0,done,2024-07-24 19:13:05
OF-2024-02820,ART-S25,Soudure,151.9,Acier,Bleu,67,MCH-08,MANUAL,2024-06-10 17:15:47,2024-06-11 00:31:28,92.1,done,2024-06-11 00:32:42
OF-2024-02821,ART-S13,Soudure,74.7,Acier,Jaune,34,MCH-08,MANUAL,2024-02-02 15:49:49,2024-02-02 19:22:54,55.4,done,2024-02-02 19:26:50
OF-2024-02822,ARTU32,Usinage,131.7,Aluminium,Gris,370,MCH-02,CNC_FAST,2024-05-01 19:13:50,2024-05-02 03:28:07,0.0,done,2024-05-02 03:30:15
OF-2024-02823,ART-S13,Soudure,74.7,Acier,Jaune,34,MCH-06,MANUAL,2024-05-07 13:12:42,2024-05-07 16:46:28,0.0,done,2024-05-07 16:47:49
OF-2024-02824,ART-U16,Usinage,144.1,Aluminium,Noir,103,MCH-02,CNC_FAST,2024-03-01 18:40:37,2024-03-01 21:17:21,0.0,done,2024-03-01 21:19:17
OF-2024-02825,ART-A10,Assemblage,48.9,Aluminium,Jaune,321,MCH-06,MANUAL,2024-08-18 06:48:25,2024-08-18 13:47:19,45.2,done,2024-08-18 13:51:57
OF-2024-02826,ART-U16,Usinage,144.1,Aluminium,Noir,256,MCH-03,CNC_STD,2024-06-14 21:32:28,2024-06-15 04:52:34,0.0,done,2024-06-15 04:57:14
OF-2024-02827,ART-S05,Soudure,38.9,Acier,Vert,106,MCH-09,ROBOT_CELL,2024-06-29 08:58:15,2024-06-29 11:51:27,30.8,done,2024-06-29 11:52:07
OF-2024-02828,ART-F27,Finition,162.2,Titane,Rouge,18,MCH-01,CNC_FAST,2024-08-08 15:52:08,2024-08-08 16:22:30,0.0,done,2024-08-08 16:27:14
OF-2024-02829,ART-S29,Soudure,90.9,Aluminium,Vert,55,MCH-11,ROBOT_CELL,2024-05-27 16:30:18,2024-05-27 18:36:54,0.0,done,2024-05-27 18:41:28
OF-2024-02830,ART-A26,Assemblage,183.1,Inox,Rouge,392,MCH-03,CNC_STD,2024-03-30 13:53:06,2024-03-31 01:14:54,168.1,done,2024-03-31 01:16:37
OF-2024-02831,ARTU32,Usinage,131.7,Aluminium,Gris,42,MCH-02,CNC_FAST,2024-03-23 11:05:48,2024-03-23 12:01:22,6.6,done,2024-03-23 12:05:02
OF-2024-02832,ART-U24,Usinage,173.0,Aluminium,Vert,20,MCH-05,CNC_STD,2024-06-14 21:26:44,2024-06-14 22:28:39,0.0,done,2024-06-14 22:29:46
OF-2024-02833,ART-U24,Usinage,173.0,Aluminium,Vert,252,MCH-01,CNC_FAST,2024-06-10 09:20:02,2024-06-10 15:04:09,72.4,done,2024-06-10 15:07:37
OF-2024-02834,ART-F27,Finition,162.2,Titane,Rouge,45,MCH-07,MANUAL,15/01/2024 07:35,15/01/2024 09:38,0.0,done,15/01/2024 09:40
OF-2024-02835,ART-S29,Soudure,90.9,Aluminium,Vert,235,MCH-09,ROBOT_CELL,2024-02-27 07:36:24,2024-02-27 17:29:14,0.0,done,2024-02-27 17:30:00
OF-2024-02836,ART-F15,Finition,196.8,Titane,Jaune,32,MCH-08,MANUAL,2024-08-26 08:48:07,2024-08-26 10:49:07,0.0,done,2024-08-26 10:51:28
OF-2024-02837,ARTU20,Usinage,23.4,Titane,Rouge,357,MCH-01,CNC_FAST,2024-08-30 21:06:04,2024-08-31 04:41:36,0.0,done,2024-08-31 04:42:07
OF-2024-02838,ARTA06,Assemblage,21.3,Acier,Noir,26,MCH-05,CNC_STD,2024-08-13 16:30:30,2024-08-13 16:49:54,0.0,done,2024-08-13 16:53:08
OF-2024-02839,ART-A02,Assemblage,36.9,Aluminium,Vert,23,MCH-08,MANUAL,2024-03-20 15:56:07,2024-03-20 16:25:58,0.0,done,2024-03-20 16:27:47
OF-2024-02840,ART-S33,Soudure,195.1,Inox,Gris,213,MCH-09,ROBOT_CELL,2024-06-04 22:07:53,2024-06-05 13:10:48,0.0,done,2024-06-05 13:13:12
OF-2024-02841,ART-S13,Soudure,74.7,Acier,Jaune,61,MCH-10,ROBOT_CELL,2024-02-10 17:34:06,2024-02-10 21:44:50,0.0,done,2024-02-10 21:49:47
OF-2024-02842,ART-U32,Usinage,131.7,Aluminium,Gris,289,MCH-05,CNC_STD,2024-03-26 08:50:50,,159.6,running,2024-03-26 17:14:20
OF-2024-02843,ART-S33,Soudure,195.1,Inox,Gris,20,MCH-08,MANUAL,2024-07-04 20:56:18,2024-07-05 01:02:56,0.0,done,2024-07-05 01:06:48
OF-2024-02844,ART-A06,Assemblage,21.3,Acier,Noir,7,MCH-12,ROBOT_CELL,2024-08-12 15:55:49,2024-08-12 16:07:36,0.0,done,2024-08-12 16:09:59
OF-2024-02845,art-u08,Usinage,22.6,Inox,Noir,5,MCH-03,CNC_STD,2024-06-01 16:48:41,2024-06-01 17:05:40,0.0,done,2024-06-01 17:07:47
OF-2024-02846,ART-U16,Usinage,144.1,Aluminium,Noir,47,MCH-01,CNC_FAST,2024-01-08 12:43:12,2024-01-08 14:17:40,0.0,done,2024-01-08 14:20:04
OF-2024-02847,ART-S05,Soudure,38.9,Acier,Vert,151,MCH-12,ROBOT_CELL,2024-07-28 14:08:41,2024-07-28 17:50:11,0.0,done,2024-07-28 17:52:04
OF-2024-02848,ART-A10,Assemblage,48.9,Aluminium,Jaune,47,MCH-09,ROBOT_CELL,2024-03-04 19:56:33,2024-03-04 20:35:08,13.4,done,2024-03-04 20:36:17
OF-2024-02849,ARTF19,Finition,100.8,Aluminium,Gris,63,MCH-08,MANUAL,2024-08-09 08:05:38,2024-08-09 09:27:45,28.5,done,2024-08-09 09:31:04
OF-2024-02850,ART-U00,Usinage,184.0,Inox,Jaune,59,MCH-01,CNC_FAST,2024-08-03 14:47:59,2024-08-03 17:08:49,0.0,done,2024-08-03 17:10:12
OF-2024-02851,ART-F15,Finition,196.8,Titane,Jaune,284,MCH-02,CNC_FAST,2024-04-02 19:27:26,2024-04-03 01:38:28,0.0,done,2024-04-03 01:41:30
OF-2024-02852,  ART-U16 ,Usinage,144.1,Aluminium,Noir,45,MCH-02,CNC_FAST,2024-06-11 19:26:18,2024-06-11 20:32:51,0.0,done,2024-06-11 20:34:01
OF-2024-02853,ART-S33,Soudure,195.1,Inox,Gris,46,MCH-10,ROBOT_CELL,2024-03-12 19:11:03,2024-03-12 23:29:41,50.4,done,2024-03-12 23:33:19
OF-2024-02854,  ART-A06 ,Assemblage,21.3,Acier,Noir,276,MCH-10,ROBOT_CELL,2024-03-21 18:07:07,2024-03-21 20:17:13,0.0,done,2024-03-21 20:19:44
OF-2024-02855,ART-U20,Usinage,23.4,Titane,Rouge,64,MCH-05,CNC_STD,2024-03-27 08:39:56,2024-03-27 10:29:06,20.8,done,2024-03-27 10:33:22
OF-2024-02856,ART-S25,Soudure,151.9,Acier,Bleu,57,MCH-12,ROBOT_CELL,2024-05-21 13:18:34,2024-05-21 17:16:28,0.0,done,2024-05-21 17:19:31
OF-2024-02857,ART-S33,Soudure,195.1,Inox,Gris,24,MCH-10,ROBOT_CELL,2024-08-02 06:53:02,2024-08-02 09:34:26,0.0,done,2024-08-02 09:35:41
OF-2024-02858,  ART-U08 ,Usinage,22.6,Inox,Noir,45,MCH-02,CNC_FAST,2024-06-11 19:25:50,2024-06-11 20:02:54,0.0,done,2024-06-11 20:07:37
OF-2024-02859,ART-U28,Usinage,115.2,Aluminium,Bleu,23,MCH-04,CNC_STD,2024-07-21 09:20:43,2024-07-21 10:11:48,10.8,done,2024-07-21 10:13:17
OF-2024-02860,ART-A06,Assemblage,21.3,Acier,Noir,293,MCH-11,ROBOT_CELL,2024-03-24 21:45:46,2024-03-24 23:59:18,0.0,done,2024-03-24 23:59:57
OF-2024-02861,ART-A02,Assemblage,36.9,Aluminium,Vert,50,MCH-05,CNC_STD,2024-03-24 20:55:47,2024-03-24 21:28:32,0.0,done,2024-03-24 21:31:35
OF-2024-02862,ART-U32,Usinage,131.7,Aluminium,Gris,30,MCH-04,CNC_STD,2024-07-30 10:35:15,2024-07-30 12:00:04,0.0,done,2024-07-30 12:02:06
OF-2024-02863,ART-S13,Soudure,74.7,Acier,Jaune,10,MCH-12,ROBOT_CELL,2024-08-20 06:11:05,2024-08-20 07:08:39,13.9,done,2024-08-20 07:11:16
OF-2024-02864,ART-S29,Soudure,90.9,Aluminium,Vert,21,MCH-06,MANUAL,2024-01-09 09:30:23,2024-01-09 11:57:37,0.0,done,2024-01-09 12:02:24
OF-2024-02865,ART-S29,Soudure,90.9,Aluminium,Vert,329,MCH-08,MANUAL,2024-03-18 06:23:02,2024-03-19 01:08:04,242.4,done,2024-03-19 01:09:00
OF-2024-02866,ART-F11,Finition,147.9,Acier,Gris,70,MCH-07,MANUAL,22/05/2024 07:29,22/05/2024 09:09,27.5,done,22/05/2024 09:12
OF-2024-02867,ART-S25,Soudure,151.9,Acier,Bleu,32,MCH-11,ROBOT_CELL,2024-07-19 07:32:22,2024-07-19 09:58:09,0.0,done,2024-07-19 10:02:59
OF-2024-02868,  ART-U32 ,Usinage,131.7,Aluminium,Gris,72,MCH-01,CNC_FAST,2024-01-17 13:53:23,2024-01-17 15:50:49,17.3,done,2024-01-17 15:52:36
OF-2024-02869,ART-U04,Usinage,186.4,Inox,Rouge,28,MCH-01,CNC_FAST,2024-01-14 18:30:14,2024-01-14 20:23:36,0.0,done,2024-01-14 20:26:13
OF-2024-02870,ART-S17,Soudure,16.0,Acier,Bleu,35,MCH-08,MANUAL,2024-05-25 11:58:35,2024-05-25 13:39:17,15.6,done,2024-05-25 13:41:48
OF-2024-02871,ART-A10,Assemblage,48.9,Aluminium,Jaune,18,MCH-05,CNC_STD,2024-07-17 09:05:00,2024-07-17 09:26:24,0.0,done,2024-07-17 09:29:43
OF-2024-02872,ART-U04,Usinage,186.4,Inox,Rouge,50,MCH-01,CNC_FAST,2024-06-20 08:51:47,2024-06-20 11:55:35,36.0,done,2024-06-20 11:57:07
OF-2024-02873,ART-A02,Assemblage,36.9,Aluminium,Vert,40,MCH-11,ROBOT_CELL,2024-05-23 18:09:21,2024-05-23 18:34:48,4.2,done,2024-05-23 18:38:53
OF-2024-02874,ART-S29,Soudure,90.9,Aluminium,Vert,312,MCH-10,ROBOT_CELL,2024-02-14 07:58:45,2024-02-14 21:04:01,136.8,done,2024-02-14 21:07:17
OF-2024-02875,ART-F19,Finition,100.8,Aluminium,Gris,102,MCH-02,CNC_FAST,2024-06-27 17:37:56,2024-06-27 18:32:10,0.0,done,2024-06-27 18:37:09
OF-2024-02876,ART-S05-MM,Soudure,38.9,Acier,Vert,79,MCH-07,MANUAL,12/01/2024 06:32,12/01/2024 09:37,0.0,done,12/01/2024 09:38
OF-2024-02877,ART-F27,Finition,162.2,Titane,Rouge,66,MCH-02,CNC_FAST,2024-04-10 12:01:18,2024-04-10 13:20:10,0.0,done,2024-04-10 13:24:23
OF-2024-02878,ART-U28,Usinage,115.2,Aluminium,Bleu,80,MCH-02,CNC_FAST,2024-05-16 12:24:13,2024-05-16 13:44:18,0.0,done,2024-05-16 13:47:11
OF-2024-02879,ART-S21,Soudure,45.5,Inox,Vert,42,MCH-09,ROBOT_CELL,2024-01-10 16:48:37,2024-01-10 19:09:07,28.3,done,2024-01-10 19:13:05
OF-2024-02880,ART-U32,Usinage,131.7,Aluminium,Gris,131,MCH-02,CNC_FAST,2024-05-01 21:31:44,2024-05-02 00:30:04,0.0,done,2024-05-02 00:33:52
OF-2024-02881,ART-A18,Assemblage,15.6,Inox,Rouge,149,MCH-04,CNC_STD,2024-07-23 12:18:56,2024-07-23 13:36:09,0.0,done,2024-07-23 13:40:54
OF-2024-02882,ART-U04,Usinage,186.4,Inox,Rouge,73,MCH-05,CNC_STD,2024-02-24 12:54:21,2024-02-24 19:10:18,82.4,done,2024-02-24 19:10:55
OF-2024-02883,ART-F07,Finition,147.0,Acier,Gris,69,MCH-08,MANUAL,2024-04-26 09:00:26,2024-04-26 10:24:18,0.0,done,2024-04-26 10:25:32
OF-2024-02884,ART-U00,Usinage,184.0,Inox,Jaune,47,MCH-02,CNC_FAST,2024-08-17 08:17:52,2024-08-17 10:35:42,35.2,done,2024-08-17 10:38:54
OF-2024-02885,ART-F27,Finition,162.2,Titane,Rouge,57,MCH-01,CNC_FAST,2024-04-27 13:37:01,2024-04-27 14:28:24,16.8,done,2024-04-27 14:29:54
OF-2024-02886,ART-S25,Soudure,151.9,Acier,Bleu,40,MCH-11,ROBOT_CELL,2024-02-23 11:03:22,2024-02-23 13:45:21,42.5,done,2024-02-23 13:47:11
OF-2024-02887,ARTA06,Assemblage,21.3,Acier,Noir,65,MCH-10,ROBOT_CELL,2024-07-15 19:18:43,2024-07-15 19:54:05,0.0,done,2024-07-15 19:56:55
OF-2024-02888,ART-S25,Soudure,151.9,Acier,Bleu,23,MCH-11,ROBOT_CELL,2024-06-09 06:12:45,2024-06-09 07:53:36,23.0,done,2024-06-09 07:56:33
OF-2024-02889,ART-A26,Assemblage,183.1,Inox,Rouge,30,MCH-12,ROBOT_CELL,2024-08-15 20:15:21,2024-08-15 21:31:07,0.0,done,2024-08-15 21:34:24
OF-2024-02890,ART-S21,Soudure,45.5,Inox,Vert,333,MCH-08,MANUAL,2024-07-17 18:48:24,2024-07-18 13:47:03,0.0,done,2024-07-18 13:48:38
OF-2024-02891,ART-U08,Usinage,22.6,Inox,Noir,347,MCH-03,CNC_STD,2024-04-19 20:25:16,2024-04-20 01:47:40,102.7,done,2024-04-20 01:48:16
OF-2024-02892,ART-S01,Soudure,191.3,Titane,Bleu,30,MCH-09,ROBOT_CELL,2024-02-24 11:21:57,,0.0,running,2024-02-24 13:49:41
OF-2024-02893,ART-S29,Soudure,90.9,Aluminium,Vert,397,MCH-10,ROBOT_CELL,2024-05-01 15:40:20,2024-05-02 05:23:00,0.0,done,2024-05-02 05:24:16
OF-2024-02894,ART-U28,Usinage,115.2,Aluminium,Bleu,67,MCH-01,CNC_FAST,2024-03-12 14:33:44,2024-03-12 16:01:33,0.0,done,2024-03-12 16:04:32
OF-2024-02895,ART-A06,Assemblage,21.3,Acier,Noir,38,MCH-06,MANUAL,2024-01-03 12:47:27,2024-01-03 13:38:49,6.3,done,2024-01-03 13:42:07
OF-2024-02896,ART-S33,Soudure,195.1,Inox,Gris,314,MCH-07,MANUAL,18/07/2024 07:55,20/07/2024 01:57,0.0,done,20/07/2024 01:57
OF-2024-02897,ART-S29,Soudure,90.9,Aluminium,Vert,263,MCH-08,MANUAL,2024-04-23 13:44:22,2024-04-24 06:49:42,0.0,done,2024-04-24 06:51:17
OF-2024-02898,art-s05,Soudure,38.9,Acier,Vert,273,MCH-09,ROBOT_CELL,2024-07-11 19:23:00,2024-07-11 23:57:36,0.0,done,2024-07-11 23:59:35
OF-2024-02899,ART-U04,Usinage,186.4,Inox,Rouge,64,MCH-02,CNC_FAST,2024-06-12 09:59:04,2024-06-12 12:48:57,0.0,done,2024-06-12 12:50:37
OF-2024-02900,ART-S13,Soudure,74.7,Acier,Jaune,73,MCH-08,MANUAL,2024-08-25 14:55:21,2024-08-25 19:33:58,82.4,done,2024-08-25 19:38:58
OF-2024-02901,ART-U20,Usinage,23.4,Titane,Rouge,29,MCH-03,CNC_STD,2024-02-12 10:43:51,2024-02-12 11:42:09,0.0,done,2024-02-12 11:44:11
OF-2024-02902,ART-A02,Assemblage,36.9,Aluminium,Vert,34,MCH-03,CNC_STD,2024-02-03 07:17:19,2024-02-03 07:45:35,0.0,done,2024-02-03 07:48:01
OF-2024-02903,ART-U24,Usinage,173.0,Aluminium,Vert,36,MCH-02,CNC_FAST,2024-04-11 16:29:56,2024-04-11 17:31:33,0.0,done,2024-04-11 17:32:35
OF-2024-02904,ART-S13,Soudure,74.7,Acier,Jaune,7,MCH-10,ROBOT_CELL,2024-08-11 20:16:07,2024-08-11 20:55:22,0.0,done,2024-08-11 20:56:20
OF-2024-02905,ART-A06,Assemblage,21.3,Acier,Noir,24,MCH-03,CNC_STD,2024-07-30 06:13:17,2024-07-30 06:30:54,0.0,done,2024-07-30 06:32:49
OF-2024-02906,ART-S25,Soudure,151.9,Acier,Bleu,309,MCH-12,ROBOT_CELL,2024-08-22 17:28:11,2024-08-23 10:11:37,72.3,done,2024-08-23 10:15:07
OF-2024-02907,ART-S25,Soudure,151.9,Acier,Bleu,217,MCH-12,ROBOT_CELL,2024-05-31 17:17:11,2024-06-01 05:11:49,0.0,done,2024-06-01 05:15:21
OF-2024-02908,  ART-U32 ,Usinage,131.7,Aluminium,Gris,65,MCH-04,CNC_STD,2024-04-01 11:33:22,2024-04-02 04:36:43,0.0,done,2024-04-02 04:37:19
OF-2024-02909,ARTF07,Finition,147.0,Acier,Gris,6,MCH-08,MANUAL,2024-03-08 21:27:55,2024-03-08 21:53:19,0.0,done,2024-03-08 21:53:54
OF-2024-02910,ART-U24,Usinage,173.0,Aluminium,Vert,53,MCH-02,CNC_FAST,2024-08-08 14:27:13,2024-08-08 16:09:15,9.1,done,2024-08-08 16:13:26
OF-2024-02911,ART-F19,Finition,100.8,Aluminium,Gris,177,MCH-01,CNC_FAST,2024-01-16 12:43:08,2024-01-16 14:20:47,9.6,done,2024-01-16 14:23:24
OF-2024-02912,ART-F11,Finition,147.9,Acier,Gris,49,MCH-06,MANUAL,2024-07-10 14:11:11,2024-07-10 15:26:53,16.8,done,2024-07-10 15:30:18
OF-2024-02913,ART-A18,Assemblage,15.6,Inox,Rouge,39,MCH-09,ROBOT_CELL,2024-03-02 20:55:34,2024-03-02 21:16:15,6.2,done,2024-03-02 21:18:30
OF-2024-02914,ART-U28,Usinage,115.2,Aluminium,Bleu,12,MCH-03,CNC_STD,2024-02-06 18:34:43,2024-02-06 19:10:58,0.0,done,2024-02-06 19:13:47
OF-2024-02915,ART-S37,Soudure,181.1,Acier,Gris,54,MCH-09,ROBOT_CELL,2024-02-27 09:01:19,2024-02-27 12:50:51,43.9,done,2024-02-27 12:51:30
OF-2024-02916,ART-S25,Soudure,151.9,Acier,Bleu,44,MCH-09,ROBOT_CELL,2024-01-18 14:25:06,2024-01-18 18:05:38,0.0,done,2024-01-18 18:10:14
OF-2024-02917,ARTA06,Assemblage,21.3,Acier,Noir,66,MCH-10,ROBOT_CELL,2024-07-11 14:16:47,2024-07-11 14:56:06,4.9,done,2024-07-11 14:57:31
OF-2024-02918,ART-U28,Usinage,115.2,Aluminium,Bleu,102,MCH-01,CNC_FAST,2024-08-14 09:31:28,2024-08-14 11:11:36,0.0,done,2024-08-14 11:12:29
OF-2024-02919,ART-A06,Assemblage,21.3,Acier,Noir,218,MCH-11,ROBOT_CELL,2024-03-11 12:06:35,2024-03-11 13:28:28,0.0,done,2024-03-11 13:33:06
OF-2024-02920,ART-U00,Usinage,184.0,Inox,Jaune,267,MCH-05,CNC_STD,2024-03-11 12:11:38,2024-03-12 02:34:10,0.0,done,2024-03-12 02:37:11
OF-2024-02921,ART-S33,Soudure,195.1,Inox,Gris,22,MCH-07,MANUAL,29/08/2024 09:56,29/08/2024 13:20,0.0,done,29/08/2024 13:24
OF-2024-02922,  ART-F19 ,Finition,100.8,Aluminium,Gris,29,MCH-02,CNC_FAST,2024-01-07 15:43:56,2024-01-07 16:01:55,0.0,done,2024-01-07 16:04:01
OF-2024-02923,ART-F11,Finition,147.9,Acier,Gris,374,MCH-02,CNC_FAST,2024-06-27 10:26:00,2024-06-27 13:27:38,0.0,done,2024-06-27 13:28:33
OF-2024-02924,ART-S13,Soudure,74.7,Acier,Jaune,18,MCH-10,ROBOT_CELL,2024-01-23 10:36:35,2024-01-23 11:53:29,16.7,done,2024-01-23 11:54:40
OF-2024-02925,ART-S13,Soudure,74.7,Acier,Jaune,34,MCH-07,MANUAL,20/03/2024 14:53,20/03/2024 18:58,0.0,done,20/03/2024 19:03
OF-2024-02926,ART-A26,Assemblage,183.1,Inox,Rouge,37,MCH-09,ROBOT_CELL,2024-07-18 15:26:19,2024-07-18 16:22:20,10.1,done,2024-07-18 16:25:07
OF-2024-02927,ART-A02,Assemblage,36.9,Aluminium,Vert,15,MCH-08,MANUAL,2024-01-23 19:50:01,2024-01-23 20:21:53,2.6,done,2024-01-23 20:25:11
OF-2024-02928,ART-A06,Assemblage,21.3,Acier,Noir,56,MCH-09,ROBOT_CELL,2024-04-05 22:02:17,2024-04-05 22:27:22,0.0,done,2024-04-05 22:31:45
OF-2024-02929,ART-S13,Soudure,74.7,Acier,Jaune,56,MCH-09,ROBOT_CELL,2024-08-05 06:59:16,2024-08-05 08:58:12,0.0,done,2024-08-05 08:59:27
OF-2024-02930,ART-U32-MM,Usinage,131.7,Aluminium,Gris,75,MCH-03,CNC_STD,2024-06-10 21:16:21,2024-06-11 00:17:09,0.0,done,2024-06-11 00:18:13
OF-2024-02931,ART-U32,Usinage,131.7,Aluminium,Gris,182,MCH-01,CNC_FAST,2024-06-12 06:27:21,2024-06-12 10:39:55,64.3,done,2024-06-12 10:42:36
OF-2024-02932,ART-U04,Usinage,186.4,Inox,Rouge,15,MCH-03,CNC_STD,2024-02-23 12:53:15,2024-02-23 14:07:11,9.7,done,2024-02-23 14:09:24
OF-2024-02933,ART-U28,Usinage,115.2,Aluminium,Bleu,14,MCH-05,CNC_STD,2024-02-19 16:02:29,2024-02-19 16:50:32,0.0,done,2024-02-19 16:52:07
OF-2024-02934,ART-U28,Usinage,115.2,Aluminium,Bleu,18,MCH-02,CNC_FAST,2024-07-03 11:00:57,2024-07-03 11:33:48,0.0,done,2024-07-03 11:36:53
OF-2024-02935,ART-A26,Assemblage,183.1,Inox,Rouge,194,MCH-09,ROBOT_CELL,2024-08-18 16:36:52,2024-08-18 22:52:15,43.8,done,2024-08-18 22:53:59
OF-2024-02936,ART-U28,Usinage,115.2,Aluminium,Bleu,49,MCH-01,CNC_FAST,2024-01-24 12:41:20,2024-01-24 13:44:21,12.1,done,2024-01-24 13:46:15
OF-2024-02937,  ART-U08 ,Usinage,22.6,Inox,Noir,69,MCH-05,CNC_STD,2024-02-24 07:25:35,2024-02-24 08:46:26,0.0,done,2024-02-24 08:48:45
OF-2024-02938,ART-F19,Finition,100.8,Aluminium,Gris,7,MCH-08,MANUAL,2024-04-22 08:58:18,2024-04-22 09:17:33,4.4,done,2024-04-22 09:18:04
OF-2024-02939,ART-F27,Finition,162.2,Titane,Rouge,32,MCH-01,CNC_FAST,2024-03-16 16:01:22,2024-03-16 16:52:43,0.0,done,2024-03-16 16:53:45
OF-2024-02940,ART-F19,Finition,100.8,Aluminium,Gris,344,MCH-07,MANUAL,18/05/2024 07:51,18/05/2024 12:15,0.0,done,18/05/2024 12:16
OF-2024-02941,ART-F11,Finition,147.9,Acier,Gris,217,MCH-08,MANUAL,2024-08-23 14:05:11,2024-08-23 20:32:38,111.7,done,2024-08-23 20:37:24
OF-2024-02942,  ART-S05 ,Soudure,38.9,Acier,Vert,16,MCH-07,MANUAL,03/06/2024 17:12,03/06/2024 18:16,0.0,done,03/06/2024 18:20
OF-2024-02943,ART-U16,Usinage,144.1,Aluminium,Noir,177,MCH-05,CNC_STD,2024-06-02 07:26:24,2024-06-02 13:52:28,81.0,done,2024-06-02 13:53:10
OF-2024-02944,ART-U16,Usinage,144.1,Aluminium,Noir,56,MCH-03,CNC_STD,2024-07-02 08:54:29,2024-07-02 11:02:32,0.0,done,2024-07-02 11:05:11
OF-2024-02945,ART-A10,Assemblage,48.9,Aluminium,Jaune,75,MCH-07,MANUAL,19/02/2024 14:38,19/02/2024 16:59,16.1,done,19/02/2024 17:01
OF-2024-02946,ART-A06,Assemblage,21.3,Acier,Noir,35,MCH-09,ROBOT_CELL,2024-04-30 10:55:17,2024-04-30 11:18:44,0.0,done,2024-04-30 11:21:18
OF-2024-02947,ART-A22,Assemblage,105.9,Aluminium,Noir,30,MCH-10,ROBOT_CELL,2024-02-22 14:19:46,2024-02-22 14:52:20,0.0,done,2024-02-22 14:57:04
OF-2024-02948,ART-U28,Usinage,115.2,Aluminium,Bleu,56,MCH-02,CNC_FAST,2024-05-17 07:15:20,2024-05-17 08:17:36,0.0,done,2024-05-17 08:18:44
OF-2024-02949,ART-U04,Usinage,186.4,Inox,Rouge,9,MCH-01,CNC_FAST,2024-07-07 21:24:20,2024-07-07 21:57:21,0.0,done,2024-07-07 21:59:44
OF-2024-02950,ART-U20,Usinage,23.4,Titane,Rouge,48,MCH-03,CNC_STD,2024-05-03 12:51:53,2024-05-03 14:29:22,0.0,done,2024-05-03 14:30:20
OF-2024-02951,ART-A02,Assemblage,36.9,Aluminium,Vert,50,MCH-07,MANUAL,13/05/2024 14:04,13/05/2024 14:59,0.0,done,13/05/2024 15:03
OF-2024-02952,ART-A30,Assemblage,130.4,Acier,Gris,287,MCH-04,CNC_STD,2024-01-30 16:14:00,2024-01-30 23:08:32,0.0,done,2024-01-30 23:09:20
OF-2024-02953,ART-F15,Finition,196.8,Titane,Jaune,49,MCH-06,MANUAL,2024-05-26 17:32:43,2024-05-26 20:30:38,41.6,done,2024-05-26 20:31:39
OF-2024-02954,ART-S29,Soudure,90.9,Aluminium,Vert,71,MCH-06,MANUAL,2024-03-06 18:38:31,2024-03-06 23:42:04,82.7,done,2024-03-06 23:46:36
OF-2024-02955,ART-F15,Finition,196.8,Titane,Jaune,6,MCH-01,CNC_FAST,2024-04-14 21:29:07,2024-04-14 21:46:16,0.0,done,2024-04-14 21:49:13
OF-2024-02956,ART-U04,Usinage,186.4,Inox,Rouge,14,MCH-02,CNC_FAST,2024-08-01 16:12:05,2024-08-01 17:29:36,0.0,done,2024-08-01 17:30:55
OF-2024-02957,ART-A22,Assemblage,105.9,Aluminium,Noir,18,MCH-05,CNC_STD,2024-02-06 13:00:04,2024-02-06 13:33:05,0.0,done,2024-02-06 13:35:12
OF-2024-02958,ART-S13,Soudure,74.7,Acier,Jaune,10,MCH-09,ROBOT_CELL,2024-02-18 20:53:12,2024-02-18 21:42:17,0.0,done,2024-02-18 21:44:24
OF-2024-02959,ART-F15,Finition,196.8,Titane,Jaune,34,MCH-02,CNC_FAST,2024-03-29 20:26:51,2024-03-29 21:16:02,14.8,done,2024-03-29 21:18:30
OF-2024-02960,ART-U28,Usinage,115.2,Aluminium,Bleu,62,MCH-05,CNC_STD,2024-02-23 09:23:30,2024-02-23 11:10:17,0.0,done,2024-02-23 11:14:04
OF-2024-02961,ART-F23,Finition,23.0,Acier,Gris,363,MCH-01,CNC_FAST,2024-01-13 08:12:05,2024-01-13 09:26:28,6.0,done,2024-01-13 09:29:48
OF-2024-02962,ART-S25,Soudure,151.9,Acier,Bleu,177,MCH-11,ROBOT_CELL,2024-06-11 14:06:57,2024-06-12 02:19:18,0.0,done,2024-06-12 02:21:14
OF-2024-02963,ART-S29,Soudure,90.9,Aluminium,Vert,224,MCH-08,MANUAL,2024-08-18 20:42:44,2024-08-19 14:55:48,0.0,done,2024-08-19 14:57:29
OF-2024-02964,ART-F03,Finition,55.9,Titane,Jaune,141,MCH-02,CNC_FAST,2024-04-26 14:38:14,2024-04-26 16:13:27,17.0,done,2024-04-26 16:14:19
OF-2024-02965,ART-U24,Usinage,173.0,Aluminium,Vert,60,MCH-04,CNC_STD,2024-03-06 20:42:31,2024-03-06 22:40:46,0.0,done,2024-03-06 22:43:24
OF-2024-02966,ART-U24,Usinage,173.0,Aluminium,Vert,381,MCH-03,CNC_STD,2024-08-19 08:06:11,2024-08-19 22:36:17,0.0,done,2024-08-19 22:41:13
OF-2024-02967,ART-U16,Usinage,144.1,Aluminium,Noir,31,MCH-04,CNC_STD,2024-08-16 06:46:38,2024-08-16 07:59:30,15.5,done,2024-08-16 08:02:03
OF-2024-02968,ART-U28,Usinage,115.2,Aluminium,Bleu,287,MCH-02,CNC_FAST,2024-08-20 13:38:20,,0.0,aborted,2024-08-20 18:16:48
OF-2024-02969,ART-U24,Usinage,173.0,Aluminium,Vert,53,MCH-02,CNC_FAST,2024-08-13 19:31:31,2024-08-13 21:10:26,25.2,done,2024-08-13 21:11:42
OF-2024-02970,ART-U16-MM,Usinage,144.1,Aluminium,Noir,8,MCH-02,CNC_FAST,2024-04-20 06:41:14,2024-04-20 06:26:14,3.4,done,2024-04-20 07:07:20
OF-2024-02971,ART-A06,Assemblage,21.3,Acier,Noir,15,MCH-05,CNC_STD,2024-01-31 06:59:57,2024-01-31 07:19:38,6.7,done,2024-01-31 07:22:07
OF-2024-02972,ART-U04,Usinage,186.4,Inox,Rouge,23,MCH-01,CNC_FAST,2024-04-20 10:17:15,2024-04-20 11:27:18,19.0,done,2024-04-20 11:29:33
OF-2024-02973,ART-F07,Finition,147.0,Acier,Gris,151,MCH-07,MANUAL,07/07/2024 17:21,07/07/2024 20:13,0.0,done,07/07/2024 20:16
OF-2024-02974,ART-F07,Finition,147.0,Acier,Gris,44,MCH-07,MANUAL,29/03/2024 20:01,29/03/2024 21:14,0.0,done,29/03/2024 21:19
OF-2024-02975,ART-U32-MM,Usinage,131.7,Aluminium,Gris,63,MCH-01,CNC_FAST,2024-01-09 15:00:29,2024-01-09 16:56:57,15.8,done,2024-01-09 17:00:50
OF-2024-02976,ART-U04,Usinage,186.4,Inox,Rouge,64,MCH-02,CNC_FAST,2024-02-27 13:16:44,2024-02-27 15:50:07,0.0,done,2024-02-27 15:53:47
OF-2024-02977,ART-U16,Usinage,144.1,Aluminium,Noir,395,MCH-04,CNC_STD,2024-08-24 13:55:47,2024-08-25 02:33:06,89.3,done,2024-08-25 02:34:16
OF-2024-02978,ART-F27,Finition,162.2,Titane,Rouge,13,MCH-01,CNC_FAST,2024-03-18 18:14:18,2024-03-18 18:35:49,0.0,done,2024-03-18 18:39:59
OF-2024-02979,ART-U16,Usinage,144.1,Aluminium,Noir,44,MCH-04,CNC_STD,2024-05-27 07:44:25,2024-05-27 09:20:54,0.0,done,2024-05-27 09:24:07
OF-2024-02980,ART-S29,Soudure,90.9,Aluminium,Vert,266,MCH-07,MANUAL,30/06/2024 18:10,01/07/2024 11:21,0.0,done,01/07/2024 11:22
OF-2024-02981,ART-S05,Soudure,38.9,Acier,Vert,29,MCH-07,MANUAL,05/01/2024 09:39,05/01/2024 11:39,37.0,done,05/01/2024 11:39
OF-2024-02982,ART-A02,Assemblage,36.9,Aluminium,Vert,66,MCH-11,ROBOT_CELL,2024-04-29 14:12:54,2024-04-29 14:49:23,0.0,done,2024-04-29 14:49:53
OF-2024-02983,ART-U24,Usinage,173.0,Aluminium,Vert,120,MCH-02,CNC_FAST,2024-06-18 08:34:39,2024-06-18 11:09:13,0.0,done,2024-06-18 11:09:46
OF-2024-02984,ART-F03,Finition,55.9,Titane,Jaune,234,MCH-06,MANUAL,2024-03-11 17:53:33,2024-03-11 23:59:51,0.0,done,2024-03-12 00:00:42
OF-2024-02985,ART-U28,Usinage,115.2,Aluminium,Bleu,17,MCH-01,CNC_FAST,2024-03-09 10:25:11,2024-03-09 10:52:17,0.0,done,2024-03-09 10:56:54
OF-2024-02986,ART-F03,Finition,55.9,Titane,Jaune,232,MCH-06,MANUAL,2024-08-29 08:40:04,2024-08-29 13:37:25,0.0,done,2024-08-29 13:38:52
OF-2024-02987,ART-F19,Finition,100.8,Aluminium,Gris,7,MCH-01,CNC_FAST,2024-03-16 09:32:37,2024-03-16 09:42:48,0.0,done,2024-03-16 09:45:53
OF-2024-02988,ART-S29,Soudure,90.9,Aluminium,Vert,105,MCH-08,MANUAL,2024-07-01 08:44:05,2024-07-01 15:45:14,59.6,done,2024-07-01 15:49:31
OF-2024-02989,ART-A18,Assemblage,15.6,Inox,Rouge,73,MCH-07,MANUAL,18/07/2024 17:58,18/07/2024 18:58,0.0,done,18/07/2024 19:01
OF-2024-02990,ART-F15,Finition,196.8,Titane,Jaune,131,MCH-06,MANUAL,2024-03-08 06:52:37,2024-03-08 13:19:40,0.0,done,2024-03-08 13:21:16
OF-2024-02991,ART-F27,Finition,162.2,Titane,Rouge,220,MCH-02,CNC_FAST,2024-03-11 07:40:10,2024-03-11 11:46:42,0.0,done,2024-03-11 11:50:46
OF-2024-02992,ART-S33,Soudure,195.1,Inox,Gris,77,MCH-07,MANUAL,01/04/2024 11:06,01/04/2024 23:07,116.4,done,01/04/2024 23:11
OF-2024-02993,ART-F15,Finition,196.8,Titane,Jaune,19,MCH-01,CNC_FAST,2024-03-04 12:52:57,2024-03-04 13:22:48,0.0,done,2024-03-04 13:25:46
OF-2024-02994,ART-U04,Usinage,186.4,Inox,Rouge,56,MCH-03,CNC_STD,2024-07-23 10:57:19,2024-07-23 14:56:00,0.0,done,2024-07-23 15:00:10
OF-2024-02995,ART-A06,Assemblage,21.3,Acier,Noir,61,MCH-04,CNC_STD,2024-01-06 14:39:10,,0.0,running,2024-01-06 15:27:20
OF-2024-02996,ART-S13,Soudure,74.7,Acier,Jaune,343,MCH-09,ROBOT_CELL,2024-04-14 19:17:18,2024-04-15 07:00:30,105.1,done,2024-04-15 07:01:31
OF-2024-02997,ART-A06,Assemblage,21.3,Acier,Noir,55,MCH-09,ROBOT_CELL,2024-03-10 13:58:03,2024-03-10 14:24:12,0.0,done,2024-03-10 14:28:40
OF-2024-02998,ART-S29,Soudure,90.9,Aluminium,Vert,66,MCH-12,ROBOT_CELL,2024-07-20 19:12:59,2024-07-20 22:19:06,0.0,done,2024-07-20 22:20:16
OF-2024-02999,  ART-U32 ,Usinage,131.7,Aluminium,Gris,27,MCH-05,CNC_STD,2024-07-14 17:33:43,2024-07-14 18:34:35,0.0,done,2024-07-14 18:38:01
OF-2024-03000,art-u32,Usinage,131.7,Aluminium,Gris,170,MCH-03,CNC_STD,2024-03-11 15:29:08,2024-03-11 20:55:41,88.2,done,2024-03-11 20:58:54
OF-2024-03001,ART-F19,Finition,100.8,Aluminium,Gris,32,MCH-06,MANUAL,2024-03-19 19:57:06,2024-03-19 20:34:42,0.0,done,2024-03-19 20:38:20
OF-2024-03002,ART-S29,Soudure,90.9,Aluminium,Vert,38,MCH-09,ROBOT_CELL,2024-01-15 20:17:29,2024-01-15 22:01:21,17.1,done,2024-01-15 22:03:10
OF-2024-03003,ART-A26,Assemblage,183.1,Inox,Rouge,41,MCH-03,CNC_STD,2024-03-22 13:55:18,2024-03-22 15:56:51,0.0,done,2024-03-22 16:01:43
OF-2024-03004,ART-S09,Soudure,11.4,Acier,Jaune,67,MCH-06,MANUAL,2024-05-28 20:44:28,2024-05-28 22:56:59,0.0,done,2024-05-28 22:58:30
OF-2024-03005,ART-U28,Usinage,115.2,Aluminium,Bleu,400,MCH-03,CNC_STD,2024-04-05 09:29:39,2024-04-05 17:12:58,0.0,done,2024-04-05 17:15:11
OF-2024-03006,ART-U24,Usinage,173.0,Aluminium,Vert,26,MCH-02,CNC_FAST,2024-06-22 15:47:36,2024-06-22 16:24:05,0.0,done,2024-06-22 16:28:43
OF-2024-03007,ART-S13,Soudure,74.7,Acier,Jaune,5,MCH-09,ROBOT_CELL,2024-02-18 21:15:20,2024-02-18 21:55:41,0.0,done,2024-02-18 21:56:37
OF-2024-03008,ART-U28,Usinage,115.2,Aluminium,Bleu,62,MCH-01,CNC_FAST,2024-08-13 10:01:26,,4.6,running,2024-08-13 11:20:14
OF-2024-03009,ART-U12-MM,Usinage,23.0,Titane,Noir,32,MCH-03,CNC_STD,2024-02-23 16:29:12,2024-02-23 17:20:22,3.0,done,2024-02-23 17:24:13
OF-2024-03010,  ART-F11 ,Finition,147.9,Acier,Gris,24,MCH-08,MANUAL,2024-03-18 11:55:12,2024-03-18 12:44:51,3.9,done,2024-03-18 12:48:01
OF-2024-03011,ART-U28,Usinage,115.2,Aluminium,Bleu,384,MCH-03,CNC_STD,2024-06-24 20:19:45,2024-06-25 02:48:54,0.0,done,2024-06-25 02:53:45
OF-2024-03012,ART-U04,Usinage,186.4,Inox,Rouge,11,MCH-02,CNC_FAST,2024-06-16 06:44:54,2024-06-16 07:25:02,0.0,done,2024-06-16 07:29:44
OF-2024-03013,ART-A22,Assemblage,105.9,Aluminium,Noir,18,MCH-04,CNC_STD,2024-03-22 08:24:08,2024-03-22 11:04:05,0.0,done,2024-03-22 11:08:12
OF-2024-03014,ART-U28,Usinage,115.2,Aluminium,Bleu,211,MCH-05,CNC_STD,2024-02-09 10:12:47,2024-02-09 14:50:28,0.0,done,2024-02-09 14:52:42
OF-2024-03015,ART-U32,Usinage,131.7,Aluminium,Gris,33,MCH-05,CNC_STD,2024-06-09 15:46:30,2024-06-09 17:05:11,0.0,done,2024-06-09 17:08:45
OF-2024-03016,ART-U16,Usinage,144.1,Aluminium,Noir,7,MCH-05,CNC_STD,2024-04-09 07:19:19,2024-04-09 08:02:51,0.0,done,2024-04-09 08:04:29
OF-2024-03017,ART-S25,Soudure,151.9,Acier,Bleu,74,MCH-06,MANUAL,2024-08-18 08:44:32,2024-08-18 16:47:26,0.0,done,2024-08-18 16:48:57
OF-2024-03018,ART-S13,Soudure,74.7,Acier,Jaune,26,MCH-08,MANUAL,2024-07-18 06:45:01,2024-07-18 09:08:57,38.0,done,2024-07-18 09:11:59
OF-2024-03019,ART-F19-MM,Finition,100.8,Aluminium,Gris,53,MCH-02,CNC_FAST,2024-03-12 17:27:57,2024-03-12 17:58:38,0.0,done,2024-03-12 18:01:16
OF-2024-03020,ART-A14,Assemblage,190.7,Acier,Noir,78,MCH-04,CNC_STD,2024-07-21 12:37:03,2024-07-21 14:32:12,0.0,done,2024-07-21 14:32:52
OF-2024-03021,ART-A02,Assemblage,36.9,Aluminium,Vert,13,MCH-09,ROBOT_CELL,2024-07-18 08:49:14,2024-07-18 09:00:28,0.0,done,2024-07-18 09:05:13
OF-2024-03022,ART-F15,Finition,196.8,Titane,Jaune,199,MCH-02,CNC_FAST,2024-04-22 06:19:50,,0.0,running,2024-04-22 10:04:14
OF-2024-03023,ART-F19,Finition,100.8,Aluminium,Gris,154,MCH-07,MANUAL,23/02/2024 13:15,23/02/2024 15:35,0.0,done,23/02/2024 15:37
OF-2024-03024,ART-S05,Soudure,38.9,Acier,Vert,193,MCH-09,ROBOT_CELL,2024-08-19 18:49:47,2024-08-19 22:42:29,0.0,done,2024-08-19 22:43:21
OF-2024-03025,ART-F15,Finition,196.8,Titane,Jaune,53,MCH-01,CNC_FAST,2024-06-30 11:24:31,2024-06-30 12:30:03,0.0,done,2024-06-30 12:33:21
OF-2024-03026,ART-A26,Assemblage,183.1,Inox,Rouge,26,MCH-05,CNC_STD,2024-08-01 16:46:17,2024-08-01 18:07:41,0.0,done,2024-08-01 18:12:23
OF-2024-03027,ART-U16,Usinage,144.1,Aluminium,Noir,317,MCH-04,CNC_STD,2024-08-29 09:00:49,2024-08-29 21:09:57,0.0,done,2024-08-29 21:12:34
OF-2024-03028,ART-F11,Finition,147.9,Acier,Gris,71,MCH-02,CNC_FAST,2024-05-07 21:47:39,2024-05-07 22:28:18,0.0,done,2024-05-07 22:32:20
OF-2024-03029,ART-S29,Soudure,90.9,Aluminium,Vert,52,MCH-09,ROBOT_CELL,2024-08-08 16:38:26,2024-08-08 19:09:02,0.0,done,2024-08-08 19:10:38
OF-2024-03030,ART-A38,Assemblage,165.3,Titane,Noir,104,MCH-04,CNC_STD,2024-08-13 11:18:34,2024-08-13 16:40:06,0.0,done,2024-08-13 16:41:12
OF-2024-03031,ART-U04,Usinage,186.4,Inox,Rouge,13,MCH-05,CNC_STD,2024-06-20 21:44:32,2024-06-20 22:48:05,21.0,done,2024-06-20 22:50:19
OF-2024-03032,ART-S05,Soudure,38.9,Acier,Vert,282,MCH-12,ROBOT_CELL,2024-07-26 17:51:13,2024-07-27 00:33:36,0.0,done,2024-07-27 00:38:16
OF-2024-03033,ART-F15,Finition,196.8,Titane,Jaune,64,MCH-06,MANUAL,2024-06-13 17:56:33,2024-06-13 20:46:30,0.0,done,2024-06-13 20:47:37
OF-2024-03034,ART-A10,Assemblage,48.9,Aluminium,Jaune,18,MCH-06,MANUAL,2024-07-09 21:50:19,2024-07-09 22:27:31,12.1,done,2024-07-09 22:29:24
OF-2024-03035,ART-U16,Usinage,144.1,Aluminium,Noir,69,MCH-03,CNC_STD,2024-08-27 14:59:53,2024-08-27 17:15:39,0.0,done,2024-08-27 17:19:13
OF-2024-03036,ART-U24,Usinage,173.0,Aluminium,Vert,19,MCH-04,CNC_STD,2024-03-29 18:59:58,2024-03-30 06:23:56,197.6,done,2024-03-30 06:27:36
OF-2024-03037,ART-A22,Assemblage,105.9,Aluminium,Noir,78,MCH-05,CNC_STD,2024-07-22 12:03:06,2024-07-22 13:07:27,0.0,done,2024-07-22 13:09:14
OF-2024-03038,ART-S25,Soudure,151.9,Acier,Bleu,30,MCH-06,MANUAL,2024-08-06 08:06:16,2024-08-06 12:37:47,0.0,done,2024-08-06 12:38:24
OF-2024-03039,ART-U28,Usinage,115.2,Aluminium,Bleu,267,MCH-03,CNC_STD,2024-04-17 20:24:28,2024-04-18 02:04:42,0.0,done,2024-04-18 02:06:45
OF-2024-03040,ART-A26,Assemblage,183.1,Inox,Rouge,388,MCH-03,CNC_STD,2024-03-21 20:03:18,2024-03-22 11:27:38,236.5,done,2024-03-22 11:30:11
OF-2024-03041,ART-U04,Usinage,186.4,Inox,Rouge,147,MCH-03,CNC_STD,2024-03-06 14:04:10,2024-03-07 01:50:46,0.0,done,2024-03-07 01:53:15
OF-2024-03042,ART-U24,Usinage,173.0,Aluminium,Vert,29,MCH-01,CNC_FAST,2024-08-04 18:57:11,2024-08-04 20:02:07,0.0,done,2024-08-04 20:06:39
OF-2024-03043,ART-S13,Soudure,74.7,Acier,Jaune,366,MCH-09,ROBOT_CELL,2024-02-17 16:25:40,2024-02-18 08:18:21,0.0,done,2024-02-18 08:19:42
OF-2024-03044,ART-F27,Finition,162.2,Titane,Rouge,324,MCH-06,MANUAL,2024-05-02 12:58:02,2024-05-02 23:03:09,0.0,done,2024-05-02 23:03:42
OF-2024-03045,ART-F15,Finition,196.8,Titane,Jaune,67,MCH-02,CNC_FAST,2024-01-28 21:55:34,2024-01-28 23:20:28,16.1,done,2024-01-28 23:22:26
OF-2024-03046,ART-U00,Usinage,184.0,Inox,Jaune,38,MCH-03,CNC_STD,2024-05-29 11:21:54,,0.0,running,2024-05-29 13:50:50
OF-2024-03047,ART-U00,Usinage,184.0,Inox,Jaune,37,MCH-05,CNC_STD,2024-05-04 21:28:09,2024-05-04 23:30:18,0.0,done,2024-05-04 23:33:44
OF-2024-03048,ART-U16,Usinage,144.1,Aluminium,Noir,245,MCH-04,CNC_STD,2024-02-10 13:00:20,2024-02-10 19:05:20,0.0,done,2024-02-10 19:06:41
OF-2024-03049,ART-A26,Assemblage,183.1,Inox,Rouge,264,MCH-03,CNC_STD,2024-06-08 15:06:15,2024-06-08 23:56:02,0.0,done,2024-06-08 23:58:16
OF-2024-03050,ART-A02,Assemblage,36.9,Aluminium,Vert,40,MCH-07,MANUAL,11/02/2024 18:24,11/02/2024 19:11,6.0,done,11/02/2024 19:14
OF-2024-03051,ART-A18,Assemblage,15.6,Inox,Rouge,38,MCH-09,ROBOT_CELL,2024-02-22 06:47:20,2024-02-22 07:08:00,5.2,done,2024-02-22 07:10:02
OF-2024-03052,ART-U24,Usinage,173.0,Aluminium,Vert,100,MCH-02,CNC_FAST,2024-02-02 15:44:04,2024-02-02 18:07:07,0.0,done,2024-02-02 18:09:26
OF-2024-03053,ART-U04,Usinage,186.4,Inox,Rouge,55,MCH-04,CNC_STD,2024-07-21 22:15:26,2024-07-22 02:42:03,0.0,done,2024-07-22 02:46:59
OF-2024-03054,ART-A26,Assemblage,183.1,Inox,Rouge,11,MCH-10,ROBOT_CELL,2024-07-19 07:09:27,2024-07-19 07:39:53,0.0,done,2024-07-19 07:44:04
OF-2024-03055,ART-U28,Usinage,115.2,Aluminium,Bleu,33,MCH-03,CNC_STD,2024-01-31 14:15:42,2024-01-31 15:18:53,0.0,done,2024-01-31 15:23:17
OF-2024-03056,ART-F15,Finition,196.8,Titane,Jaune,72,MCH-01,CNC_FAST,2024-04-10 15:30:20,2024-04-10 16:57:34,0.0,done,2024-04-10 17:01:58
OF-2024-03057,art-u32,Usinage,131.7,Aluminium,Gris,74,MCH-04,CNC_STD,2024-04-24 09:12:05,2024-04-24 11:36:39,0.0,done,2024-04-24 11:39:40
OF-2024-03058,ARTF19,Finition,100.8,Aluminium,Gris,72,MCH-02,CNC_FAST,2024-05-25 09:16:36,2024-05-25 09:47:20,4.5,done,2024-05-25 09:51:05
OF-2024-03059,ART-A10,Assemblage,48.9,Aluminium,Jaune,201,MCH-03,CNC_STD,2024-06-29 20:24:27,2024-06-29 23:36:40,57.3,done,2024-06-29 23:37:17
OF-2024-03060,ART-F31,Finition,25.3,Inox,Gris,41,MCH-08,MANUAL,2024-01-24 10:11:20,2024-01-24 10:46:55,0.0,done,2024-01-24 10:51:25
OF-2024-03061,ART-A30,Assemblage,130.4,Acier,Gris,253,MCH-08,MANUAL,2024-03-16 09:04:10,2024-03-16 18:43:19,111.2,done,2024-03-16 18:44:28
OF-2024-03062,ART-U24,Usinage,173.0,Aluminium,Vert,340,MCH-01,CNC_FAST,2024-06-23 19:53:04,2024-06-24 04:01:57,0.0,done,2024-06-24 04:06:33
OF-2024-03063,ART-U16,Usinage,144.1,Aluminium,Noir,30,MCH-05,CNC_STD,2024-08-01 15:29:46,,9.3,aborted,2024-08-01 16:49:20
OF-2024-03064,ART-U16,Usinage,144.1,Aluminium,Noir,75,MCH-04,CNC_STD,2024-03-06 06:18:32,2024-03-06 08:52:01,0.0,done,2024-03-06 08:54:54
OF-2024-03065,ART-S29,Soudure,90.9,Aluminium,Vert,19,MCH-09,ROBOT_CELL,2024-04-18 10:41:51,2024-04-18 11:55:59,0.0,done,2024-04-18 11:59:29
OF-2024-03066,ART-S09,Soudure,11.4,Acier,Jaune,60,MCH-10,ROBOT_CELL,2024-02-10 22:20:13,2024-02-10 23:31:43,0.0,done,2024-02-10 23:33:49
OF-2024-03067,ART-A02,Assemblage,36.9,Aluminium,Vert,74,MCH-10,ROBOT_CELL,2024-03-27 07:38:45,,0.0,aborted,2024-03-27 08:20:21
OF-2024-03068,ART-U04,Usinage,186.4,Inox,Rouge,49,MCH-03,CNC_STD,2024-05-22 12:14:38,2024-05-22 15:33:26,0.0,done,2024-05-22 15:34:57
OF-2024-03069,ART-F15,Finition,196.8,Titane,Jaune,39,MCH-02,CNC_FAST,2024-03-04 07:38:02,2024-03-04 08:45:52,10.6,done,2024-03-04 08:48:53
OF-2024-03070,ART-S21,Soudure,45.5,Inox,Vert,129,MCH-06,MANUAL,2024-06-22 20:46:19,2024-06-23 04:25:54,0.0,done,2024-06-23 04:28:26
OF-2024-03071,  ART-U20 ,Usinage,23.4,Titane,Rouge,41,MCH-02,CNC_FAST,2024-02-03 16:10:54,2024-02-03 17:07:16,18.2,done,2024-02-03 17:10:25
OF-2024-03072,ART-A26,Assemblage,183.1,Inox,Rouge,60,MCH-09,ROBOT_CELL,2024-01-27 19:33:32,2024-01-27 21:34:08,32.1,done,2024-01-27 21:36:23
OF-2024-03073,ART-F27,Finition,162.2,Titane,Rouge,108,MCH-08,MANUAL,2024-08-15 13:26:00,2024-08-15 17:26:35,16.9,done,2024-08-15 17:27:47
OF-2024-03074,ART-U20,Usinage,23.4,Titane,Rouge,45,MCH-01,CNC_FAST,2024-02-22 11:47:55,2024-02-22 12:50:31,0.0,done,2024-02-22 12:53:09
OF-2024-03075,ART-U04,Usinage,186.4,Inox,Rouge,62,MCH-01,CNC_FAST,2024-01-21 13:30:35,2024-01-21 16:57:59,31.5,done,2024-01-21 17:01:43
OF-2024-03076,ART-S09,Soudure,11.4,Acier,Jaune,11,MCH-07,MANUAL,27/07/2024 09:47,27/07/2024 10:29,0.0,done,27/07/2024 10:32
OF-2024-03077,ART-U24,Usinage,173.0,Aluminium,Vert,136,MCH-01,CNC_FAST,2024-06-14 09:07:42,2024-06-14 08:50:42,0.0,done,2024-06-14 12:17:47
OF-2024-03078,ART-U16,Usinage,144.1,Aluminium,Noir,10,MCH-02,CNC_FAST,2024-01-16 11:32:36,2024-01-16 12:03:48,3.6,done,2024-01-16 12:05:47
OF-2024-03079,ART-S05,Soudure,38.9,Acier,Vert,11,MCH-08,MANUAL,2024-06-16 15:11:11,2024-06-16 16:01:22,0.0,done,2024-06-16 16:02:38
OF-2024-03080,ART-U28,Usinage,115.2,Aluminium,Bleu,54,MCH-02,CNC_FAST,2024-02-26 21:46:44,2024-02-26 22:59:17,0.0,done,2024-02-26 23:00:59
OF-2024-03081,ART-S25,Soudure,151.9,Acier,Bleu,20,MCH-07,MANUAL,13/01/2024 08:57,13/01/2024 11:50,0.0,done,13/01/2024 11:51
OF-2024-03082,ART-F31,Finition,25.3,Inox,Gris,112,MCH-07,MANUAL,19/01/2024 20:37,19/01/2024 21:56,26.7,done,19/01/2024 21:57
OF-2024-03083,ART-F07,Finition,147.0,Acier,Gris,68,MCH-08,MANUAL,2024-03-22 06:41:53,2024-03-22 08:15:22,0.0,done,2024-03-22 08:16:21
OF-2024-03084,ART-U00,Usinage,184.0,Inox,Jaune,213,MCH-02,CNC_FAST,2024-07-03 20:45:52,2024-07-04 04:19:31,0.0,done,2024-07-04 04:22:51
OF-2024-03085,ART-A06,Assemblage,21.3,Acier,Noir,35,MCH-11,ROBOT_CELL,2024-07-03 08:05:20,2024-07-03 08:32:58,6.9,done,2024-07-03 08:33:47
OF-2024-03086,ART-A22,Assemblage,105.9,Aluminium,Noir,12,MCH-04,CNC_STD,2024-01-29 07:26:21,2024-01-29 07:54:16,0.0,done,2024-01-29 07:57:46
OF-2024-03087,ART-S33,Soudure,195.1,Inox,Gris,50,MCH-12,ROBOT_CELL,2024-08-07 06:44:27,2024-08-07 12:03:40,0.0,done,2024-08-07 12:07:31
OF-2024-03088,ART-U28,Usinage,115.2,Aluminium,Bleu,17,MCH-01,CNC_FAST,2024-01-18 18:16:32,2024-01-18 19:03:44,0.0,done,2024-01-18 19:05:01
OF-2024-03089,ART-S13,Soudure,74.7,Acier,Jaune,191,MCH-06,MANUAL,2024-07-30 17:29:44,2024-07-31 06:48:39,94.8,done,2024-07-31 06:49:50
OF-2024-03090,ART-U00,Usinage,184.0,Inox,Jaune,341,MCH-03,CNC_STD,2024-08-30 15:35:13,2024-08-31 10:52:58,143.9,done,2024-08-31 10:54:37
OF-2024-03091,ART-U16,Usinage,144.1,Aluminium,Noir,205,MCH-02,CNC_FAST,2024-07-10 15:08:10,,66.7,aborted,2024-07-10 19:22:17
OF-2024-03092,  ART-U16 ,Usinage,144.1,Aluminium,Noir,233,MCH-02,CNC_FAST,2024-05-05 08:01:39,2024-05-05 13:50:37,0.0,done,2024-05-05 13:54:10
OF-2024-03093,ART-S25,Soudure,151.9,Acier,Bleu,48,MCH-11,ROBOT_CELL,2024-01-30 21:46:52,2024-01-31 00:54:26,10.4,done,2024-01-31 00:58:10
OF-2024-03094,ART-S09,Soudure,11.4,Acier,Jaune,121,MCH-10,ROBOT_CELL,2024-05-20 16:49:47,2024-05-20 19:03:23,36.1,done,2024-05-20 19:05:55
OF-2024-03095,ART-S13,Soudure,74.7,Acier,Jaune,168,MCH-12,ROBOT_CELL,2024-08-22 16:37:03,2024-08-23 00:34:40,0.0,done,2024-08-23 00:39:22
OF-2024-03096,ART-S13,Soudure,74.7,Acier,Jaune,224,MCH-11,ROBOT_CELL,2024-04-29 11:15:44,2024-04-29 22:40:00,0.0,done,2024-04-29 22:44:02
OF-2024-03097,ART-F31,Finition,25.3,Inox,Gris,279,MCH-01,CNC_FAST,2024-06-04 09:22:17,2024-06-04 11:01:48,0.0,done,2024-06-04 11:06:07
OF-2024-03098,ART-F15,Finition,196.8,Titane,Jaune,27,MCH-06,MANUAL,2024-04-24 15:32:25,2024-04-24 16:50:19,0.0,done,2024-04-24 16:51:13
OF-2024-03099,ART-A10,Assemblage,48.9,Aluminium,Jaune,269,MCH-03,CNC_STD,2024-07-07 14:45:23,2024-07-07 18:02:50,0.0,done,2024-07-07 18:07:31
OF-2024-03100,ART-S05,Soudure,38.9,Acier,Vert,138,MCH-08,MANUAL,2024-01-14 17:25:57,2024-01-15 00:40:56,42.9,done,2024-01-15 00:43:21
OF-2024-03101,ART-A06,Assemblage,21.3,Acier,Noir,67,MCH-09,ROBOT_CELL,2024-06-01 19:08:52,2024-06-01 19:40:44,0.0,done,2024-06-01 19:45:18
OF-2024-03102,ARTU32,Usinage,131.7,Aluminium,Gris,205,MCH-01,CNC_FAST,2024-02-26 19:07:22,2024-02-27 00:01:13,0.0,done,2024-02-27 00:03:55
OF-2024-03103,ART-U08,Usinage,22.6,Inox,Noir,233,MCH-01,CNC_FAST,2024-03-07 16:01:09,2024-03-07 18:22:09,0.0,done,2024-03-07 18:26:53
OF-2024-03104,ART-F27,Finition,162.2,Titane,Rouge,305,MCH-08,MANUAL,2024-07-15 20:50:10,2024-07-16 06:54:59,119.5,done,2024-07-16 06:56:45
OF-2024-03105,ART-F19,Finition,100.8,Aluminium,Gris,396,MCH-01,CNC_FAST,2024-02-11 20:35:12,2024-02-11 22:48:36,18.1,done,2024-02-11 22:50:24
OF-2024-03106,ART-F27,Finition,162.2,Titane,Rouge,31,MCH-06,MANUAL,2024-03-05 17:57:23,2024-03-05 19:23:59,0.0,done,2024-03-05 19:25:25
OF-2024-03107,  ART-U08 ,Usinage,22.6,Inox,Noir,56,MCH-01,CNC_FAST,2024-08-01 15:12:41,2024-08-01 16:00:49,10.9,done,2024-08-01 16:04:20
OF-2024-03108,ART-U20,Usinage,23.4,Titane,Rouge,73,MCH-05,CNC_STD,2024-04-05 21:34:42,2024-04-05 23:37:45,0.0,done,2024-04-05 23:39:35
OF-2024-03109,ART-S25,Soudure,151.9,Acier,Bleu,61,MCH-07,MANUAL,28/01/2024 13:54,28/01/2024 20:43,79.8,done,28/01/2024 20:45
OF-2024-03110,ART-A18,Assemblage,15.6,Inox,Rouge,55,MCH-03,CNC_STD,2024-07-30 22:00:37,2024-07-30 22:37:57,0.0,done,2024-07-30 22:39:42
OF-2024-03111,ART-S21,Soudure,45.5,Inox,Vert,17,MCH-08,MANUAL,2024-05-26 10:45:51,2024-05-26 12:09:11,7.5,done,2024-05-26 12:10:11
OF-2024-03112,ART-F15,Finition,196.8,Titane,Jaune,55,MCH-06,MANUAL,2024-03-22 20:14:45,2024-03-22 23:17:11,0.0,done,2024-03-22 23:19:34
OF-2024-03113,ART-S13,Soudure,74.7,Acier,Jaune,40,MCH-11,ROBOT_CELL,2024-03-03 16:37:05,2024-03-03 18:29:52,0.0,done,2024-03-03 18:34:28
OF-2024-03114,ART-A10,Assemblage,48.9,Aluminium,Jaune,33,MCH-11,ROBOT_CELL,2024-01-27 10:00:15,2024-01-27 10:36:06,2.5,done,2024-01-27 10:39:55
OF-2024-03115,ART-F27,Finition,162.2,Titane,Rouge,78,MCH-02,CNC_FAST,2024-08-07 21:24:50,2024-08-07 22:56:28,18.0,done,2024-08-07 22:58:47
OF-2024-03116,ART-U04,Usinage,186.4,Inox,Rouge,12,MCH-04,CNC_STD,2024-06-28 08:55:00,2024-06-28 10:15:13,19.9,done,2024-06-28 10:17:35
OF-2024-03117,ART-S33,Soudure,195.1,Inox,Gris,370,MCH-09,ROBOT_CELL,2024-06-09 13:45:20,2024-06-10 14:05:33,0.0,done,2024-06-10 14:10:14
OF-2024-03118,ART-F31,Finition,25.3,Inox,Gris,15,MCH-07,MANUAL,15/05/2024 16:33,15/05/2024 16:55,0.0,done,15/05/2024 16:56
OF-2024-03119,ART-A30,Assemblage,130.4,Acier,Gris,43,MCH-06,MANUAL,2024-03-15 12:36:45,2024-03-15 14:24:05,0.0,done,2024-03-15 14:26:06
OF-2024-03120,ART-A18,Assemblage,15.6,Inox,Rouge,23,MCH-12,ROBOT_CELL,2024-08-13 16:00:45,2024-08-13 16:17:30,0.0,done,2024-08-13 16:21:12
OF-2024-03121,ART-S25,Soudure,151.9,Acier,Bleu,154,MCH-09,ROBOT_CELL,2024-08-14 07:54:52,2024-08-14 18:13:52,0.0,done,2024-08-14 18:14:42
OF-2024-03122,ART-F39,Finition,157.5,Titane,Jaune,8,MCH-01,CNC_FAST,2024-08-26 15:43:00,2024-08-26 16:02:23,0.0,done,2024-08-26 16:03:13
OF-2024-03123,ART-U04,Usinage,186.4,Inox,Rouge,286,MCH-04,CNC_STD,2024-05-27 12:12:25,2024-05-28 08:41:45,0.0,done,2024-05-28 08:44:45
OF-2024-03124,ART-A26,Assemblage,183.1,Inox,Rouge,60,MCH-11,ROBOT_CELL,2024-02-15 07:39:20,2024-02-15 09:16:28,0.0,done,2024-02-15 09:21:28
OF-2024-03125,ART-F19,Finition,100.8,Aluminium,Gris,237,MCH-08,MANUAL,2024-06-16 06:26:45,2024-06-16 09:49:40,51.1,done,2024-06-16 09:52:58
OF-2024-03126,ART-S13,Soudure,74.7,Acier,Jaune,37,MCH-09,ROBOT_CELL,2024-03-15 20:47:40,,0.0,aborted,2024-03-15 22:33:28
OF-2024-03127,ART-A02,Assemblage,36.9,Aluminium,Vert,250,MCH-08,MANUAL,2024-04-09 17:27:39,2024-04-09 19:57:29,48.9,done,2024-04-09 20:02:26
OF-2024-03128,ART-F27,Finition,162.2,Titane,Rouge,15,MCH-06,MANUAL,2024-05-23 06:53:12,2024-05-23 07:30:30,8.5,done,2024-05-23 07:34:45
OF-2024-03129,ART-U32,Usinage,131.7,Aluminium,Gris,24,MCH-02,CNC_FAST,2024-08-18 11:24:06,2024-08-18 12:07:26,0.0,done,2024-08-18 12:09:17
OF-2024-03130,ART-S29,Soudure,90.9,Aluminium,Vert,9,MCH-06,MANUAL,2024-07-06 09:58:44,2024-07-06 11:21:34,25.1,done,2024-07-06 11:26:30
OF-2024-03131,ART-U16,Usinage,144.1,Aluminium,Noir,264,MCH-02,CNC_FAST,2024-06-25 18:04:49,2024-06-25 22:35:37,0.0,done,2024-06-25 22:38:26
OF-2024-03132,ART-F15,Finition,196.8,Titane,Jaune,31,MCH-07,MANUAL,14/08/2024 08:01,,0.0,running,14/08/2024 09:53
OF-2024-03133,ART-U12,Usinage,23.0,Titane,Noir,153,MCH-01,CNC_FAST,2024-01-07 09:56:32,2024-01-07 12:38:29,55.0,done,2024-01-07 12:42:41
OF-2024-03134,ART-U24,Usinage,173.0,Aluminium,Vert,12,MCH-02,CNC_FAST,2024-04-11 16:24:28,2024-04-11 16:51:36,0.0,done,2024-04-11 16:56:12
OF-2024-03135,ART-U28,Usinage,115.2,Aluminium,Bleu,33,MCH-01,CNC_FAST,2024-04-05 11:39:30,2024-04-05 12:31:27,0.0,done,2024-04-05 12:34:59
OF-2024-03136,ART-U08,Usinage,22.6,Inox,Noir,17,MCH-01,CNC_FAST,2024-03-11 17:44:54,2024-03-11 18:06:15,0.0,done,2024-03-11 18:06:57
OF-2024-03137,ART-S33,Soudure,195.1,Inox,Gris,77,MCH-10,ROBOT_CELL,2024-01-15 15:08:50,2024-01-15 23:07:35,0.0,done,2024-01-15 23:09:52
OF-2024-03138,ART-A06,Assemblage,21.3,Acier,Noir,53,MCH-06,MANUAL,2024-01-31 13:40:06,2024-01-31 14:27:51,0.0,done,2024-01-31 14:31:02
OF-2024-03139,ART-S25,Soudure,151.9,Acier,Bleu,6,MCH-06,MANUAL,2024-07-22 06:18:41,2024-07-22 07:46:30,0.0,done,2024-07-22 07:49:23
OF-2024-03140,ART-U16,Usinage,144.1,Aluminium,Noir,31,MCH-02,CNC_FAST,2024-07-27 12:51:26,2024-07-27 13:52:59,0.0,done,2024-07-27 13:57:11
OF-2024-03141,ART-U28,Usinage,115.2,Aluminium,Bleu,229,MCH-05,CNC_STD,2024-05-17 13:16:29,2024-05-17 18:50:39,0.0,done,2024-05-17 18:51:26
OF-2024-03142,ART-U00,Usinage,184.0,Inox,Jaune,78,MCH-03,CNC_STD,2024-08-18 18:57:15,2024-08-18 23:54:26,0.0,done,2024-08-18 23:58:28
OF-2024-03143,ART-U32,Usinage,131.7,Aluminium,Gris,14,MCH-05,CNC_STD,2024-08-18 19:01:21,2024-08-18 19:50:21,0.0,done,2024-08-18 19:55:20
OF-2024-03144,ART-U08,Usinage,22.6,Inox,Noir,33,MCH-01,CNC_FAST,2024-01-23 07:07:05,2024-01-23 07:43:26,0.0,done,2024-01-23 07:47:30
OF-2024-03145,ART-U04,Usinage,186.4,Inox,Rouge,376,MCH-02,CNC_FAST,2024-01-07 16:49:25,2024-01-08 12:12:10,150.7,done,2024-01-08 12:13:11
OF-2024-03146,  ART-U16 ,Usinage,144.1,Aluminium,Noir,222,MCH-02,CNC_FAST,2024-04-27 19:18:40,2024-04-28 00:27:01,80.9,done,2024-04-28 00:30:52
OF-2024-03147,ART-U24,Usinage,173.0,Aluminium,Vert,50,MCH-03,CNC_STD,2024-05-12 09:47:16,2024-05-12 11:46:42,0.0,done,2024-05-12 11:49:34
OF-2024-03148,ART-S05,Soudure,38.9,Acier,Vert,48,MCH-10,ROBOT_CELL,2024-03-31 15:51:57,2024-03-31 17:20:09,14.9,done,2024-03-31 17:22:15
OF-2024-03149,ART-U28,Usinage,115.2,Aluminium,Bleu,400,MCH-04,CNC_STD,2024-04-24 07:53:45,2024-04-24 14:49:12,0.0,done,2024-04-24 14:53:41
OF-2024-03150,ART-U32,Usinage,131.7,Aluminium,Gris,21,MCH-01,CNC_FAST,2024-07-28 20:07:30,2024-07-28 20:47:17,10.6,done,2024-07-28 20:51:47
OF-2024-03151,ART-F15,Finition,196.8,Titane,Jaune,73,MCH-02,CNC_FAST,2024-02-12 16:35:18,2024-02-12 18:24:39,29.0,done,2024-02-12 18:26:28
OF-2024-03152,ART-F15,Finition,196.8,Titane,Jaune,57,MCH-02,CNC_FAST,2024-06-15 15:32:09,2024-06-15 16:52:19,0.0,done,2024-06-15 16:52:54
OF-2024-03153,ART-A22,Assemblage,105.9,Aluminium,Noir,73,MCH-10,ROBOT_CELL,2024-08-17 21:22:20,2024-08-17 22:27:21,0.0,done,2024-08-17 22:29:51
OF-2024-03154,art-u16,Usinage,144.1,Aluminium,Noir,23,MCH-02,CNC_FAST,2024-05-12 10:39:48,2024-05-12 11:22:20,5.5,done,2024-05-12 11:23:03
OF-2024-03155,ART-A10,Assemblage,48.9,Aluminium,Jaune,383,MCH-07,MANUAL,01/02/2024 07:09,01/02/2024 14:25,0.0,done,01/02/2024 14:27
OF-2024-03156,ARTF19,Finition,100.8,Aluminium,Gris,19,MCH-01,CNC_FAST,2024-05-26 18:01:52,,1.8,running,2024-05-26 18:18:47
OF-2024-03157,ART-F19,Finition,100.8,Aluminium,Gris,24,MCH-02,CNC_FAST,2024-06-18 07:31:46,2024-06-18 07:46:31,0.0,done,2024-06-18 07:49:02
OF-2024-03158,ART-U04,Usinage,186.4,Inox,Rouge,7,MCH-02,CNC_FAST,2024-01-12 09:39:52,2024-01-12 10:18:58,0.0,done,2024-01-12 10:20:33
OF-2024-03159,ART-U28,Usinage,115.2,Aluminium,Bleu,8,MCH-04,CNC_STD,2024-08-15 12:49:56,,3.9,running,2024-08-15 13:26:47
OF-2024-03160,ART-A02,Assemblage,36.9,Aluminium,Vert,63,MCH-10,ROBOT_CELL,2024-05-03 16:11:58,2024-05-03 16:41:40,0.0,done,2024-05-03 16:42:36
OF-2024-03161,ART-U32,Usinage,131.7,Aluminium,Gris,64,MCH-01,CNC_FAST,2024-01-15 12:47:07,2024-01-15 14:53:51,0.0,done,2024-01-15 14:58:40
OF-2024-03162,ART-U24,Usinage,173.0,Aluminium,Vert,270,MCH-02,CNC_FAST,2024-04-27 09:47:26,2024-04-27 15:22:13,116.9,done,2024-04-27 15:22:52
OF-2024-03163,ART-U20,Usinage,23.4,Titane,Rouge,70,MCH-04,CNC_STD,2024-03-10 14:18:13,2024-03-10 16:09:47,0.0,done,2024-03-10 16:10:32
OF-2024-03164,ART-F19,Finition,100.8,Aluminium,Gris,339,MCH-02,CNC_FAST,2024-08-14 12:59:27,2024-08-14 15:35:04,0.0,done,2024-08-14 15:36:45
OF-2024-03165,ART-F27,Finition,162.2,Titane,Rouge,385,MCH-07,MANUAL,26/03/2024 18:49,27/03/2024 06:02,0.0,done,27/03/2024 06:03
OF-2024-03166,ART-U12,Usinage,23.0,Titane,Noir,20,MCH-02,CNC_FAST,2024-08-05 17:58:52,2024-08-05 18:27:32,0.0,done,2024-08-05 18:31:00
OF-2024-03167,ART-F23,Finition,23.0,Acier,Gris,246,MCH-01,CNC_FAST,2024-04-14 16:34:31,2024-04-14 17:17:49,0.0,done,2024-04-14 17:21:17
OF-2024-03168,ART-U16,Usinage,144.1,Aluminium,Noir,171,MCH-05,CNC_STD,2024-01-14 17:36:08,2024-01-15 00:31:13,29.1,done,2024-01-15 00:35:07
OF-2024-03169,ART-S25,Soudure,151.9,Acier,Bleu,57,MCH-08,MANUAL,2024-02-27 21:40:27,2024-02-28 03:41:02,101.7,done,2024-02-28 03:43:48
OF-2024-03170,ART-U04,Usinage,186.4,Inox,Rouge,35,MCH-02,CNC_FAST,2024-08-20 13:43:42,2024-08-20 13:18:42,7.5,done,2024-08-20 15:50:31
OF-2024-03171,ART-F15,Finition,196.8,Titane,Jaune,50,MCH-08,MANUAL,2024-05-13 19:37:04,2024-05-13 22:01:13,19.0,done,2024-05-13 22:03:31
OF-2024-03172,ART-A18,Assemblage,15.6,Inox,Rouge,20,MCH-03,CNC_STD,2024-03-01 17:28:25,2024-03-01 17:45:28,0.0,done,2024-03-01 17:49:57
OF-2024-03173,ART-S29,Soudure,90.9,Aluminium,Vert,42,MCH-10,ROBOT_CELL,2024-08-26 16:17:45,2024-08-26 18:41:54,0.0,done,2024-08-26 18:44:29
OF-2024-03174,ART-U32,Usinage,131.7,Aluminium,Gris,319,MCH-03,CNC_STD,2024-05-07 12:46:21,2024-05-07 22:18:21,145.2,done,2024-05-07 22:21:53
OF-2024-03175,ART-S17,Soudure,16.0,Acier,Bleu,6,MCH-07,MANUAL,18/04/2024 09:13,18/04/2024 09:55,0.0,done,18/04/2024 09:56
OF-2024-03176,ART-A26,Assemblage,183.1,Inox,Rouge,12,MCH-06,MANUAL,2024-08-15 17:54:40,2024-08-15 18:50:41,15.4,done,2024-08-15 18:53:30
OF-2024-03177,ART-F19,Finition,100.8,Aluminium,Gris,56,MCH-06,MANUAL,2024-01-01 15:12:50,2024-01-01 16:27:36,0.0,done,2024-01-01 16:30:41
OF-2024-03178,ART-F19,Finition,100.8,Aluminium,Gris,165,MCH-07,MANUAL,08/07/2024 17:00,08/07/2024 19:28,0.0,done,08/07/2024 19:33
OF-2024-03179,ART-A26,Assemblage,183.1,Inox,Rouge,71,MCH-06,MANUAL,2024-07-22 09:51:55,2024-07-22 13:25:45,0.0,done,2024-07-22 13:29:23
OF-2024-03180,ART-F11,Finition,147.9,Acier,Gris,7,MCH-01,CNC_FAST,2024-06-20 06:59:15,2024-06-20 07:11:13,0.0,done,2024-06-20 07:11:45
OF-2024-03181,ART-A02,Assemblage,36.9,Aluminium,Vert,25,MCH-10,ROBOT_CELL,2024-03-05 14:12:33,2024-03-05 14:34:45,2.9,done,2024-03-05 14:37:37
OF-2024-03182,  ART-A06 ,Assemblage,21.3,Acier,Noir,33,MCH-10,ROBOT_CELL,2024-02-29 21:03:03,2024-02-29 21:25:08,0.0,done,2024-02-29 21:30:03
OF-2024-03183,ART-U04,Usinage,186.4,Inox,Rouge,44,MCH-05,CNC_STD,2024-08-24 18:21:39,2024-08-24 21:12:34,0.0,done,2024-08-24 21:15:00
OF-2024-03184,ART-F19,Finition,100.8,Aluminium,Gris,117,MCH-01,CNC_FAST,2024-04-13 09:01:50,2024-04-13 09:54:02,0.0,done,2024-04-13 09:55:48
OF-2024-03185,ART-F19,Finition,100.8,Aluminium,Gris,160,MCH-01,CNC_FAST,2024-02-26 07:18:35,2024-02-26 08:25:03,0.0,done,2024-02-26 08:25:48
OF-2024-03186,ARTF19,Finition,100.8,Aluminium,Gris,32,MCH-06,MANUAL,2024-07-17 15:52:08,2024-07-17 16:22:43,0.0,done,2024-07-17 16:26:19
OF-2024-03187,ART-A10,Assemblage,48.9,Aluminium,Jaune,33,MCH-09,ROBOT_CELL,2024-05-03 14:36:40,2024-05-03 15:06:21,0.0,done,2024-05-03 15:07:22
OF-2024-03188,ART-U28,Usinage,115.2,Aluminium,Bleu,26,MCH-03,CNC_STD,2024-04-24 08:37:28,2024-04-24 09:31:17,0.0,done,2024-04-24 09:32:41
OF-2024-03189,ART-S25,Soudure,151.9,Acier,Bleu,32,MCH-07,MANUAL,27/02/2024 16:17,27/02/2024 20:48,19.4,done,27/02/2024 20:49
OF-2024-03190,ART-U20,Usinage,23.4,Titane,Rouge,33,MCH-05,CNC_STD,2024-06-17 13:15:46,2024-06-17 14:24:48,0.0,done,2024-06-17 14:28:00
OF-2024-03191,ART-U24,Usinage,173.0,Aluminium,Vert,69,MCH-03,CNC_STD,2024-07-31 21:18:51,2024-07-31 23:32:22,32.0,done,2024-07-31 23:34:53
OF-2024-03192,ART-U04,Usinage,186.4,Inox,Rouge,67,MCH-04,CNC_STD,2024-02-01 14:14:08,2024-02-01 19:16:54,0.0,done,2024-02-01 19:20:26
OF-2024-03193,ART-F11,Finition,147.9,Acier,Gris,270,MCH-01,CNC_FAST,2024-01-15 15:17:42,2024-01-15 18:31:31,11.4,done,2024-01-15 18:32:43
OF-2024-03194,ART-A22,Assemblage,105.9,Aluminium,Noir,120,MCH-05,CNC_STD,2024-08-16 21:35:01,2024-08-16 23:31:06,34.8,done,2024-08-16 23:34:40
OF-2024-03195,ART-S25,Soudure,151.9,Acier,Bleu,69,MCH-09,ROBOT_CELL,2024-06-21 20:00:12,2024-06-21 23:47:55,0.0,done,2024-06-21 23:51:11
OF-2024-03196,ARTU16,Usinage,144.1,Aluminium,Noir,78,MCH-04,CNC_STD,2024-06-07 19:08:05,2024-06-07 21:40:23,8.7,done,2024-06-07 21:45:01
OF-2024-03197,ART-S09,Soudure,11.4,Acier,Jaune,221,MCH-11,ROBOT_CELL,2024-04-16 07:08:57,2024-04-16 11:05:00,0.0,done,2024-04-16 11:06:35
OF-2024-03198,ART-U00,Usinage,184.0,Inox,Jaune,44,MCH-01,CNC_FAST,2024-01-27 13:24:37,2024-01-27 15:24:33,0.0,done,2024-01-27 15:29:18
OF-2024-03199,ART-F07,Finition,147.0,Acier,Gris,58,MCH-08,MANUAL,2024-06-17 11:24:15,2024-06-17 12:52:18,21.3,done,2024-06-17 12:53:50
OF-2024-03200,ART-U24,Usinage,173.0,Aluminium,Vert,197,MCH-04,CNC_STD,2024-01-04 17:05:02,2024-01-05 01:21:27,161.3,done,2024-01-05 01:24:22
OF-2024-03201,ART-F15,Finition,196.8,Titane,Jaune,25,MCH-07,MANUAL,11/08/2024 07:19,11/08/2024 09:00,20.3,done,11/08/2024 09:01
OF-2024-03202,ART-S13,Soudure,74.7,Acier,Jaune,239,MCH-06,MANUAL,2024-04-30 17:39:28,2024-05-01 08:34:12,0.0,done,2024-05-01 08:35:20
OF-2024-03203,ART-U24,Usinage,173.0,Aluminium,Vert,348,MCH-04,CNC_STD,2024-01-23 09:50:42,2024-01-23 21:07:54,0.0,done,2024-01-23 21:11:08
OF-2024-03204,ART-S25,Soudure,151.9,Acier,Bleu,32,MCH-07,MANUAL,29/07/2024 08:23,29/07/2024 12:46,0.0,done,29/07/2024 12:49
OF-2024-03205,ART-U00,Usinage,184.0,Inox,Jaune,362,MCH-03,CNC_STD,2024-06-15 15:40:54,2024-06-16 08:28:59,0.0,done,2024-06-16 08:31:11
OF-2024-03206,ART-A10,Assemblage,48.9,Aluminium,Jaune,16,MCH-05,CNC_STD,2024-04-17 19:38:45,2024-04-17 20:04:54,0.0,done,2024-04-17 20:09:31
OF-2024-03207,ARTA06,Assemblage,21.3,Acier,Noir,368,MCH-12,ROBOT_CELL,2024-06-20 12:41:49,2024-06-20 15:07:25,0.0,done,2024-06-20 15:10:19
OF-2024-03208,ART-U28,Usinage,115.2,Aluminium,Bleu,57,MCH-03,CNC_STD,2024-06-25 20:53:34,2024-06-25 22:39:05,5.3,done,2024-06-25 22:43:04
OF-2024-03209,ART-U16,Usinage,144.1,Aluminium,Noir,31,MCH-04,CNC_STD,2024-08-25 20:11:43,2024-08-25 21:19:26,21.0,done,2024-08-25 21:21:52
OF-2024-03210,ART-S25,Soudure,151.9,Acier,Bleu,397,MCH-09,ROBOT_CELL,2024-06-11 15:49:18,2024-06-12 14:43:05,0.0,done,2024-06-12 14:47:01
OF-2024-03211,ART-S13,Soudure,74.7,Acier,Jaune,71,MCH-07,MANUAL,26/06/2024 14:53,26/06/2024 19:50,0.0,done,26/06/2024 19:51
OF-2024-03212,ART-A26,Assemblage,183.1,Inox,Rouge,62,MCH-10,ROBOT_CELL,2024-07-31 16:37:27,2024-07-31 18:43:29,0.0,done,2024-07-31 18:48:28
OF-2024-03213,ART-U04,Usinage,186.4,Inox,Rouge,250,MCH-02,CNC_FAST,2024-06-18 15:09:37,2024-06-19 01:58:37,203.4,done,2024-06-19 02:02:17
OF-2024-03214,ART-S21,Soudure,45.5,Inox,Vert,310,MCH-07,MANUAL,24/08/2024 17:31,25/08/2024 12:01,298.6,done,25/08/2024 12:04
OF-2024-03215,ART-A06,Assemblage,21.3,Acier,Noir,343,MCH-07,MANUAL,04/01/2024 06:14,04/01/2024 10:56,0.0,done,04/01/2024 11:01
OF-2024-03216,ART-A26,Assemblage,183.1,Inox,Rouge,109,MCH-08,MANUAL,2024-05-14 08:13:41,2024-05-14 14:00:08,0.0,done,2024-05-14 14:00:46
OF-2024-03217,ART-A10,Assemblage,48.9,Aluminium,Jaune,397,MCH-06,MANUAL,2024-02-16 14:28:35,2024-02-16 20:50:06,0.0,done,2024-02-16 20:52:12
OF-2024-03218,ART-S25,Soudure,151.9,Acier,Bleu,224,MCH-11,ROBOT_CELL,2024-06-05 11:18:44,2024-06-06 01:31:06,0.0,done,2024-06-06 01:33:51
OF-2024-03219,ART-A06,Assemblage,21.3,Acier,Noir,240,MCH-05,CNC_STD,2024-02-02 18:52:07,2024-02-02 20:44:35,14.7,done,2024-02-02 20:45:37
OF-2024-03220,ART-S13,Soudure,74.7,Acier,Jaune,10,MCH-08,MANUAL,2024-06-22 21:01:52,2024-06-22 22:22:08,21.4,done,2024-06-22 22:23:58
OF-2024-03221,ART-S25,Soudure,151.9,Acier,Bleu,66,MCH-08,MANUAL,2024-07-14 16:06:17,2024-07-14 23:23:24,109.9,done,2024-07-14 23:24:14
OF-2024-03222,ART-U32-MM,Usinage,131.7,Aluminium,Gris,336,MCH-02,CNC_FAST,2024-05-14 17:59:05,,0.0,running,2024-05-14 23:45:29
OF-2024-03223,ART-A10,Assemblage,48.9,Aluminium,Jaune,144,MCH-10,ROBOT_CELL,2024-01-17 12:38:49,2024-01-17 14:26:01,0.0,done,2024-01-17 14:28:27
OF-2024-03224,ART-S13,Soudure,74.7,Acier,Jaune,30,MCH-08,MANUAL,2024-04-15 09:00:52,2024-04-15 12:20:35,0.0,done,2024-04-15 12:21:55
OF-2024-03225,ART-A22,Assemblage,105.9,Aluminium,Noir,15,MCH-06,MANUAL,2024-02-14 20:38:11,2024-02-14 21:09:43,0.0,done,2024-02-14 21:12:33
OF-2024-03226,ART-U20,Usinage,23.4,Titane,Rouge,19,MCH-03,CNC_STD,2024-01-16 15:54:38,2024-01-16 16:39:10,4.9,done,2024-01-16 16:43:19
OF-2024-03227,ART-S25,Soudure,151.9,Acier,Bleu,17,MCH-08,MANUAL,2024-02-07 12:35:48,,0.0,running,2024-02-07 15:07:55
OF-2024-03228,  ART-F11 ,Finition,147.9,Acier,Gris,302,MCH-08,MANUAL,2024-06-19 15:07:30,2024-06-19 21:12:32,35.0,done,2024-06-19 21:16:23
OF-2024-03229,ART-S33,Soudure,195.1,Inox,Gris,68,MCH-10,ROBOT_CELL,2024-02-26 15:17:09,2024-02-26 21:29:19,0.0,done,2024-02-26 21:31:43
OF-2024-03230,ART-U12,Usinage,23.0,Titane,Noir,51,MCH-05,CNC_STD,2024-03-25 07:31:16,2024-03-25 08:37:50,0.0,done,2024-03-25 08:39:25
OF-2024-03231,ART-A10,Assemblage,48.9,Aluminium,Jaune,52,MCH-03,CNC_STD,2024-02-05 12:13:17,2024-02-05 13:17:01,7.1,done,2024-02-05 13:20:38
OF-2024-03232,  ART-U20 ,Usinage,23.4,Titane,Rouge,56,MCH-05,CNC_STD,2024-01-01 07:32:57,2024-01-01 09:35:07,0.0,done,2024-01-01 09:37:39
OF-2024-03233,ART-U32,Usinage,131.7,Aluminium,Gris,71,MCH-02,CNC_FAST,2024-03-17 09:27:50,2024-03-17 10:54:13,6.0,done,2024-03-17 10:55:03
OF-2024-03234,ARTU32,Usinage,131.7,Aluminium,Gris,64,MCH-05,CNC_STD,2024-01-04 15:06:44,2024-01-04 18:01:23,45.0,done,2024-01-04 18:03:36
OF-2024-03235,ART-F15,Finition,196.8,Titane,Jaune,145,MCH-08,MANUAL,2024-03-29 07:29:45,2024-03-29 14:27:15,0.0,done,2024-03-29 14:29:45
OF-2024-03236,ART-F15,Finition,196.8,Titane,Jaune,312,MCH-02,CNC_FAST,2024-07-18 20:17:13,2024-07-19 03:50:57,0.0,done,2024-07-19 03:55:49
OF-2024-03237,ART-U24,Usinage,173.0,Aluminium,Vert,55,MCH-01,CNC_FAST,2024-03-29 07:36:20,2024-03-29 09:05:07,5.6,done,2024-03-29 09:09:37
OF-2024-03238,ART-F27,Finition,162.2,Titane,Rouge,49,MCH-07,MANUAL,03/04/2024 09:44,03/04/2024 11:42,0.0,done,03/04/2024 11:45
OF-2024-03239,ART-U32,Usinage,131.7,Aluminium,Gris,24,MCH-03,CNC_STD,2024-07-10 18:07:53,,16.4,aborted,2024-07-10 19:02:12
OF-2024-03240,ART-S29,Soudure,90.9,Aluminium,Vert,21,MCH-08,MANUAL,2024-04-16 13:49:05,2024-04-16 15:38:57,0.0,done,2024-04-16 15:40:23
OF-2024-03241,ART-F27,Finition,162.2,Titane,Rouge,226,MCH-02,CNC_FAST,2024-04-23 17:40:24,2024-04-23 21:09:28,0.0,done,2024-04-23 21:11:10
OF-2024-03242,art-u20,Usinage,23.4,Titane,Rouge,28,MCH-05,CNC_STD,2024-03-30 18:20:38,2024-03-30 19:06:55,0.0,done,2024-03-30 19:09:06
OF-2024-03243,ART-S33,Soudure,195.1,Inox,Gris,66,MCH-06,MANUAL,2024-02-21 10:55:07,2024-02-21 21:10:15,0.0,done,2024-02-21 21:11:49
OF-2024-03244,ART-U32-MM,Usinage,131.7,Aluminium,Gris,218,MCH-03,CNC_STD,2024-02-08 06:39:50,2024-02-08 12:49:07,117.3,done,2024-02-08 12:50:27
OF-2024-03245,ART-S25,Soudure,151.9,Acier,Bleu,36,MCH-09,ROBOT_CELL,2024-01-22 17:12:41,2024-01-22 20:25:19,0.0,done,2024-01-22 20:30:08
OF-2024-03246,ART-F27,Finition,162.2,Titane,Rouge,19,MCH-02,CNC_FAST,2024-02-18 09:05:15,2024-02-18 09:33:44,0.0,done,2024-02-18 09:34:52
OF-2024-03247,ART-U16,Usinage,144.1,Aluminium,Noir,62,MCH-01,CNC_FAST,2024-08-08 15:23:44,2024-08-08 16:59:39,0.0,done,2024-08-08 17:01:51
OF-2024-03248,ART-A06,Assemblage,21.3,Acier,Noir,15,MCH-06,MANUAL,2024-05-16 15:22:29,2024-05-16 15:41:09,0.0,done,2024-05-16 15:44:52
OF-2024-03249,ART-U20,Usinage,23.4,Titane,Rouge,20,MCH-01,CNC_FAST,2024-01-02 10:03:13,2024-01-02 10:36:42,0.0,done,2024-01-02 10:39:30
OF-2024-03250,art-u08,Usinage,22.6,Inox,Noir,76,MCH-04,CNC_STD,2024-04-17 10:23:13,2024-04-17 11:42:05,21.6,done,2024-04-17 11:46:49
OF-2024-03251,ARTU16,Usinage,144.1,Aluminium,Noir,239,MCH-01,CNC_FAST,2024-01-14 10:12:03,2024-01-14 17:13:22,0.0,done,2024-01-14 17:14:46
OF-2024-03252,ART-A06,Assemblage,21.3,Acier,Noir,35,MCH-08,MANUAL,2024-01-01 18:49:20,2024-01-01 19:33:33,0.0,done,2024-01-01 19:38:03
OF-2024-03253,ART-A26,Assemblage,183.1,Inox,Rouge,75,MCH-11,ROBOT_CELL,2024-05-11 21:25:16,2024-05-11 23:15:51,0.0,done,2024-05-11 23:20:00
OF-2024-03254,ART-S25,Soudure,151.9,Acier,Bleu,27,MCH-07,MANUAL,17/06/2024 21:09,18/06/2024 00:52,0.0,done,18/06/2024 00:53
OF-2024-03255,ARTU32,Usinage,131.7,Aluminium,Gris,13,MCH-04,CNC_STD,2024-07-02 07:49:29,2024-07-02 08:34:09,5.0,done,2024-07-02 08:34:45
OF-2024-03256,ART-S29,Soudure,90.9,Aluminium,Vert,38,MCH-11,ROBOT_CELL,2024-04-28 09:16:56,2024-04-28 11:05:57,28.5,done,2024-04-28 11:08:49
OF-2024-03257,ART-F27,Finition,162.2,Titane,Rouge,62,MCH-02,CNC_FAST,2024-06-10 11:40:11,2024-06-10 12:52:26,0.0,done,2024-06-10 12:54:24
OF-2024-03258,ART-U28,Usinage,115.2,Aluminium,Bleu,48,MCH-01,CNC_FAST,2024-08-23 07:19:06,2024-08-23 08:16:21,0.0,done,2024-08-23 08:17:30
OF-2024-03259,ART-U32,Usinage,131.7,Aluminium,Gris,9,MCH-03,CNC_STD,2024-01-18 12:05:22,,0.0,aborted,2024-01-18 12:48:07
OF-2024-03260,ART-U28,Usinage,115.2,Aluminium,Bleu,56,MCH-02,CNC_FAST,2024-03-29 15:47:42,,0.0,running,2024-03-29 16:48:51
OF-2024-03261,ART-U28,Usinage,115.2,Aluminium,Bleu,266,MCH-02,CNC_FAST,2024-05-21 14:24:01,2024-05-21 18:43:39,0.0,done,2024-05-21 18:44:42
OF-2024-03262,ART-F15,Finition,196.8,Titane,Jaune,312,MCH-07,MANUAL,21/04/2024 14:15,22/04/2024 02:59,0.0,done,22/04/2024 02:59
OF-2024-03263,ART-U32,Usinage,131.7,Aluminium,Gris,47,MCH-02,CNC_FAST,2024-04-16 16:05:29,2024-04-16 17:06:27,14.0,done,2024-04-16 17:10:05
OF-2024-03264,ART-S05,Soudure,38.9,Acier,Vert,64,MCH-11,ROBOT_CELL,2024-08-17 08:48:12,2024-08-17 10:48:38,0.0,done,2024-08-17 10:53:03
OF-2024-03265,ART-A02,Assemblage,36.9,Aluminium,Vert,31,MCH-11,ROBOT_CELL,2024-01-31 13:36:11,2024-01-31 14:03:27,8.4,done,2024-01-31 14:08:04
OF-2024-03266,ART-S25,Soudure,151.9,Acier,Bleu,115,MCH-10,ROBOT_CELL,2024-02-21 07:56:02,2024-02-21 16:04:43,0.0,done,2024-02-21 16:09:31
OF-2024-03267,ART-S13,Soudure,74.7,Acier,Jaune,153,MCH-09,ROBOT_CELL,2024-04-27 10:40:23,2024-04-27 16:58:42,0.0,done,2024-04-27 17:01:53
OF-2024-03268,ART-A02,Assemblage,36.9,Aluminium,Vert,51,MCH-06,MANUAL,2024-06-26 17:28:12,,3.1,running,2024-06-26 18:32:41
OF-2024-03269,ART-S05,Soudure,38.9,Acier,Vert,43,MCH-11,ROBOT_CELL,2024-02-13 19:19:37,2024-02-13 20:32:42,0.0,done,2024-02-13 20:34:20
OF-2024-03270,ART-A22,Assemblage,105.9,Aluminium,Noir,245,MCH-05,CNC_STD,2024-04-05 08:53:40,2024-04-05 12:05:36,0.0,done,2024-04-05 12:08:46
OF-2024-03271,ART-U28,Usinage,115.2,Aluminium,Bleu,77,MCH-02,CNC_FAST,2024-06-07 07:33:52,2024-06-07 09:06:52,0.0,done,2024-06-07 09:09:24
OF-2024-03272,ART-F15,Finition,196.8,Titane,Jaune,20,MCH-06,MANUAL,2024-04-28 21:25:17,2024-04-28 22:27:43,11.9,done,2024-04-28 22:30:44
OF-2024-03273,ART-U16,Usinage,144.1,Aluminium,Noir,31,MCH-03,CNC_STD,2024-06-22 15:50:18,2024-06-22 16:54:42,0.0,done,2024-06-22 16:57:47
OF-2024-03274,ART-F15,Finition,196.8,Titane,Jaune,65,MCH-08,MANUAL,2024-05-29 07:17:29,2024-05-29 10:05:16,0.0,done,2024-05-29 10:09:17
OF-2024-03275,ART-A26,Assemblage,183.1,Inox,Rouge,159,MCH-11,ROBOT_CELL,2024-02-10 20:57:59,2024-02-11 01:41:04,0.0,done,2024-02-11 01:45:09
OF-2024-03276,ART-F19,Finition,100.8,Aluminium,Gris,229,MCH-08,MANUAL,2024-03-16 15:00:48,2024-03-16 17:42:02,0.0,done,2024-03-16 17:43:56
OF-2024-03277,ART-S21,Soudure,45.5,Inox,Vert,385,MCH-09,ROBOT_CELL,2024-02-23 11:37:19,2024-02-24 01:46:32,84.2,done,2024-02-24 01:50:37
OF-2024-03278,ART-A06,Assemblage,21.3,Acier,Noir,53,MCH-10,ROBOT_CELL,2024-05-03 11:42:57,2024-05-03 12:07:16,5.9,done,2024-05-03 12:09:36
OF-2024-03279,ART-F19-MM,Finition,100.8,Aluminium,Gris,55,MCH-08,MANUAL,2024-07-28 11:04:27,2024-07-28 12:01:20,0.0,done,2024-07-28 12:03:02
OF-2024-03280,ART-F15,Finition,196.8,Titane,Jaune,5,MCH-01,CNC_FAST,2024-01-18 07:23:34,,5.6,aborted,2024-01-18 07:48:54
OF-2024-03281,ART-U04,Usinage,186.4,Inox,Rouge,36,MCH-05,CNC_STD,2024-05-04 06:08:11,2024-05-04 09:18:27,37.1,done,2024-05-04 09:22:45
OF-2024-03282,ART-S21,Soudure,45.5,Inox,Vert,212,MCH-08,MANUAL,2024-03-10 20:22:50,2024-03-11 09:20:36,127.0,done,2024-03-11 09:23:24
OF-2024-03283,ART-A26,Assemblage,183.1,Inox,Rouge,30,MCH-05,CNC_STD,2024-01-27 16:36:09,2024-01-27 17:49:59,24.9,done,2024-01-27 17:52:43
OF-2024-03284,ART-F31,Finition,25.3,Inox,Gris,345,MCH-07,MANUAL,28/04/2024 17:43,28/04/2024 21:32,0.0,done,28/04/2024 21:36
OF-2024-03285,ART-U24,Usinage,173.0,Aluminium,Vert,54,MCH-02,CNC_FAST,2024-06-07 15:06:17,2024-06-07 16:16:04,0.0,done,2024-06-07 16:16:59
OF-2024-03286,ART-U16,Usinage,144.1,Aluminium,Noir,45,MCH-05,CNC_STD,2024-07-21 17:35:43,2024-07-21 19:03:23,0.0,done,2024-07-21 19:04:46
OF-2024-03287,ART-S25,Soudure,151.9,Acier,Bleu,79,MCH-08,MANUAL,2024-02-16 10:10:30,2024-02-16 19:00:19,0.0,done,2024-02-16 19:03:14
OF-2024-03288,ARTF19,Finition,100.8,Aluminium,Gris,232,MCH-07,MANUAL,29/06/2024 12:08,29/06/2024 15:28,0.0,done,29/06/2024 15:32
OF-2024-03289,ART-S25,Soudure,151.9,Acier,Bleu,122,MCH-11,ROBOT_CELL,2024-03-04 17:53:20,2024-03-05 01:17:17,0.0,done,2024-03-05 01:21:47
OF-2024-03290,ART-U32,Usinage,131.7,Aluminium,Gris,125,MCH-05,CNC_STD,2024-05-19 06:21:12,2024-05-19 09:52:53,0.0,done,2024-05-19 09:53:50
OF-2024-03291,ART-U04,Usinage,186.4,Inox,Rouge,32,MCH-04,CNC_STD,2024-01-17 16:03:35,2024-01-17 18:49:36,12.3,done,2024-01-17 18:52:55
OF-2024-03292,ART-U04,Usinage,186.4,Inox,Rouge,14,MCH-04,CNC_STD,2024-07-04 13:02:09,2024-07-04 14:20:50,22.1,done,2024-07-04 14:22:38
OF-2024-03293,ART-F27,Finition,162.2,Titane,Rouge,324,MCH-01,CNC_FAST,2024-07-09 10:50:16,2024-07-09 16:15:04,0.0,done,2024-07-09 16:17:40
OF-2024-03294,ART-S25,Soudure,151.9,Acier,Bleu,279,MCH-11,ROBOT_CELL,2024-08-12 16:29:04,2024-08-13 10:39:01,291.2,done,2024-08-13 10:41:48
OF-2024-03295,ART-S25,Soudure,151.9,Acier,Bleu,60,MCH-08,MANUAL,2024-04-19 12:31:56,2024-04-19 18:45:20,0.0,done,2024-04-19 18:48:05
OF-2024-03296,ART-S13,Soudure,74.7,Acier,Jaune,38,MCH-10,ROBOT_CELL,2024-03-04 14:17:37,2024-03-04 15:54:52,32.7,done,2024-03-04 15:56:52
OF-2024-03297,ART-S25,Soudure,151.9,Acier,Bleu,36,MCH-08,MANUAL,2024-03-30 10:44:39,2024-03-30 15:32:40,81.5,done,2024-03-30 15:36:49
OF-2024-03298,ART-S13,Soudure,74.7,Acier,Jaune,275,MCH-11,ROBOT_CELL,2024-03-15 17:55:23,2024-03-16 04:57:48,0.0,done,2024-03-16 05:02:44
OF-2024-03299,ART-S13,Soudure,74.7,Acier,Jaune,71,MCH-11,ROBOT_CELL,2024-07-05 19:41:20,2024-07-05 22:54:52,0.0,done,2024-07-05 22:55:59
OF-2024-03300,ART-A26,Assemblage,183.1,Inox,Rouge,45,MCH-06,MANUAL,2024-01-02 18:18:25,2024-01-02 21:43:35,0.0,done,2024-01-02 21:48:21
OF-2024-03301,ART-S21,Soudure,45.5,Inox,Vert,76,MCH-09,ROBOT_CELL,2024-08-13 13:57:16,2024-08-13 17:13:06,0.0,done,2024-08-13 17:15:44
OF-2024-03302,ART-U16,Usinage,144.1,Aluminium,Noir,42,MCH-02,CNC_FAST,2024-02-21 12:17:01,,0.0,running,2024-02-21 13:21:38
OF-2024-03303,ART-U16,Usinage,144.1,Aluminium,Noir,19,MCH-01,CNC_FAST,2024-03-09 11:07:05,2024-03-09 11:46:54,0.0,done,2024-03-09 11:51:35
OF-2024-03304,ART-A18,Assemblage,15.6,Inox,Rouge,39,MCH-08,MANUAL,2024-03-29 09:22:34,2024-03-29 09:59:55,0.0,done,2024-03-29 10:03:06
OF-2024-03305,ART-A06-MM,Assemblage,21.3,Acier,Noir,53,MCH-12,ROBOT_CELL,2024-08-07 13:35:46,2024-08-07 14:04:47,3.9,done,2024-08-07 14:08:04
OF-2024-03306,ART-A02,Assemblage,36.9,Aluminium,Vert,36,MCH-09,ROBOT_CELL,2024-05-21 18:28:15,2024-05-21 18:52:02,0.0,done,2024-05-21 18:53:44
OF-2024-03307,art-f07,Finition,147.0,Acier,Gris,11,MCH-02,CNC_FAST,2024-01-10 19:46:27,2024-01-10 20:03:44,2.7,done,2024-01-10 20:08:02
OF-2024-03308,ART-U12,Usinage,23.0,Titane,Noir,77,MCH-02,CNC_FAST,2024-05-10 11:43:37,2024-05-10 11:33:37,0.0,done,2024-05-10 13:00:44
OF-2024-03309,ART-S29,Soudure,90.9,Aluminium,Vert,76,MCH-09,ROBOT_CELL,2024-03-04 16:47:20,2024-03-04 20:09:10,0.0,done,2024-03-04 20:09:55
OF-2024-03310,ART-U28,Usinage,115.2,Aluminium,Bleu,317,MCH-02,CNC_FAST,2024-06-24 07:19:16,2024-06-24 12:13:36,0.0,done,2024-06-24 12:15:27
OF-2024-03311,art-s05,Soudure,38.9,Acier,Vert,12,MCH-12,ROBOT_CELL,2024-05-23 12:53:44,2024-05-23 13:28:19,0.0,done,2024-05-23 13:28:57
OF-2024-03312,ART-F23,Finition,23.0,Acier,Gris,22,MCH-01,CNC_FAST,2024-04-20 15:12:33,2024-04-20 15:22:25,0.0,done,2024-04-20 15:27:22
OF-2024-03313,ART-S21,Soudure,45.5,Inox,Vert,34,MCH-08,MANUAL,2024-04-21 15:25:59,2024-04-21 17:53:58,0.0,done,2024-04-21 17:58:49
OF-2024-03314,ART-U08,Usinage,22.6,Inox,Noir,70,MCH-02,CNC_FAST,2024-02-20 12:41:22,2024-02-20 13:47:05,0.0,done,2024-02-20 13:50:47
OF-2024-03315,ART-S29,Soudure,90.9,Aluminium,Vert,37,MCH-06,MANUAL,2024-06-14 19:20:42,2024-06-14 22:22:10,63.4,done,2024-06-14 22:23:44
OF-2024-03316,ART-U32,Usinage,131.7,Aluminium,Gris,45,MCH-03,CNC_STD,2024-03-09 12:14:05,2024-03-09 13:46:42,0.0,done,2024-03-09 13:48:55
OF-2024-03317,ART-A22,Assemblage,105.9,Aluminium,Noir,45,MCH-06,MANUAL,2024-07-07 15:18:49,2024-07-07 16:27:54,0.0,done,2024-07-07 16:32:34
OF-2024-03318,ART-U32,Usinage,131.7,Aluminium,Gris,66,MCH-04,CNC_STD,2024-03-18 16:05:10,2024-03-18 18:14:45,0.0,done,2024-03-18 18:15:26
OF-2024-03319,ART-F15,Finition,196.8,Titane,Jaune,208,MCH-06,MANUAL,2024-05-22 06:04:59,2024-05-22 15:14:10,0.0,done,2024-05-22 15:14:49
OF-2024-03320,ART-F15,Finition,196.8,Titane,Jaune,251,MCH-06,MANUAL,2024-01-18 16:32:25,2024-01-19 03:49:20,0.0,done,2024-01-19 03:51:22
OF-2024-03321,  ART-U08 ,Usinage,22.6,Inox,Noir,5,MCH-01,CNC_FAST,2024-08-09 11:57:18,2024-08-09 12:11:53,0.0,done,2024-08-09 12:16:01
OF-2024-03322,ART-F27,Finition,162.2,Titane,Rouge,350,MCH-07,MANUAL,09/08/2024 18:25,10/08/2024 06:41,0.0,done,10/08/2024 06:44
OF-2024-03323,ART-F11,Finition,147.9,Acier,Gris,127,MCH-02,CNC_FAST,2024-03-07 21:48:05,2024-03-07 23:16:37,0.0,done,2024-03-07 23:18:35
OF-2024-03324,ART-U32,Usinage,131.7,Aluminium,Gris,75,MCH-02,CNC_FAST,2024-08-16 10:23:55,,0.0,aborted,2024-08-16 12:38:24
OF-2024-03325,ART-A02,Assemblage,36.9,Aluminium,Vert,72,MCH-08,MANUAL,2024-01-30 07:56:32,2024-01-30 09:21:49,0.0,done,2024-01-30 09:23:00
OF-2024-03326,ART-U12,Usinage,23.0,Titane,Noir,61,MCH-05,CNC_STD,2024-08-08 14:40:59,2024-08-08 16:02:06,0.0,done,2024-08-08 16:06:20
OF-2024-03327,  ART-U20 ,Usinage,23.4,Titane,Rouge,52,MCH-05,CNC_STD,2024-04-15 13:46:06,2024-04-15 15:06:14,0.0,done,2024-04-15 15:09:42
OF-2024-03328,ART-A26,Assemblage,183.1,Inox,Rouge,289,MCH-06,MANUAL,2024-08-11 12:54:53,2024-08-12 04:54:06,0.0,done,2024-08-12 04:56:02
OF-2024-03329,ART-F11,Finition,147.9,Acier,Gris,12,MCH-01,CNC_FAST,2024-02-08 20:24:35,2024-02-08 20:40:04,3.4,done,2024-02-08 20:41:33
OF-2024-03330,ART-U24,Usinage,173.0,Aluminium,Vert,6,MCH-03,CNC_STD,2024-06-25 21:39:53,2024-06-25 22:12:21,0.0,done,2024-06-25 22:16:33
OF-2024-03331,ART-F27,Finition,162.2,Titane,Rouge,20,MCH-02,CNC_FAST,2024-02-22 09:09:51,2024-02-22 09:37:50,0.0,done,2024-02-22 09:39:31
OF-2024-03332,ART-S25,Soudure,151.9,Acier,Bleu,72,MCH-10,ROBOT_CELL,2024-07-05 17:04:39,,34.3,running,2024-07-05 22:31:32
OF-2024-03333,ART-U24,Usinage,173.0,Aluminium,Vert,50,MCH-05,CNC_STD,2024-04-04 19:25:27,2024-04-04 20:57:36,0.0,done,2024-04-04 21:00:32
OF-2024-03334,ARTU12,Usinage,23.0,Titane,Noir,226,MCH-01,CNC_FAST,2024-05-29 09:20:22,2024-05-29 11:55:48,0.0,done,2024-05-29 11:58:52
OF-2024-03335,ART-U32,Usinage,131.7,Aluminium,Gris,264,MCH-01,CNC_FAST,2024-04-18 06:08:17,2024-04-18 12:11:01,116.7,done,2024-04-18 12:11:38
OF-2024-03336,ART-U08,Usinage,22.6,Inox,Noir,76,MCH-02,CNC_FAST,2024-03-19 12:05:56,2024-03-19 13:04:24,0.0,done,2024-03-19 13:07:20
OF-2024-03337,ART-A22,Assemblage,105.9,Aluminium,Noir,39,MCH-08,MANUAL,2024-04-21 11:05:53,2024-04-21 12:05:36,0.0,done,2024-04-21 12:09:56
OF-2024-03338,ART-F11,Finition,147.9,Acier,Gris,22,MCH-06,MANUAL,2024-02-10 16:06:39,2024-02-10 16:51:42,4.3,done,2024-02-10 16:52:43
OF-2024-03339,ART-U28,Usinage,115.2,Aluminium,Bleu,6,MCH-01,CNC_FAST,2024-01-01 18:28:16,,0.0,aborted,2024-01-01 18:50:41
OF-2024-03340,ART-F27,Finition,162.2,Titane,Rouge,26,MCH-01,CNC_FAST,2024-02-02 10:00:28,2024-02-02 10:33:39,0.0,done,2024-02-02 10:36:36
OF-2024-03341,ART-S13,Soudure,74.7,Acier,Jaune,72,MCH-07,MANUAL,12/02/2024 07:15,12/02/2024 13:07,0.0,done,12/02/2024 13:08
OF-2024-03342,ART-U08,Usinage,22.6,Inox,Noir,67,MCH-02,CNC_FAST,2024-03-15 15:25:29,2024-03-15 16:15:39,4.0,done,2024-03-15 16:16:37
OF-2024-03343,ART-S13,Soudure,74.7,Acier,Jaune,76,MCH-06,MANUAL,2024-08-05 07:02:37,2024-08-05 14:49:12,0.0,done,2024-08-05 14:53:19
OF-2024-03344,ART-U04,Usinage,186.4,Inox,Rouge,18,MCH-01,CNC_FAST,2024-01-31 07:13:12,2024-01-31 08:24:25,0.0,done,2024-01-31 08:26:36
OF-2024-03345,ART-A10,Assemblage,48.9,Aluminium,Jaune,34,MCH-08,MANUAL,2024-04-14 20:58:42,2024-04-14 21:45:42,0.0,done,2024-04-14 21:46:38
OF-2024-03346,ART-A06,Assemblage,21.3,Acier,Noir,69,MCH-11,ROBOT_CELL,2024-07-04 11:22:26,2024-07-04 11:59:21,0.0,done,2024-07-04 12:00:33
OF-2024-03347,ART-F31,Finition,25.3,Inox,Gris,135,MCH-07,MANUAL,16/04/2024 17:56,16/04/2024 19:23,0.0,done,16/04/2024 19:23
OF-2024-03348,ART-S29,Soudure,90.9,Aluminium,Vert,45,MCH-06,MANUAL,2024-03-15 08:52:04,2024-03-15 12:27:24,0.0,done,2024-03-15 12:31:41
OF-2024-03349,ART-U20,Usinage,23.4,Titane,Rouge,185,MCH-03,CNC_STD,2024-04-02 07:58:06,2024-04-02 13:29:53,96.6,done,2024-04-02 13:31:42
OF-2024-03350,ART-U20,Usinage,23.4,Titane,Rouge,17,MCH-02,CNC_FAST,2024-01-18 07:38:48,2024-01-18 08:14:19,10.9,done,2024-01-18 08:15:36
OF-2024-03351,ART-F15,Finition,196.8,Titane,Jaune,49,MCH-01,CNC_FAST,2024-05-29 09:44:32,2024-05-29 11:06:37,0.0,done,2024-05-29 11:08:54
OF-2024-03352,  ART-U08 ,Usinage,22.6,Inox,Noir,107,MCH-02,CNC_FAST,2024-05-10 11:48:44,2024-05-10 13:11:38,17.2,done,2024-05-10 13:14:53
OF-2024-03353,ART-A06,Assemblage,21.3,Acier,Noir,53,MCH-09,ROBOT_CELL,2024-03-22 11:22:26,2024-03-22 11:53:07,4.7,done,2024-03-22 11:56:29
OF-2024-03354,ART-U28,Usinage,115.2,Aluminium,Bleu,281,MCH-01,CNC_FAST,2024-07-04 08:26:31,2024-07-04 13:25:54,0.0,done,2024-07-04 13:27:16
OF-2024-03355,ART-A06,Assemblage,21.3,Acier,Noir,390,MCH-06,MANUAL,2024-06-08 18:46:28,2024-06-09 00:09:13,0.0,done,2024-06-09 00:11:42
OF-2024-03356,ART-A26,Assemblage,183.1,Inox,Rouge,43,MCH-07,MANUAL,29/06/2024 09:31,29/06/2024 12:11,0.0,done,29/06/2024 12:12
OF-2024-03357,ART-U28,Usinage,115.2,Aluminium,Bleu,266,MCH-05,CNC_STD,2024-03-02 16:55:55,2024-03-02 23:31:29,98.3,done,2024-03-02 23:35:22
OF-2024-03358,ART-U28,Usinage,115.2,Aluminium,Bleu,72,MCH-04,CNC_STD,2024-04-19 21:56:43,2024-04-19 23:53:01,0.0,done,2024-04-19 23:55:48
OF-2024-03359,ART-S05,Soudure,38.9,Acier,Vert,138,MCH-07,MANUAL,18/05/2024 18:22,19/05/2024 00:39,0.0,done,19/05/2024 00:39
OF-2024-03360,ART-S09,Soudure,11.4,Acier,Jaune,141,MCH-07,MANUAL,22/05/2024 07:01,22/05/2024 11:21,0.0,done,22/05/2024 11:24
OF-2024-03361,ART-S13,Soudure,74.7,Acier,Jaune,242,MCH-07,MANUAL,27/01/2024 16:20,28/01/2024 13:27,148.5,done,28/01/2024 13:28
OF-2024-03362,ART-U28,Usinage,115.2,Aluminium,Bleu,43,MCH-04,CNC_STD,2024-06-29 09:29:35,2024-06-29 10:56:20,20.2,done,2024-06-29 11:00:04
OF-2024-03363,ART-S05-MM,Soudure,38.9,Acier,Vert,122,MCH-07,MANUAL,25/08/2024 20:33,26/08/2024 01:49,57.9,done,26/08/2024 01:50
OF-2024-03364,ART-S13,Soudure,74.7,Acier,Jaune,6,MCH-09,ROBOT_CELL,2024-08-09 13:43:38,2024-08-09 14:31:45,0.0,done,2024-08-09 14:34:58
OF-2024-03365,ART-U00,Usinage,184.0,Inox,Jaune,50,MCH-02,CNC_FAST,2024-01-04 19:42:12,2024-01-04 21:53:02,0.0,done,2024-01-04 21:57:11
OF-2024-03366,ART-S25,Soudure,151.9,Acier,Bleu,6,MCH-11,ROBOT_CELL,2024-04-20 19:51:29,2024-04-20 20:44:55,0.0,done,2024-04-20 20:47:14
OF-2024-03367,ART-A30,Assemblage,130.4,Acier,Gris,57,MCH-08,MANUAL,2024-05-08 10:53:09,,40.2,aborted,2024-05-08 13:22:00
OF-2024-03368,ART-U20,Usinage,23.4,Titane,Rouge,385,MCH-05,CNC_STD,2024-02-21 10:09:12,2024-02-21 19:56:39,122.7,done,2024-02-21 19:59:59
OF-2024-03369,ART-S33,Soudure,195.1,Inox,Gris,26,MCH-10,ROBOT_CELL,2024-03-27 13:14:30,2024-03-27 15:43:10,23.7,done,2024-03-27 15:45:28
OF-2024-03370,ART-A26,Assemblage,183.1,Inox,Rouge,343,MCH-08,MANUAL,2024-02-13 08:22:00,2024-02-13 21:30:37,0.0,done,2024-02-13 21:33:45
OF-2024-03371,ART-F15,Finition,196.8,Titane,Jaune,278,MCH-06,MANUAL,2024-08-10 11:55:50,2024-08-10 23:24:32,83.9,done,2024-08-10 23:28:43
OF-2024-03372,ART-S29,Soudure,90.9,Aluminium,Vert,27,MCH-10,ROBOT_CELL,2024-02-21 09:24:38,2024-02-21 11:08:35,0.0,done,2024-02-21 11:10:34
OF-2024-03373,ART-A02,Assemblage,36.9,Aluminium,Vert,356,MCH-06,MANUAL,2024-01-16 12:11:41,2024-01-16 16:06:31,0.0,done,2024-01-16 16:09:32
OF-2024-03374,ART-S33,Soudure,195.1,Inox,Gris,56,MCH-06,MANUAL,2024-06-27 11:59:58,2024-06-27 21:14:43,29.0,done,2024-06-27 21:16:17
OF-2024-03375,ART-F15,Finition,196.8,Titane,Jaune,80,MCH-06,MANUAL,2024-05-04 12:58:42,2024-05-04 16:45:44,0.0,done,2024-05-04 16:47:17
OF-2024-03376,ART-A26,Assemblage,183.1,Inox,Rouge,8,MCH-10,ROBOT_CELL,2024-05-18 21:47:21,2024-05-18 22:07:57,4.8,done,2024-05-18 22:11:29
OF-2024-03377,ART-U32,Usinage,131.7,Aluminium,Gris,16,MCH-02,CNC_FAST,2024-03-03 19:46:40,2024-03-03 20:22:14,0.0,done,2024-03-03 20:24:15
OF-2024-03378,ART-U08-MM,Usinage,22.6,Inox,Noir,310,MCH-04,CNC_STD,2024-05-21 10:24:59,2024-05-21 16:29:15,0.0,done,2024-05-21 16:30:40
OF-2024-03379,ART-F15,Finition,196.8,Titane,Jaune,311,MCH-01,CNC_FAST,2024-06-27 10:53:50,2024-06-27 17:30:15,31.2,done,2024-06-27 17:32:24
OF-2024-03380,ART-S13,Soudure,74.7,Acier,Jaune,37,MCH-11,ROBOT_CELL,2024-02-23 17:12:45,2024-02-23 19:39:20,7.7,done,2024-02-23 19:41:38
OF-2024-03381,ART-F27,Finition,162.2,Titane,Rouge,52,MCH-01,CNC_FAST,2024-08-06 09:07:39,2024-08-06 10:15:27,15.1,done,2024-08-06 10:18:54
OF-2024-03382,ART-U20,Usinage,23.4,Titane,Rouge,30,MCH-02,CNC_FAST,2024-08-24 09:11:17,2024-08-24 09:52:42,0.0,done,2024-08-24 09:55:21
OF-2024-03383,ART-A26,Assemblage,183.1,Inox,Rouge,43,MCH-04,CNC_STD,2024-08-31 20:45:16,2024-08-31 22:24:02,26.7,done,2024-08-31 22:25:25
OF-2024-03384,ART-S13,Soudure,74.7,Acier,Jaune,60,MCH-07,MANUAL,29/08/2024 21:01,30/08/2024 02:57,0.0,done,30/08/2024 02:58
OF-2024-03385,ART-A14,Assemblage,190.7,Acier,Noir,56,MCH-12,ROBOT_CELL,2024-06-15 12:46:10,,0.0,aborted,2024-06-15 14:06:30
OF-2024-03386,ART-A02,Assemblage,36.9,Aluminium,Vert,74,MCH-08,MANUAL,2024-07-08 12:39:56,2024-07-08 13:48:35,23.8,done,2024-07-08 13:51:29
OF-2024-03387,ART-F15,Finition,196.8,Titane,Jaune,121,MCH-02,CNC_FAST,2024-04-21 17:22:53,2024-04-21 19:52:29,0.0,done,2024-04-21 19:54:57
OF-2024-03388,ART-U04,Usinage,186.4,Inox,Rouge,57,MCH-02,CNC_FAST,2024-02-15 20:33:23,2024-02-16 00:07:28,0.0,done,2024-02-16 00:12:13
OF-2024-03389,ART-U20,Usinage,23.4,Titane,Rouge,235,MCH-02,CNC_FAST,2024-05-23 07:43:40,2024-05-23 12:18:04,0.0,done,2024-05-23 12:19:11
OF-2024-03390,ARTF07,Finition,147.0,Acier,Gris,62,MCH-06,MANUAL,2024-01-07 07:38:06,2024-01-07 09:14:04,0.0,done,2024-01-07 09:18:22
OF-2024-03391,ART-F15,Finition,196.8,Titane,Jaune,249,MCH-08,MANUAL,2024-02-04 10:39:21,2024-02-04 19:13:57,0.0,done,2024-02-04 19:16:38
OF-2024-03392,ART-A06,Assemblage,21.3,Acier,Noir,39,MCH-08,MANUAL,2024-02-10 12:32:24,2024-02-10 13:14:32,0.0,done,2024-02-10 13:16:40
OF-2024-03393,ART-S29,Soudure,90.9,Aluminium,Vert,350,MCH-10,ROBOT_CELL,2024-01-04 16:57:15,2024-01-05 07:26:04,0.0,done,2024-01-05 07:29:10
OF-2024-03394,ART-A02,Assemblage,36.9,Aluminium,Vert,42,MCH-03,CNC_STD,2024-08-07 07:27:57,2024-08-07 08:03:36,0.0,done,2024-08-07 08:04:59
OF-2024-03395,ART-U28,Usinage,115.2,Aluminium,Bleu,50,MCH-02,CNC_FAST,2024-08-31 07:08:50,2024-08-31 08:09:57,0.0,done,2024-08-31 08:10:51
OF-2024-03396,ART-A22,Assemblage,105.9,Aluminium,Noir,136,MCH-08,MANUAL,2024-08-09 17:22:23,2024-08-09 20:53:41,0.0,done,2024-08-09 20:56:46
OF-2024-03397,ART-S29,Soudure,90.9,Aluminium,Vert,33,MCH-12,ROBOT_CELL,2024-07-13 07:57:42,2024-07-13 09:32:37,0.0,done,2024-07-13 09:34:52
OF-2024-03398,ART-A06,Assemblage,21.3,Acier,Noir,389,MCH-09,ROBOT_CELL,2024-04-05 20:21:09,2024-04-05 22:28:24,0.0,done,2024-04-05 22:30:59
OF-2024-03399,ART-S29,Soudure,90.9,Aluminium,Vert,76,MCH-08,MANUAL,2024-08-22 06:52:04,2024-08-22 12:49:58,45.6,done,2024-08-22 12:52:17
OF-2024-03400,  ART-U32 ,Usinage,131.7,Aluminium,Gris,13,MCH-05,CNC_STD,2024-05-07 20:53:31,2024-05-07 21:39:31,0.0,done,2024-05-07 21:42:06
OF-2024-03401,ART-A18,Assemblage,15.6,Inox,Rouge,53,MCH-07,MANUAL,30/06/2024 19:26,30/06/2024 20:13,16.1,done,30/06/2024 20:17
OF-2024-03402,ART-S01,Soudure,191.3,Titane,Bleu,58,MCH-10,ROBOT_CELL,2024-03-24 07:17:29,2024-03-24 12:42:12,78.3,done,2024-03-24 12:44:17
OF-2024-03403,ART-U16,Usinage,144.1,Aluminium,Noir,11,MCH-01,CNC_FAST,2024-05-08 08:07:34,2024-05-08 08:35:37,0.0,done,2024-05-08 08:36:30
OF-2024-03404,ART-A26,Assemblage,183.1,Inox,Rouge,66,MCH-06,MANUAL,2024-03-09 11:20:02,2024-03-09 15:00:25,0.0,done,2024-03-09 15:04:54
OF-2024-03405,ART-U08,Usinage,22.6,Inox,Noir,30,MCH-03,CNC_STD,2024-07-02 08:52:22,2024-07-02 09:41:09,0.0,done,2024-07-02 09:45:49
OF-2024-03406,ART-A10,Assemblage,48.9,Aluminium,Jaune,35,MCH-04,CNC_STD,2024-03-19 13:40:35,2024-03-19 14:17:48,6.1,done,2024-03-19 14:20:26
OF-2024-03407,ART-S37,Soudure,181.1,Acier,Gris,278,MCH-08,MANUAL,2024-03-03 21:24:41,2024-03-05 17:01:55,175.2,done,2024-03-05 17:05:52
OF-2024-03408,ART-U28,Usinage,115.2,Aluminium,Bleu,73,MCH-01,CNC_FAST,2024-03-25 19:42:43,2024-03-25 21:01:18,0.0,done,2024-03-25 21:03:40
OF-2024-03409,ART-S13,Soudure,74.7,Acier,Jaune,53,MCH-12,ROBOT_CELL,2024-08-31 18:57:38,2024-08-31 21:52:21,45.6,done,2024-08-31 21:53:44
OF-2024-03410,ART-U08,Usinage,22.6,Inox,Noir,10,MCH-01,CNC_FAST,2024-07-14 21:20:42,2024-07-14 21:36:18,2.5,done,2024-07-14 21:37:47
OF-2024-03411,ART-U24,Usinage,173.0,Aluminium,Vert,47,MCH-03,CNC_STD,2024-01-28 06:38:02,2024-01-28 08:43:44,32.8,done,2024-01-28 08:47:38
OF-2024-03412,ART-S33,Soudure,195.1,Inox,Gris,251,MCH-06,MANUAL,2024-05-15 07:49:20,2024-05-16 18:07:56,0.0,done,2024-05-16 18:12:31
OF-2024-03413,ART-U32,Usinage,131.7,Aluminium,Gris,220,MCH-01,CNC_FAST,2024-03-23 08:42:04,2024-03-23 13:22:50,0.0,done,2024-03-23 13:25:39
OF-2024-03414,ART-F27,Finition,162.2,Titane,Rouge,61,MCH-01,CNC_FAST,2024-08-28 19:57:07,2024-08-28 21:07:20,24.5,done,2024-08-28 21:09:55
OF-2024-03415,ART-A26,Assemblage,183.1,Inox,Rouge,73,MCH-05,CNC_STD,2024-01-20 12:45:04,2024-01-20 15:35:27,0.0,done,2024-01-20 15:39:41
OF-2024-03416,ART-S25,Soudure,151.9,Acier,Bleu,79,MCH-09,ROBOT_CELL,2024-01-06 16:08:09,2024-01-06 22:51:53,100.5,done,2024-01-06 22:52:35
OF-2024-03417,ART-U28,Usinage,115.2,Aluminium,Bleu,19,MCH-04,CNC_STD,2024-05-14 13:45:42,2024-05-14 14:41:49,0.0,done,2024-05-14 14:42:58
OF-2024-03418,ART-U28,Usinage,115.2,Aluminium,Bleu,11,MCH-02,CNC_FAST,2024-04-24 12:12:05,2024-04-24 12:34:56,0.0,done,2024-04-24 12:38:08
OF-2024-03419,ART-U00,Usinage,184.0,Inox,Jaune,275,MCH-05,CNC_STD,2024-03-25 10:39:13,2024-03-25 23:54:52,0.0,done,2024-03-25 23:58:40
OF-2024-03420,ART-A38,Assemblage,165.3,Titane,Noir,27,MCH-12,ROBOT_CELL,2024-07-19 13:41:11,,4.5,aborted,2024-07-19 14:51:23
OF-2024-03421,ART-S29,Soudure,90.9,Aluminium,Vert,255,MCH-07,MANUAL,22/05/2024 18:23,23/05/2024 09:11,207.9,done,23/05/2024 09:16
OF-2024-03422,ART-U04,Usinage,186.4,Inox,Rouge,54,MCH-01,CNC_FAST,2024-04-02 16:13:18,,0.0,aborted,2024-04-02 19:21:14
OF-2024-03423,ART-U00,Usinage,184.0,Inox,Jaune,80,MCH-05,CNC_STD,2024-02-02 21:12:14,2024-02-03 01:33:44,0.0,done,2024-02-03 01:36:22
OF-2024-03424,ART-F11-MM,Finition,147.9,Acier,Gris,65,MCH-08,MANUAL,2024-08-21 21:53:04,2024-08-21 23:31:24,31.4,done,2024-08-21 23:33:48
OF-2024-03425,ART-A26,Assemblage,183.1,Inox,Rouge,51,MCH-04,CNC_STD,2024-03-17 07:50:45,2024-03-17 09:35:15,0.0,done,2024-03-17 09:37:40
OF-2024-03426,ART-U04,Usinage,186.4,Inox,Rouge,7,MCH-02,CNC_FAST,2024-03-22 10:34:32,2024-03-22 11:14:09,0.0,done,2024-03-22 11:18:47
OF-2024-03427,ART-U04,Usinage,186.4,Inox,Rouge,73,MCH-03,CNC_STD,2024-04-24 12:28:48,2024-04-24 17:15:53,95.5,done,2024-04-24 17:16:24
OF-2024-03428,ART-F19,Finition,100.8,Aluminium,Gris,54,MCH-01,CNC_FAST,2024-05-19 12:59:39,2024-05-19 13:33:57,0.0,done,2024-05-19 13:35:44
OF-2024-03429,ART-S13,Soudure,74.7,Acier,Jaune,123,MCH-08,MANUAL,2024-04-05 07:57:43,2024-04-05 15:58:06,77.7,done,2024-04-05 16:00:12
OF-2024-03430,ART-U28,Usinage,115.2,Aluminium,Bleu,279,MCH-02,CNC_FAST,2024-08-24 21:01:32,2024-08-25 01:34:25,0.0,done,2024-08-25 01:36:51
OF-2024-03431,ART-S05,Soudure,38.9,Acier,Vert,210,MCH-10,ROBOT_CELL,2024-03-04 06:36:16,2024-03-04 10:51:08,0.0,done,2024-03-04 10:54:29
OF-2024-03432,art-u12,Usinage,23.0,Titane,Noir,44,MCH-01,CNC_FAST,2024-06-27 14:13:02,2024-06-27 14:52:17,11.4,done,2024-06-27 14:54:45
OF-2024-03433,ART-U32,Usinage,131.7,Aluminium,Gris,38,MCH-02,CNC_FAST,2024-03-02 15:18:09,2024-03-02 16:21:04,0.0,done,2024-03-02 16:25:16
OF-2024-03434,ART-U16,Usinage,144.1,Aluminium,Noir,221,MCH-04,CNC_STD,2024-02-01 14:06:56,2024-02-01 20:23:13,128.7,done,2024-02-01 20:27:21
OF-2024-03435,ART-F27,Finition,162.2,Titane,Rouge,22,MCH-02,CNC_FAST,2024-06-15 20:34:41,2024-06-15 21:07:16,0.0,done,2024-06-15 21:11:56
OF-2024-03436,ART-F15,Finition,196.8,Titane,Jaune,20,MCH-01,CNC_FAST,2024-01-23 20:21:31,2024-01-23 20:56:15,0.0,done,2024-01-23 21:00:54
OF-2024-03437,ARTF19,Finition,100.8,Aluminium,Gris,22,MCH-07,MANUAL,07/04/2024 11:16,07/04/2024 11:49,0.0,done,07/04/2024 11:49
OF-2024-03438,ART-A26,Assemblage,183.1,Inox,Rouge,147,MCH-07,MANUAL,04/03/2024 07:56,04/03/2024 15:37,155.7,done,04/03/2024 15:39
OF-2024-03439,ART-U24,Usinage,173.0,Aluminium,Vert,110,MCH-03,CNC_STD,2024-07-27 08:38:53,2024-07-27 12:29:11,14.3,done,2024-07-27 12:32:30
OF-2024-03440,ART-F03,Finition,55.9,Titane,Jaune,67,MCH-08,MANUAL,2024-02-02 14:36:19,2024-02-02 16:38:09,6.7,done,2024-02-02 16:41:57
OF-2024-03441,ART-S33,Soudure,195.1,Inox,Gris,29,MCH-10,ROBOT_CELL,2024-03-27 14:15:31,2024-03-27 16:56:06,0.0,done,2024-03-27 16:59:19
OF-2024-03442,ART-A22,Assemblage,105.9,Aluminium,Noir,38,MCH-11,ROBOT_CELL,2024-03-02 14:02:29,2024-03-02 14:45:16,0.0,done,2024-03-02 14:49:19
OF-2024-03443,ART-S21,Soudure,45.5,Inox,Vert,7,MCH-06,MANUAL,2024-07-05 18:00:55,2024-07-05 19:09:52,0.0,done,2024-07-05 19:11:56
OF-2024-03444,ART-S25,Soudure,151.9,Acier,Bleu,39,MCH-10,ROBOT_CELL,2024-07-10 07:51:57,2024-07-10 10:47:54,0.0,done,2024-07-10 10:50:46
OF-2024-03445,ART-S33,Soudure,195.1,Inox,Gris,181,MCH-10,ROBOT_CELL,2024-04-04 08:14:46,2024-04-04 20:21:28,0.0,done,2024-04-04 20:22:56
OF-2024-03446,ART-F11,Finition,147.9,Acier,Gris,19,MCH-07,MANUAL,27/04/2024 07:57,27/04/2024 08:30,9.9,done,27/04/2024 08:35
OF-2024-03447,ART-A26,Assemblage,183.1,Inox,Rouge,252,MCH-07,MANUAL,22/07/2024 10:30,,0.0,running,22/07/2024 21:52
OF-2024-03448,ART-U08,Usinage,22.6,Inox,Noir,253,MCH-04,CNC_STD,2024-05-19 17:14:19,2024-05-19 21:14:16,31.0,done,2024-05-19 21:18:00
OF-2024-03449,ART-S21,Soudure,45.5,Inox,Vert,71,MCH-11,ROBOT_CELL,2024-02-29 11:15:06,2024-02-29 14:10:06,0.0,done,2024-02-29 14:13:48
OF-2024-03450,ART-U08,Usinage,22.6,Inox,Noir,336,MCH-04,CNC_STD,2024-03-18 13:30:30,,0.0,aborted,2024-03-18 18:46:20
OF-2024-03451,ART-S13,Soudure,74.7,Acier,Jaune,16,MCH-12,ROBOT_CELL,2024-08-17 11:38:35,2024-08-17 12:45:12,0.0,done,2024-08-17 12:49:10
OF-2024-03452,ART-A06,Assemblage,21.3,Acier,Noir,362,MCH-04,CNC_STD,2024-05-03 19:37:51,2024-05-03 22:24:55,58.0,done,2024-05-03 22:27:53
OF-2024-03453,ART-U20,Usinage,23.4,Titane,Rouge,41,MCH-01,CNC_FAST,2024-05-24 10:45:51,2024-05-24 11:37:42,6.2,done,2024-05-24 11:38:15
OF-2024-03454,ART-S05,Soudure,38.9,Acier,Vert,9,MCH-06,MANUAL,2024-07-21 09:59:55,2024-07-21 10:46:06,0.0,done,2024-07-21 10:47:53
OF-2024-03455,ART-A18,Assemblage,15.6,Inox,Rouge,75,MCH-07,MANUAL,14/07/2024 20:58,14/07/2024 21:52,0.0,done,14/07/2024 21:57
OF-2024-03456,ART-U28,Usinage,115.2,Aluminium,Bleu,12,MCH-02,CNC_FAST,2024-03-04 10:38:03,2024-03-04 11:01:19,0.0,done,2024-03-04 11:04:12
OF-2024-03457,ART-U08,Usinage,22.6,Inox,Noir,346,MCH-04,CNC_STD,2024-03-05 20:51:33,2024-03-06 02:50:31,0.0,done,2024-03-06 02:52:44
OF-2024-03458,ART-S29,Soudure,90.9,Aluminium,Vert,41,MCH-08,MANUAL,2024-05-17 14:58:14,2024-05-17 17:53:08,0.0,done,2024-05-17 17:56:51
OF-2024-03459,ART-U08,Usinage,22.6,Inox,Noir,23,MCH-01,CNC_FAST,2024-01-16 15:02:30,,0.0,running,2024-01-16 15:33:56
OF-2024-03460,ART-S09,Soudure,11.4,Acier,Jaune,72,MCH-09,ROBOT_CELL,2024-02-10 17:41:30,2024-02-10 19:13:50,31.6,done,2024-02-10 19:15:03
OF-2024-03461,ART-S33,Soudure,195.1,Inox,Gris,20,MCH-07,MANUAL,09/06/2024 19:22,09/06/2024 22:56,0.0,done,09/06/2024 22:58
OF-2024-03462,ART-U24,Usinage,173.0,Aluminium,Vert,46,MCH-05,CNC_STD,2024-01-27 10:00:28,2024-01-27 12:01:11,0.0,done,2024-01-27 12:03:59
OF-2024-03463,ART-F15,Finition,196.8,Titane,Jaune,25,MCH-02,CNC_FAST,2024-01-10 19:10:50,2024-01-10 19:49:50,0.0,done,2024-01-10 19:51:09
OF-2024-03464,ART-U32,Usinage,131.7,Aluminium,Gris,137,MCH-03,CNC_STD,2024-08-13 07:43:55,2024-08-13 12:31:34,41.1,done,2024-08-13 12:33:08
OF-2024-03465,ART-S33,Soudure,195.1,Inox,Gris,21,MCH-09,ROBOT_CELL,2024-03-29 12:09:23,2024-03-29 14:21:59,0.0,done,2024-03-29 14:22:47
OF-2024-03466,ART-U24,Usinage,173.0,Aluminium,Vert,41,MCH-02,CNC_FAST,2024-02-13 21:57:50,2024-02-13 23:11:33,0.0,done,2024-02-13 23:14:56
OF-2024-03467,ART-S01,Soudure,191.3,Titane,Bleu,342,MCH-08,MANUAL,2024-04-09 22:02:32,2024-04-11 17:25:39,0.0,done,2024-04-11 17:27:45
OF-2024-03468,ART-A06,Assemblage,21.3,Acier,Noir,50,MCH-03,CNC_STD,2024-07-26 09:37:02,2024-07-26 10:22:21,14.0,done,2024-07-26 10:25:04
OF-2024-03469,ART-U04,Usinage,186.4,Inox,Rouge,326,MCH-01,CNC_FAST,2024-07-21 15:13:29,2024-07-22 04:04:57,235.5,done,2024-07-22 04:09:33
OF-2024-03470,ART-A06,Assemblage,21.3,Acier,Noir,282,MCH-06,MANUAL,2024-08-17 16:30:00,2024-08-17 20:50:55,0.0,done,2024-08-17 20:54:02
OF-2024-03471,ART-U04,Usinage,186.4,Inox,Rouge,38,MCH-02,CNC_FAST,2024-01-18 08:32:42,2024-01-18 10:26:29,0.0,done,2024-01-18 10:31:13
OF-2024-03472,ART-U08,Usinage,22.6,Inox,Noir,105,MCH-02,CNC_FAST,2024-06-17 12:32:50,2024-06-17 14:01:59,10.5,done,2024-06-17 14:05:33
OF-2024-03473,ART-U00,Usinage,184.0,Inox,Jaune,67,MCH-01,CNC_FAST,2024-01-31 16:58:39,2024-01-31 19:39:07,0.0,done,2024-01-31 19:43:02
OF-2024-03474,ART-A26,Assemblage,183.1,Inox,Rouge,66,MCH-07,MANUAL,12/08/2024 19:21,12/08/2024 23:10,0.0,done,12/08/2024 23:14
OF-2024-03475,ART-U04,Usinage,186.4,Inox,Rouge,233,MCH-03,CNC_STD,2024-06-25 15:00:18,2024-06-26 06:57:46,91.9,done,2024-06-26 06:58:43
OF-2024-03476,ART-S25,Soudure,151.9,Acier,Bleu,23,MCH-09,ROBOT_CELL,2024-01-05 17:37:43,2024-01-05 19:34:57,23.5,done,2024-01-05 19:37:24
OF-2024-03477,  ART-F19 ,Finition,100.8,Aluminium,Gris,42,MCH-02,CNC_FAST,2024-03-28 17:02:18,2024-03-28 17:24:26,1.1,done,2024-03-28 17:27:52
OF-2024-03478,ART-U16,Usinage,144.1,Aluminium,Noir,165,MCH-05,CNC_STD,2024-07-06 12:26:06,2024-07-06 17:31:18,0.0,done,2024-07-06 17:36:05
OF-2024-03479,ART-U16,Usinage,144.1,Aluminium,Noir,74,MCH-04,CNC_STD,2024-02-25 12:09:34,2024-02-25 14:50:04,0.0,done,2024-02-25 14:52:27
OF-2024-03480,ART-A26,Assemblage,183.1,Inox,Rouge,74,MCH-08,MANUAL,2024-03-17 11:10:51,2024-03-17 15:55:46,0.0,done,2024-03-17 16:00:09
OF-2024-03481,ART-F15,Finition,196.8,Titane,Jaune,31,MCH-06,MANUAL,2024-01-03 16:14:02,2024-01-03 17:47:57,0.0,done,2024-01-03 17:49:19
OF-2024-03482,ART-U00,Usinage,184.0,Inox,Jaune,60,MCH-03,CNC_STD,2024-06-02 12:43:42,,0.0,running,2024-06-02 16:17:52
OF-2024-03483,ART-S29,Soudure,90.9,Aluminium,Vert,31,MCH-07,MANUAL,06/08/2024 21:36,07/08/2024 01:35,0.0,done,07/08/2024 01:38
OF-2024-03484,ARTU32,Usinage,131.7,Aluminium,Gris,7,MCH-01,CNC_FAST,2024-08-07 07:55:26,2024-08-07 08:19:34,0.0,done,2024-08-07 08:21:52
OF-2024-03485,ART-A26,Assemblage,183.1,Inox,Rouge,8,MCH-05,CNC_STD,2024-06-22 07:25:48,2024-06-22 07:47:14,4.1,done,2024-06-22 07:48:35
OF-2024-03486,ART-S05,Soudure,38.9,Acier,Vert,295,MCH-06,MANUAL,2024-05-17 16:02:44,2024-05-18 03:57:02,0.0,done,2024-05-18 03:57:44
OF-2024-03487,ART-U08-MM,Usinage,22.6,Inox,Noir,135,MCH-02,CNC_FAST,2024-01-19 12:27:37,2024-01-19 14:38:01,0.0,done,2024-01-19 14:42:25
OF-2024-03488,ART-A06,Assemblage,21.3,Acier,Noir,201,MCH-11,ROBOT_CELL,2024-08-31 22:08:35,2024-08-31 23:39:15,0.0,done,2024-08-31 23:42:03
OF-2024-03489,ART-U04,Usinage,186.4,Inox,Rouge,8,MCH-01,CNC_FAST,2024-05-10 08:56:17,2024-05-10 09:31:03,9.3,done,2024-05-10 09:33:40
OF-2024-03490,ART-F15,Finition,196.8,Titane,Jaune,73,MCH-01,CNC_FAST,2024-03-09 10:43:09,2024-03-09 12:28:02,0.0,done,2024-03-09 12:29:11
OF-2024-03491,ART-S25,Soudure,151.9,Acier,Bleu,176,MCH-10,ROBOT_CELL,2024-08-13 16:34:54,2024-08-14 03:24:19,0.0,done,2024-08-14 03:28:19
OF-2024-03492,ART-A30,Assemblage,130.4,Acier,Gris,102,MCH-09,ROBOT_CELL,2024-03-27 17:19:42,2024-03-27 19:56:27,0.0,done,2024-03-27 20:00:17
OF-2024-03493,ART-F15,Finition,196.8,Titane,Jaune,5,MCH-08,MANUAL,2024-04-24 14:42:20,2024-04-24 15:11:30,0.0,done,2024-04-24 15:16:27
OF-2024-03494,ART-A10,Assemblage,48.9,Aluminium,Jaune,339,MCH-08,MANUAL,2024-07-26 11:03:19,2024-07-26 16:36:57,0.0,done,2024-07-26 16:41:45
OF-2024-03495,ART-A26,Assemblage,183.1,Inox,Rouge,20,MCH-04,CNC_STD,2024-02-18 11:57:42,,9.7,aborted,2024-02-18 12:51:25
OF-2024-03496,ART-A22,Assemblage,105.9,Aluminium,Noir,73,MCH-10,ROBOT_CELL,2024-04-25 17:21:41,2024-04-25 18:13:20,10.5,done,2024-04-25 18:14:31
OF-2024-03497,ART-A06,Assemblage,21.3,Acier,Noir,53,MCH-03,CNC_STD,2024-07-31 17:23:04,2024-07-31 18:01:57,5.5,done,2024-07-31 18:02:33
OF-2024-03498,  ART-F19 ,Finition,100.8,Aluminium,Gris,392,MCH-02,CNC_FAST,2024-04-04 11:43:16,2024-04-04 14:30:43,0.0,done,2024-04-04 14:33:47
OF-2024-03499,ART-A10,Assemblage,48.9,Aluminium,Jaune,77,MCH-06,MANUAL,2024-03-09 11:39:36,2024-03-09 13:52:35,40.9,done,2024-03-09 13:54:29
OF-2024-03500,ART-F03,Finition,55.9,Titane,Jaune,74,MCH-02,CNC_FAST,2024-07-27 12:15:25,2024-07-27 12:15:25,0.0,done,2024-07-27 13:16:22
OF-2024-03501,ART-U04,Usinage,186.4,Inox,Rouge,148,MCH-01,CNC_FAST,2024-03-09 07:24:09,2024-03-09 15:22:49,0.0,done,2024-03-09 15:23:29
OF-2024-03502,ART-F11,Finition,147.9,Acier,Gris,20,MCH-01,CNC_FAST,2024-05-15 18:28:12,2024-05-15 18:43:49,1.2,done,2024-05-15 18:48:21
OF-2024-03503,ART-S13,Soudure,74.7,Acier,Jaune,51,MCH-11,ROBOT_CELL,2024-05-01 17:17:47,2024-05-01 19:37:39,0.0,done,2024-05-01 19:40:57
OF-2024-03504,ART-U24,Usinage,173.0,Aluminium,Vert,185,MCH-02,CNC_FAST,2024-04-18 15:13:26,2024-04-18 19:29:59,0.0,done,2024-04-18 19:32:32
OF-2024-03505,ART-S33,Soudure,195.1,Inox,Gris,66,MCH-10,ROBOT_CELL,2024-05-27 19:49:51,2024-05-28 02:02:29,0.0,done,2024-05-28 02:03:07
OF-2024-03506,ARTU32,Usinage,131.7,Aluminium,Gris,128,MCH-03,CNC_STD,2024-04-19 09:26:20,2024-04-19 13:48:28,0.0,done,2024-04-19 13:49:26
OF-2024-03507,ART-F19,Finition,100.8,Aluminium,Gris,77,MCH-01,CNC_FAST,2024-06-16 16:54:02,2024-06-16 17:34:43,0.0,done,2024-06-16 17:36:45
OF-2024-03508,ART-U00,Usinage,184.0,Inox,Jaune,79,MCH-01,CNC_FAST,2024-01-18 16:33:59,2024-01-18 19:30:25,30.4,done,2024-01-18 19:33:17
OF-2024-03509,ART-A02,Assemblage,36.9,Aluminium,Vert,73,MCH-05,CNC_STD,2024-03-24 12:16:09,2024-03-24 12:50:07,8.7,done,2024-03-24 12:54:14
OF-2024-03510,ART-U04,Usinage,186.4,Inox,Rouge,102,MCH-02,CNC_FAST,2024-02-01 19:21:41,2024-02-01 23:28:22,0.0,done,2024-02-01 23:32:14
OF-2024-03511,ARTF19,Finition,100.8,Aluminium,Gris,349,MCH-06,MANUAL,2024-08-02 10:44:51,2024-08-02 17:17:14,0.0,done,2024-08-02 17:20:16
OF-2024-03512,ART-F03,Finition,55.9,Titane,Jaune,46,MCH-06,MANUAL,2024-05-30 07:15:12,2024-05-30 08:18:33,0.0,done,2024-05-30 08:19:13
OF-2024-03513,ART-S09,Soudure,11.4,Acier,Jaune,38,MCH-11,ROBOT_CELL,2024-05-06 09:07:51,2024-05-06 10:02:47,14.0,done,2024-05-06 10:03:26
OF-2024-03514,ART-S09,Soudure,11.4,Acier,Jaune,348,MCH-08,MANUAL,2024-06-10 18:37:37,2024-06-11 05:16:24,35.0,done,2024-06-11 05:20:02
OF-2024-03515,ART-U32,Usinage,131.7,Aluminium,Gris,70,MCH-02,CNC_FAST,2024-08-07 21:26:11,2024-08-07 22:58:21,0.0,done,2024-08-07 23:00:08
OF-2024-03516,ART-A18,Assemblage,15.6,Inox,Rouge,36,MCH-11,ROBOT_CELL,2024-08-28 19:36:45,2024-08-28 20:00:47,0.0,done,2024-08-28 20:05:17
OF-2024-03517,ART-A22,Assemblage,105.9,Aluminium,Noir,63,MCH-04,CNC_STD,2024-06-06 19:59:41,2024-06-06 20:59:15,8.1,done,2024-06-06 21:01:56
OF-2024-03518,ART-F27,Finition,162.2,Titane,Rouge,76,MCH-02,CNC_FAST,2024-08-26 07:22:06,2024-08-26 08:40:43,10.2,done,2024-08-26 08:41:20
OF-2024-03519,ART-A26,Assemblage,183.1,Inox,Rouge,66,MCH-11,ROBOT_CELL,2024-02-07 14:08:44,2024-02-07 16:26:33,11.3,done,2024-02-07 16:30:50
OF-2024-03520,ART-U00,Usinage,184.0,Inox,Jaune,9,MCH-05,CNC_STD,2024-05-06 15:42:26,2024-05-06 16:33:43,0.0,done,2024-05-06 16:35:47
OF-2024-03521,ART-U28,Usinage,115.2,Aluminium,Bleu,26,MCH-01,CNC_FAST,2024-02-19 06:32:59,2024-02-19 07:07:22,0.0,done,2024-02-19 07:08:13
OF-2024-03522,ART-S29,Soudure,90.9,Aluminium,Vert,77,MCH-10,ROBOT_CELL,2024-03-31 16:22:16,2024-03-31 19:58:11,0.0,done,2024-03-31 20:01:16
OF-2024-03523,ART-S29,Soudure,90.9,Aluminium,Vert,298,MCH-06,MANUAL,2024-03-04 09:55:44,2024-03-05 01:24:27,0.0,done,2024-03-05 01:26:56
OF-2024-03524,ART-S25,Soudure,151.9,Acier,Bleu,79,MCH-06,MANUAL,2024-02-22 07:55:12,2024-02-22 18:10:39,115.0,done,2024-02-22 18:12:49
OF-2024-03525,ART-S33,Soudure,195.1,Inox,Gris,249,MCH-07,MANUAL,10/06/2024 09:35,11/06/2024 16:31,390.2,done,11/06/2024 16:33
OF-2024-03526,ART-U32,Usinage,131.7,Aluminium,Gris,70,MCH-03,CNC_STD,2024-01-05 12:17:01,2024-01-05 15:11:27,20.9,done,2024-01-05 15:13:11
OF-2024-03527,ART-S05,Soudure,38.9,Acier,Vert,44,MCH-10,ROBOT_CELL,2024-02-14 06:31:10,2024-02-14 07:56:10,0.0,done,2024-02-14 07:57:46
OF-2024-03528,ART-U04,Usinage,186.4,Inox,Rouge,56,MCH-02,CNC_FAST,2024-08-01 11:02:12,2024-08-01 14:21:31,0.0,done,2024-08-01 14:24:41
OF-2024-03529,ARTU32,Usinage,131.7,Aluminium,Gris,60,MCH-01,CNC_FAST,2024-05-24 13:21:28,2024-05-24 14:57:31,30.4,done,2024-05-24 15:01:00
OF-2024-03530,ART-U16,Usinage,144.1,Aluminium,Noir,13,MCH-05,CNC_STD,2024-03-20 11:00:51,2024-03-20 11:45:38,0.0,done,2024-03-20 11:47:16
OF-2024-03531,ART-F15,Finition,196.8,Titane,Jaune,46,MCH-01,CNC_FAST,2024-07-08 08:44:22,2024-07-08 09:54:11,4.2,done,2024-07-08 09:58:16
OF-2024-03532,ART-S29,Soudure,90.9,Aluminium,Vert,36,MCH-08,MANUAL,2024-04-26 20:44:49,2024-04-26 23:56:27,30.6,done,2024-04-26 23:59:22
OF-2024-03533,ART-U16,Usinage,144.1,Aluminium,Noir,10,MCH-03,CNC_STD,2024-06-25 19:10:19,2024-06-25 19:53:25,0.0,done,2024-06-25 19:56:04
OF-2024-03534,  ART-U32 ,Usinage,131.7,Aluminium,Gris,35,MCH-01,CNC_FAST,2024-01-06 13:07:48,2024-01-06 14:53:15,0.0,done,2024-01-06 14:57:33
OF-2024-03535,ART-U32,Usinage,131.7,Aluminium,Gris,145,MCH-05,CNC_STD,2024-06-05 15:28:20,2024-06-05 19:53:46,0.0,done,2024-06-05 19:58:45
OF-2024-03536,ART-S13,Soudure,74.7,Acier,Jaune,397,MCH-07,MANUAL,18/02/2024 17:21,19/02/2024 20:59,0.0,done,19/02/2024 21:03
OF-2024-03537,ART-F27,Finition,162.2,Titane,Rouge,351,MCH-01,CNC_FAST,2024-06-21 12:32:50,2024-06-21 18:25:41,0.0,done,2024-06-21 18:30:27
OF-2024-03538,ARTF19,Finition,100.8,Aluminium,Gris,319,MCH-01,CNC_FAST,2024-01-26 06:59:37,2024-01-26 09:54:55,50.9,done,2024-01-26 09:58:12
OF-2024-03539,ART-A06,Assemblage,21.3,Acier,Noir,221,MCH-03,CNC_STD,2024-04-25 18:47:17,2024-04-25 20:45:41,22.4,done,2024-04-25 20:47:19
OF-2024-03540,ART-S05,Soudure,38.9,Acier,Vert,55,MCH-06,MANUAL,2024-07-16 09:17:57,,31.9,aborted,2024-07-16 11:48:24
OF-2024-03541,ART-S33,Soudure,195.1,Inox,Gris,47,MCH-06,MANUAL,2024-07-02 16:04:13,2024-07-02 22:25:56,0.0,done,2024-07-02 22:29:22
OF-2024-03542,ART-U04,Usinage,186.4,Inox,Rouge,69,MCH-02,CNC_FAST,2024-02-14 20:38:10,2024-02-15 00:19:33,24.1,done,2024-02-15 00:20:14
OF-2024-03543,ART-U04,Usinage,186.4,Inox,Rouge,14,MCH-05,CNC_STD,2024-05-15 06:03:07,2024-05-15 07:15:45,24.3,done,2024-05-15 07:17:23
OF-2024-03544,ART-A06,Assemblage,21.3,Acier,Noir,125,MCH-08,MANUAL,2024-06-08 17:36:32,2024-06-08 19:20:09,0.0,done,2024-06-08 19:22:08
OF-2024-03545,ART-A10,Assemblage,48.9,Aluminium,Jaune,267,MCH-04,CNC_STD,2024-08-07 07:16:23,2024-08-07 10:29:13,11.2,done,2024-08-07 10:33:09
OF-2024-03546,ART-A26,Assemblage,183.1,Inox,Rouge,21,MCH-04,CNC_STD,2024-05-10 09:07:46,2024-05-10 10:04:23,4.2,done,2024-05-10 10:06:31
OF-2024-03547,ART-U32,Usinage,131.7,Aluminium,Gris,19,MCH-01,CNC_FAST,2024-07-26 19:51:40,2024-07-26 20:31:05,6.8,done,2024-07-26 20:34:24
OF-2024-03548,ART-F23,Finition,23.0,Acier,Gris,15,MCH-06,MANUAL,2024-04-06 10:17:50,2024-04-06 10:32:15,0.0,done,2024-04-06 10:35:57
OF-2024-03549,ART-U16,Usinage,144.1,Aluminium,Noir,25,MCH-01,CNC_FAST,2024-03-24 12:11:51,2024-03-24 12:58:41,0.0,done,2024-03-24 12:59:26
OF-2024-03550,ART-U28,Usinage,115.2,Aluminium,Bleu,305,MCH-02,CNC_FAST,2024-04-19 14:13:09,2024-04-19 19:01:06,33.6,done,2024-04-19 19:03:04
OF-2024-03551,ART-F15,Finition,196.8,Titane,Jaune,64,MCH-02,CNC_FAST,2024-02-24 15:43:57,2024-02-24 17:24:23,0.0,done,2024-02-24 17:27:20
OF-2024-03552,ART-U32-MM,Usinage,131.7,Aluminium,Gris,272,MCH-02,CNC_FAST,2024-08-16 06:35:17,2024-08-16 13:12:46,136.5,done,2024-08-16 13:15:39
OF-2024-03553,ART-U24,Usinage,173.0,Aluminium,Vert,71,MCH-01,CNC_FAST,2024-08-13 09:32:11,2024-08-13 11:33:09,16.6,done,2024-08-13 11:37:53
OF-2024-03554,ART-U04,Usinage,186.4,Inox,Rouge,60,MCH-05,CNC_STD,2024-03-23 09:47:24,2024-03-23 14:34:19,21.2,done,2024-03-23 14:34:50
OF-2024-03555,ART-S29,Soudure,90.9,Aluminium,Vert,381,MCH-10,ROBOT_CELL,2024-02-07 21:56:23,2024-02-08 13:01:32,0.0,done,2024-02-08 13:02:33
OF-2024-03556,ART-U28,Usinage,115.2,Aluminium,Bleu,61,MCH-05,CNC_STD,2024-07-05 09:44:52,2024-07-05 11:21:16,0.0,done,2024-07-05 11:23:38
OF-2024-03557,ART-A02,Assemblage,36.9,Aluminium,Vert,14,MCH-05,CNC_STD,2024-01-07 08:23:14,2024-01-07 08:43:23,1.3,done,2024-01-07 08:45:39
OF-2024-03558,ART-U12,Usinage,23.0,Titane,Noir,46,MCH-03,CNC_STD,2024-08-03 21:54:06,2024-08-03 23:04:52,9.2,done,2024-08-03 23:09:15
OF-2024-03559,art-f19,Finition,100.8,Aluminium,Gris,251,MCH-08,MANUAL,2024-07-06 07:58:57,2024-07-06 11:30:28,0.0,done,2024-07-06 11:34:27
OF-2024-03560,ART-U08,Usinage,22.6,Inox,Noir,55,MCH-01,CNC_FAST,2024-05-19 11:18:01,2024-05-19 12:15:23,0.0,done,2024-05-19 12:19:57
OF-2024-03561,art-a06,Assemblage,21.3,Acier,Noir,266,MCH-07,MANUAL,02/07/2024 14:47,02/07/2024 18:06,0.0,done,02/07/2024 18:08
OF-2024-03562,ART-A26,Assemblage,183.1,Inox,Rouge,74,MCH-09,ROBOT_CELL,2024-05-17 08:06:21,,20.1,running,2024-05-17 10:23:52
OF-2024-03563,ART-S29,Soudure,90.9,Aluminium,Vert,67,MCH-12,ROBOT_CELL,2024-08-05 18:37:40,2024-08-05 22:12:57,0.0,done,2024-08-05 22:16:38
OF-2024-03564,ART-A26,Assemblage,183.1,Inox,Rouge,20,MCH-09,ROBOT_CELL,2024-02-21 17:24:44,,3.5,running,2024-02-21 18:18:21
OF-2024-03565,ART-A06,Assemblage,21.3,Acier,Noir,18,MCH-06,MANUAL,2024-03-31 15:58:31,2024-03-31 16:22:27,0.0,done,2024-03-31 16:25:43
OF-2024-03566,art-u12,Usinage,23.0,Titane,Noir,122,MCH-01,CNC_FAST,2024-05-14 20:48:26,2024-05-14 23:09:58,9.0,done,2024-05-14 23:14:52
OF-2024-03567,ART-F15,Finition,196.8,Titane,Jaune,120,MCH-07,MANUAL,23/01/2024 14:11,23/01/2024 20:43,64.7,done,23/01/2024 20:47
OF-2024-03568,ART-S25,Soudure,151.9,Acier,Bleu,19,MCH-08,MANUAL,2024-04-15 20:37:01,2024-04-15 23:37:27,0.0,done,2024-04-15 23:41:42
OF-2024-03569,ART-U28,Usinage,115.2,Aluminium,Bleu,175,MCH-03,CNC_STD,2024-04-10 16:28:43,2024-04-10 20:03:36,0.0,done,2024-04-10 20:04:40
OF-2024-03570,ART-S33,Soudure,195.1,Inox,Gris,52,MCH-11,ROBOT_CELL,2024-06-27 17:22:06,2024-06-27 22:27:20,79.4,done,2024-06-27 22:29:07
OF-2024-03571,ART-S21,Soudure,45.5,Inox,Vert,51,MCH-10,ROBOT_CELL,2024-07-16 17:18:28,2024-07-16 19:19:22,0.0,done,2024-07-16 19:24:01
OF-2024-03572,ART-S29,Soudure,90.9,Aluminium,Vert,51,MCH-11,ROBOT_CELL,2024-08-01 19:34:19,2024-08-01 22:03:01,0.0,done,2024-08-01 22:05:41
OF-2024-03573,ART-S25,Soudure,151.9,Acier,Bleu,74,MCH-11,ROBOT_CELL,2024-04-07 21:58:23,2024-04-08 03:27:57,83.4,done,2024-04-08 03:29:39
OF-2024-03574,ART-A10,Assemblage,48.9,Aluminium,Jaune,48,MCH-10,ROBOT_CELL,2024-04-19 19:36:33,2024-04-19 20:16:42,11.2,done,2024-04-19 20:20:45
OF-2024-03575,ART-S13,Soudure,74.7,Acier,Jaune,8,MCH-10,ROBOT_CELL,2024-06-12 17:50:11,2024-06-12 18:30:51,6.8,done,2024-06-12 18:34:29
OF-2024-03576,ART-A02,Assemblage,36.9,Aluminium,Vert,35,MCH-08,MANUAL,2024-03-07 14:31:46,2024-03-07 15:04:54,8.1,done,2024-03-07 15:07:04
OF-2024-03577,art-u32,Usinage,131.7,Aluminium,Gris,253,MCH-02,CNC_FAST,2024-07-06 11:53:13,2024-07-06 18:04:42,118.5,done,2024-07-06 18:06:55
OF-2024-03578,ART-F23,Finition,23.0,Acier,Gris,9,MCH-01,CNC_FAST,2024-03-19 09:12:07,2024-03-19 09:19:11,0.0,done,2024-03-19 09:23:47
OF-2024-03579,ART-U00,Usinage,184.0,Inox,Jaune,10,MCH-05,CNC_STD,2024-05-21 19:36:37,2024-05-21 20:22:33,0.0,done,2024-05-21 20:24:25
OF-2024-03580,ART-S33,Soudure,195.1,Inox,Gris,18,MCH-12,ROBOT_CELL,2024-06-19 06:44:10,2024-06-19 08:41:06,14.9,done,2024-06-19 08:44:08
OF-2024-03581,ART-A26,Assemblage,183.1,Inox,Rouge,41,MCH-07,MANUAL,04/04/2024 21:39,04/04/2024 23:43,0.0,done,04/04/2024 23:44
OF-2024-03582,ART-U28,Usinage,115.2,Aluminium,Bleu,58,MCH-01,CNC_FAST,2024-02-19 20:14:55,2024-02-19 21:24:30,0.0,done,2024-02-19 21:29:13
OF-2024-03583,art-s05,Soudure,38.9,Acier,Vert,18,MCH-07,MANUAL,22/02/2024 08:03,22/02/2024 09:19,0.0,done,22/02/2024 09:22
OF-2024-03584,ART-S25,Soudure,151.9,Acier,Bleu,67,MCH-06,MANUAL,2024-01-10 13:58:35,,0.0,running,2024-01-10 23:35:32
OF-2024-03585,  ART-F19 ,Finition,100.8,Aluminium,Gris,178,MCH-01,CNC_FAST,2024-03-26 06:32:49,2024-03-26 07:49:10,21.7,done,2024-03-26 07:50:10
OF-2024-03586,ART-U32,Usinage,131.7,Aluminium,Gris,136,MCH-03,CNC_STD,2024-02-23 12:06:56,2024-02-23 16:49:54,64.0,done,2024-02-23 16:54:34
OF-2024-03587,ART-A02,Assemblage,36.9,Aluminium,Vert,34,MCH-06,MANUAL,2024-01-02 18:08:35,2024-01-02 18:55:23,11.1,done,2024-01-02 18:58:25
OF-2024-03588,ART-F19,Finition,100.8,Aluminium,Gris,44,MCH-02,CNC_FAST,2024-06-05 14:18:56,2024-06-05 14:44:47,0.0,done,2024-06-05 14:49:22
OF-2024-03589,ART-U00,Usinage,184.0,Inox,Jaune,400,MCH-01,CNC_FAST,2024-08-26 18:04:53,,0.0,aborted,2024-08-27 07:28:35
OF-2024-03590,ART-U24,Usinage,173.0,Aluminium,Vert,59,MCH-03,CNC_STD,2024-06-25 20:49:48,2024-06-25 22:45:48,0.0,done,2024-06-25 22:48:30
OF-2024-03591,ART-U04,Usinage,186.4,Inox,Rouge,44,MCH-01,CNC_FAST,2024-01-07 15:01:11,2024-01-07 17:06:15,0.0,done,2024-01-07 17:09:26
OF-2024-03592,ART-S25,Soudure,151.9,Acier,Bleu,63,MCH-11,ROBOT_CELL,2024-04-08 19:31:31,2024-04-08 23:50:25,0.0,done,2024-04-08 23:53:00
OF-2024-03593,ART-S13,Soudure,74.7,Acier,Jaune,119,MCH-08,MANUAL,2024-04-07 17:50:33,2024-04-08 02:06:45,0.0,done,2024-04-08 02:10:36
OF-2024-03594,ART-U32,Usinage,131.7,Aluminium,Gris,72,MCH-03,CNC_STD,2024-02-17 17:02:44,2024-02-17 19:47:07,0.0,done,2024-02-17 19:50:55
OF-2024-03595,ART-U08,Usinage,22.6,Inox,Noir,34,MCH-03,CNC_STD,2024-03-25 14:35:17,2024-03-25 15:18:20,0.0,done,2024-03-25 15:21:44
OF-2024-03596,ART-F27,Finition,162.2,Titane,Rouge,66,MCH-06,MANUAL,2024-04-20 11:48:51,2024-04-20 14:31:05,0.0,done,2024-04-20 14:35:50
OF-2024-03597,ART-U24,Usinage,173.0,Aluminium,Vert,71,MCH-02,CNC_FAST,2024-01-07 16:30:17,2024-01-07 18:46:54,0.0,done,2024-01-07 18:49:54
OF-2024-03598,art-u20,Usinage,23.4,Titane,Rouge,34,MCH-03,CNC_STD,2024-01-18 10:38:54,2024-01-18 11:50:18,0.0,done,2024-01-18 11:52:05
OF-2024-03599,ART-U04,Usinage,186.4,Inox,Rouge,23,MCH-03,CNC_STD,2024-08-07 07:10:06,2024-08-07 09:40:08,0.0,done,2024-08-07 09:42:12
OF-2024-03600,ART-S05,Soudure,38.9,Acier,Vert,278,MCH-10,ROBOT_CELL,2024-03-25 16:42:20,2024-03-25 21:46:18,0.0,done,2024-03-25 21:48:10
OF-2024-03601,ART-A26,Assemblage,183.1,Inox,Rouge,168,MCH-10,ROBOT_CELL,2024-01-21 11:33:29,2024-01-21 17:03:19,0.0,done,2024-01-21 17:05:07
OF-2024-03602,ART-U04,Usinage,186.4,Inox,Rouge,67,MCH-03,CNC_STD,2024-03-01 08:56:43,2024-03-01 14:07:58,0.0,done,2024-03-01 14:10:56
OF-2024-03603,ART-S21,Soudure,45.5,Inox,Vert,9,MCH-07,MANUAL,31/07/2024 08:16,31/07/2024 09:32,0.0,done,31/07/2024 09:34
OF-2024-03604,ART-A06,Assemblage,21.3,Acier,Noir,66,MCH-06,MANUAL,2024-07-12 17:34:44,,0.0,running,2024-07-12 18:37:16
OF-2024-03605,ART-S01,Soudure,191.3,Titane,Bleu,41,MCH-07,MANUAL,09/04/2024 11:52,09/04/2024 17:46,0.0,done,09/04/2024 17:47
OF-2024-03606,ART-U00,Usinage,184.0,Inox,Jaune,18,MCH-02,CNC_FAST,2024-08-16 10:02:41,2024-08-16 11:07:47,0.0,done,2024-08-16 11:10:34
OF-2024-03607,ART-U24,Usinage,173.0,Aluminium,Vert,61,MCH-03,CNC_STD,2024-04-20 19:15:03,2024-04-20 21:42:09,0.0,done,2024-04-20 21:43:20
OF-2024-03608,ART-U00,Usinage,184.0,Inox,Jaune,53,MCH-03,CNC_STD,2024-07-18 10:59:43,2024-07-18 13:36:58,0.0,done,2024-07-18 13:40:09
OF-2024-03609,ART-F07,Finition,147.0,Acier,Gris,30,MCH-06,MANUAL,2024-02-10 18:12:50,2024-02-10 19:04:25,0.0,done,2024-02-10 19:09:08
OF-2024-03610,ART-F15,Finition,196.8,Titane,Jaune,34,MCH-02,CNC_FAST,2024-05-31 21:53:35,2024-05-31 22:37:07,2.6,done,2024-05-31 22:38:36
OF-2024-03611,ART-S25,Soudure,151.9,Acier,Bleu,215,MCH-06,MANUAL,2024-02-14 20:19:56,2024-02-15 13:56:24,0.0,done,2024-02-15 13:57:12
OF-2024-03612,ART-U04,Usinage,186.4,Inox,Rouge,35,MCH-01,CNC_FAST,2024-01-02 06:49:16,2024-01-02 08:43:58,0.0,done,2024-01-02 08:45:46
OF-2024-03613,ART-U16,Usinage,144.1,Aluminium,Noir,76,MCH-04,CNC_STD,2024-01-11 14:30:19,2024-01-11 17:16:33,0.0,done,2024-01-11 17:20:30
OF-2024-03614,ART-S25,Soudure,151.9,Acier,Bleu,353,MCH-12,ROBOT_CELL,2024-07-13 20:25:20,2024-07-14 14:38:49,243.5,done,2024-07-14 14:42:08
OF-2024-03615,ART-U28,Usinage,115.2,Aluminium,Bleu,298,MCH-05,CNC_STD,2024-08-29 15:51:05,2024-08-29 22:49:09,0.0,done,2024-08-29 22:50:28
OF-2024-03616,ART-S13,Soudure,74.7,Acier,Jaune,73,MCH-09,ROBOT_CELL,2024-01-04 16:26:00,2024-01-04 20:14:28,52.2,done,2024-01-04 20:17:13
OF-2024-03617,ART-U16,Usinage,144.1,Aluminium,Noir,66,MCH-04,CNC_STD,2024-04-06 13:59:38,2024-04-06 15:29:58,27.1,done,2024-04-06 15:33:49
OF-2024-03618,ART-S17,Soudure,16.0,Acier,Bleu,11,MCH-11,ROBOT_CELL,2024-04-03 07:44:33,2024-04-03 08:10:54,5.4,done,2024-04-03 08:13:48
OF-2024-03619,ART-U32,Usinage,131.7,Aluminium,Gris,54,MCH-01,CNC_FAST,2024-05-26 14:04:25,,14.7,running,2024-05-26 15:29:00
OF-2024-03620,ART-S25,Soudure,151.9,Acier,Bleu,14,MCH-07,MANUAL,28/05/2024 07:57,28/05/2024 10:46,41.6,done,28/05/2024 10:48
OF-2024-03621,ART-U32,Usinage,131.7,Aluminium,Gris,36,MCH-05,CNC_STD,2024-04-25 10:43:36,2024-04-25 12:33:19,0.0,done,2024-04-25 12:37:21
OF-2024-03622,ART-S29,Soudure,90.9,Aluminium,Vert,58,MCH-07,MANUAL,30/01/2024 18:06,30/01/2024 22:32,0.0,done,30/01/2024 22:35
OF-2024-03623,ART-F31,Finition,25.3,Inox,Gris,40,MCH-02,CNC_FAST,2024-01-26 16:16:45,2024-01-26 16:35:30,0.0,done,2024-01-26 16:39:42
OF-2024-03624,ART-S05,Soudure,38.9,Acier,Vert,71,MCH-10,ROBOT_CELL,2024-08-05 19:12:53,2024-08-05 20:27:53,0.0,done,2024-08-05 20:30:37
OF-2024-03625,ART-A02,Assemblage,36.9,Aluminium,Vert,78,MCH-08,MANUAL,2024-01-17 11:38:37,2024-01-17 12:55:40,0.0,done,2024-01-17 12:59:36
OF-2024-03626,ART-S09,Soudure,11.4,Acier,Jaune,341,MCH-09,ROBOT_CELL,2024-01-20 06:19:30,2024-01-20 12:51:47,0.0,done,2024-01-20 12:53:37
OF-2024-03627,ART-A14,Assemblage,190.7,Acier,Noir,207,MCH-08,MANUAL,2024-07-10 10:11:57,2024-07-10 20:05:35,0.0,done,2024-07-10 20:08:56
OF-2024-03628,ART-U28,Usinage,115.2,Aluminium,Bleu,70,MCH-02,CNC_FAST,2024-02-17 08:41:33,2024-02-17 10:21:26,0.0,done,2024-02-17 10:26:20
OF-2024-03629,ART-F15,Finition,196.8,Titane,Jaune,73,MCH-08,MANUAL,2024-07-06 12:09:22,2024-07-06 16:26:28,0.0,done,2024-07-06 16:27:10
OF-2024-03630,ART-S21,Soudure,45.5,Inox,Vert,58,MCH-11,ROBOT_CELL,2024-07-21 10:09:08,2024-07-21 13:13:45,0.0,done,2024-07-21 13:17:58
OF-2024-03631,ART-S25,Soudure,151.9,Acier,Bleu,9,MCH-08,MANUAL,2024-06-25 09:48:24,2024-06-25 11:49:07,0.0,done,2024-06-25 11:53:52
OF-2024-03632,ART-U24,Usinage,173.0,Aluminium,Vert,34,MCH-02,CNC_FAST,2024-03-05 07:35:44,2024-03-05 08:46:20,0.0,done,2024-03-05 08:50:50
OF-2024-03633,ART-S25,Soudure,151.9,Acier,Bleu,17,MCH-10,ROBOT_CELL,2024-05-16 09:06:12,2024-05-16 10:40:07,31.7,done,2024-05-16 10:44:20
OF-2024-03634,ART-S29,Soudure,90.9,Aluminium,Vert,70,MCH-09,ROBOT_CELL,2024-07-20 18:59:32,2024-07-20 21:33:33,0.0,done,2024-07-20 21:35:31
OF-2024-03635,ART-S33,Soudure,195.1,Inox,Gris,12,MCH-09,ROBOT_CELL,2024-01-08 08:25:15,2024-01-08 10:12:13,27.6,done,2024-01-08 10:12:56
OF-2024-03636,ART-U16,Usinage,144.1,Aluminium,Noir,56,MCH-03,CNC_STD,2024-08-20 17:32:21,2024-08-20 19:45:18,0.0,done,2024-08-20 19:49:23
OF-2024-03637,ART-U00,Usinage,184.0,Inox,Jaune,140,MCH-03,CNC_STD,2024-07-03 06:38:18,2024-07-03 12:52:12,22.7,done,2024-07-03 12:57:06
OF-2024-03638,ART-F15,Finition,196.8,Titane,Jaune,34,MCH-01,CNC_FAST,2024-08-28 19:21:40,2024-08-28 20:27:09,21.5,done,2024-08-28 20:30:37
OF-2024-03639,ART-U04,Usinage,186.4,Inox,Rouge,42,MCH-02,CNC_FAST,2024-03-29 21:17:24,2024-03-29 23:37:57,0.0,done,2024-03-29 23:40:21
OF-2024-03640,ART-A06,Assemblage,21.3,Acier,Noir,53,MCH-03,CNC_STD,2024-07-20 17:35:42,2024-07-20 18:08:36,0.0,done,2024-07-20 18:12:59
OF-2024-03641,ART-F11,Finition,147.9,Acier,Gris,18,MCH-01,CNC_FAST,2024-08-28 17:29:50,2024-08-28 17:47:22,0.0,done,2024-08-28 17:51:41
OF-2024-03642,ART-S09,Soudure,11.4,Acier,Jaune,8,MCH-06,MANUAL,2024-06-23 10:28:47,2024-06-23 11:16:41,0.0,done,2024-06-23 11:19:50
OF-2024-03643,ART-S29,Soudure,90.9,Aluminium,Vert,11,MCH-10,ROBOT_CELL,2024-05-18 11:07:46,2024-05-18 11:55:30,8.7,done,2024-05-18 11:58:26
OF-2024-03644,ART-S13,Soudure,74.7,Acier,Jaune,193,MCH-08,MANUAL,2024-02-19 18:25:36,2024-02-20 09:04:01,0.0,done,2024-02-20 09:04:37
OF-2024-03645,ART-U08,Usinage,22.6,Inox,Noir,62,MCH-01,CNC_FAST,2024-01-16 07:54:56,2024-01-16 08:46:58,0.0,done,2024-01-16 08:50:54
OF-2024-03646,ART-A10,Assemblage,48.9,Aluminium,Jaune,62,MCH-03,CNC_STD,2024-05-21 13:05:44,2024-05-21 13:57:27,13.5,done,2024-05-21 14:01:47
OF-2024-03647,ART-A06,Assemblage,21.3,Acier,Noir,76,MCH-04,CNC_STD,2024-01-26 06:23:21,2024-01-26 07:11:27,0.0,done,2024-01-26 07:12:11
OF-2024-03648,ART-S05,Soudure,38.9,Acier,Vert,77,MCH-09,ROBOT_CELL,2024-03-06 09:31:50,2024-03-06 11:37:55,33.3,done,2024-03-06 11:40:48
OF-2024-03649,ART-A06,Assemblage,21.3,Acier,Noir,211,MCH-06,MANUAL,2024-06-15 13:18:20,2024-06-15 15:55:31,0.0,done,2024-06-15 15:58:46
OF-2024-03650,ART-A06,Assemblage,21.3,Acier,Noir,17,MCH-05,CNC_STD,2024-07-03 13:17:00,2024-07-03 13:32:26,0.0,done,2024-07-03 13:36:06
OF-2024-03651,ART-U20,Usinage,23.4,Titane,Rouge,18,MCH-04,CNC_STD,2024-07-11 20:57:11,2024-07-11 21:41:08,8.0,done,2024-07-11 21:45:23
OF-2024-03652,ART-F15,Finition,196.8,Titane,Jaune,49,MCH-06,MANUAL,2024-02-25 13:52:49,2024-02-25 16:45:05,0.0,done,2024-02-25 16:49:35
OF-2024-03653,ART-A18,Assemblage,15.6,Inox,Rouge,15,MCH-04,CNC_STD,2024-08-25 07:17:14,2024-08-25 07:33:38,0.0,done,2024-08-25 07:35:21
OF-2024-03654,ART-S25,Soudure,151.9,Acier,Bleu,12,MCH-07,MANUAL,05/03/2024 13:12,05/03/2024 15:05,0.0,done,05/03/2024 15:06
OF-2024-03655,ART-U32,Usinage,131.7,Aluminium,Gris,23,MCH-02,CNC_FAST,2024-01-14 17:38:22,2024-01-14 18:23:09,0.0,done,2024-01-14 18:28:01
OF-2024-03656,ART-F15,Finition,196.8,Titane,Jaune,278,MCH-06,MANUAL,2024-07-24 16:21:01,2024-07-25 02:46:25,113.4,done,2024-07-25 02:49:46
OF-2024-03657,ART-S29,Soudure,90.9,Aluminium,Vert,179,MCH-06,MANUAL,2024-06-20 13:01:53,2024-06-20 21:50:48,0.0,done,2024-06-20 21:55:42
OF-2024-03658,ART-S13,Soudure,74.7,Acier,Jaune,73,MCH-09,ROBOT_CELL,2024-07-06 19:39:44,2024-07-06 22:45:57,0.0,done,2024-07-06 22:47:24
OF-2024-03659,ART-S29,Soudure,90.9,Aluminium,Vert,72,MCH-07,MANUAL,25/06/2024 21:57,26/06/2024 02:34,0.0,done,26/06/2024 02:38
OF-2024-03660,ART-A26,Assemblage,183.1,Inox,Rouge,75,MCH-12,ROBOT_CELL,2024-06-14 16:04:33,2024-06-14 18:24:03,19.7,done,2024-06-14 18:25:19
OF-2024-03661,ART-S25,Soudure,151.9,Acier,Bleu,47,MCH-10,ROBOT_CELL,2024-06-13 10:54:29,2024-06-13 14:06:02,0.0,done,2024-06-13 14:09:01
OF-2024-03662,ART-S29,Soudure,90.9,Aluminium,Vert,296,MCH-10,ROBOT_CELL,2024-07-22 08:06:17,2024-07-22 20:11:05,0.0,done,2024-07-22 20:12:56
OF-2024-03663,ART-U16-MM,Usinage,144.1,Aluminium,Noir,8,MCH-03,CNC_STD,2024-03-29 15:29:22,2024-03-29 15:57:23,0.0,done,2024-03-29 16:00:21
OF-2024-03664,ART-U16,Usinage,144.1,Aluminium,Noir,272,MCH-04,CNC_STD,2024-08-17 13:36:02,2024-08-17 22:59:35,102.5,done,2024-08-17 23:00:19
OF-2024-03665,ART-A14,Assemblage,190.7,Acier,Noir,241,MCH-07,MANUAL,04/07/2024 12:57,05/07/2024 00:03,0.0,done,05/07/2024 00:07
OF-2024-03666,ART-U04,Usinage,186.4,Inox,Rouge,14,MCH-02,CNC_FAST,2024-06-15 21:09:40,2024-06-15 22:21:00,0.0,done,2024-06-15 22:24:44
OF-2024-03667,ART-F19,Finition,100.8,Aluminium,Gris,37,MCH-07,MANUAL,29/07/2024 14:54,29/07/2024 15:43,9.7,done,29/07/2024 15:44
OF-2024-03668,ART-F39,Finition,157.5,Titane,Jaune,310,MCH-02,CNC_FAST,2024-08-09 06:24:49,2024-08-09 10:33:35,0.0,done,2024-08-09 10:36:50
OF-2024-03669,ART-U28,Usinage,115.2,Aluminium,Bleu,25,MCH-02,CNC_FAST,2024-05-12 13:46:35,2024-05-12 14:29:00,0.0,done,2024-05-12 14:30:17
OF-2024-03670,ART-U28,Usinage,115.2,Aluminium,Bleu,26,MCH-02,CNC_FAST,2024-08-17 10:07:04,2024-08-17 10:49:53,10.7,done,2024-08-17 10:54:04
OF-2024-03671,ART-A02,Assemblage,36.9,Aluminium,Vert,42,MCH-10,ROBOT_CELL,2024-06-07 17:32:17,2024-06-07 17:58:19,0.0,done,2024-06-07 18:03:19
OF-2024-03672,ART-F15,Finition,196.8,Titane,Jaune,132,MCH-01,CNC_FAST,2024-01-19 13:39:44,2024-01-19 16:34:38,25.2,done,2024-01-19 16:39:15
OF-2024-03673,ART-U24,Usinage,173.0,Aluminium,Vert,26,MCH-05,CNC_STD,2024-07-21 18:45:23,2024-07-21 19:45:20,20.8,done,2024-07-21 19:48:41
OF-2024-03674,ART-F27,Finition,162.2,Titane,Rouge,49,MCH-06,MANUAL,2024-07-31 22:16:17,2024-08-01 00:14:20,0.0,done,2024-08-01 00:18:15
OF-2024-03675,ART-S05,Soudure,38.9,Acier,Vert,158,MCH-12,ROBOT_CELL,2024-05-02 15:15:57,2024-05-02 19:44:31,26.1,done,2024-05-02 19:45:13
OF-2024-03676,ART-U28,Usinage,115.2,Aluminium,Bleu,321,MCH-01,CNC_FAST,2024-07-23 16:31:21,2024-07-23 21:23:46,61.8,done,2024-07-23 21:27:08
OF-2024-03677,ART-A26,Assemblage,183.1,Inox,Rouge,55,MCH-09,ROBOT_CELL,2024-03-14 10:23:36,2024-03-14 12:00:03,5.1,done,2024-03-14 12:03:00
OF-2024-03678,ART-S29,Soudure,90.9,Aluminium,Vert,48,MCH-06,MANUAL,2024-04-27 15:45:41,2024-04-27 19:36:53,0.0,done,2024-04-27 19:40:44
OF-2024-03679,ART-F31,Finition,25.3,Inox,Gris,53,MCH-06,MANUAL,2024-02-01 12:12:22,,17.8,aborted,2024-02-01 13:07:48
OF-2024-03680,ART-U04,Usinage,186.4,Inox,Rouge,67,MCH-01,CNC_FAST,2024-01-09 16:58:08,2024-01-09 20:27:27,0.0,done,2024-01-09 20:31:18
OF-2024-03681,ART-A26,Assemblage,183.1,Inox,Rouge,20,MCH-03,CNC_STD,2024-06-01 11:38:05,2024-06-01 12:27:49,3.4,done,2024-06-01 12:28:32
OF-2024-03682,ART-U08,Usinage,22.6,Inox,Noir,53,MCH-03,CNC_STD,2024-06-14 19:52:48,2024-06-14 20:55:56,0.0,done,2024-06-14 20:59:31
OF-2024-03683,ART-S25,Soudure,151.9,Acier,Bleu,61,MCH-08,MANUAL,2024-07-07 11:22:46,2024-07-07 17:45:28,0.0,done,2024-07-07 17:46:57
OF-2024-03684,ARTA06,Assemblage,21.3,Acier,Noir,68,MCH-04,CNC_STD,2024-06-12 18:00:49,2024-06-12 18:43:40,3.9,done,2024-06-12 18:45:18
OF-2024-03685,ART-A26,Assemblage,183.1,Inox,Rouge,63,MCH-07,MANUAL,29/03/2024 10:17,29/03/2024 13:20,0.0,done,29/03/2024 13:24
OF-2024-03686,ART-S33,Soudure,195.1,Inox,Gris,41,MCH-06,MANUAL,2024-02-16 09:47:06,2024-02-16 16:02:26,0.0,done,2024-02-16 16:03:36
OF-2024-03687,ART-S13,Soudure,74.7,Acier,Jaune,11,MCH-06,MANUAL,2024-08-22 06:28:47,2024-08-22 08:07:49,0.0,done,2024-08-22 08:11:46
OF-2024-03688,ART-F11,Finition,147.9,Acier,Gris,134,MCH-06,MANUAL,2024-07-12 19:00:42,2024-07-12 21:32:37,0.0,done,2024-07-12 21:35:11
OF-2024-03689,ART-S25,Soudure,151.9,Acier,Bleu,231,MCH-11,ROBOT_CELL,2024-07-04 13:57:35,2024-07-05 01:50:45,0.0,done,2024-07-05 01:53:24
OF-2024-03690,ART-S13,Soudure,74.7,Acier,Jaune,171,MCH-08,MANUAL,2024-02-16 09:18:59,2024-02-16 20:55:10,0.0,done,2024-02-16 21:00:07
OF-2024-03691,ART-F15,Finition,196.8,Titane,Jaune,74,MCH-02,CNC_FAST,2024-07-23 16:45:33,2024-07-23 18:14:19,27.4,done,2024-07-23 18:17:02
OF-2024-03692,ART-F19,Finition,100.8,Aluminium,Gris,264,MCH-01,CNC_FAST,2024-07-01 19:27:27,,0.0,running,2024-07-01 21:07:23
OF-2024-03693,ART-A26,Assemblage,183.1,Inox,Rouge,67,MCH-10,ROBOT_CELL,2024-05-22 07:14:11,2024-05-22 08:58:07,0.0,done,2024-05-22 09:01:49
OF-2024-03694,ART-F27,Finition,162.2,Titane,Rouge,78,MCH-07,MANUAL,27/08/2024 07:01,27/08/2024 09:57,0.0,done,27/08/2024 10:00
OF-2024-03695,ART-S09,Soudure,11.4,Acier,Jaune,65,MCH-11,ROBOT_CELL,2024-04-19 15:19:25,2024-04-19 16:45:49,0.0,done,2024-04-19 16:49:11
OF-2024-03696,ART-U00,Usinage,184.0,Inox,Jaune,8,MCH-01,CNC_FAST,2024-02-25 11:30:06,2024-02-25 12:03:35,0.0,done,2024-02-25 12:08:01
OF-2024-03697,ART-S29,Soudure,90.9,Aluminium,Vert,270,MCH-11,ROBOT_CELL,2024-03-08 08:55:53,2024-03-08 17:33:47,0.0,done,2024-03-08 17:34:44
OF-2024-03698,ART-U32,Usinage,131.7,Aluminium,Gris,16,MCH-01,CNC_FAST,2024-03-02 18:51:50,2024-03-02 19:24:54,0.0,done,2024-03-02 19:27:17
OF-2024-03699,art-s05,Soudure,38.9,Acier,Vert,21,MCH-08,MANUAL,2024-04-24 16:43:42,2024-04-24 18:00:45,0.0,done,2024-04-24 18:03:32
OF-2024-03700,ART-S09,Soudure,11.4,Acier,Jaune,24,MCH-08,MANUAL,2024-05-05 20:01:51,2024-05-05 21:13:05,17.1,done,2024-05-05 21:17:50
OF-2024-03701,ART-U08,Usinage,22.6,Inox,Noir,320,MCH-03,CNC_STD,2024-01-17 09:06:42,2024-01-17 15:46:00,0.0,done,2024-01-17 15:46:45
OF-2024-03702,ART-U12,Usinage,23.0,Titane,Noir,328,MCH-05,CNC_STD,2024-06-16 09:14:36,2024-06-16 15:45:37,0.0,done,2024-06-16 15:46:22
OF-2024-03703,ART-U28,Usinage,115.2,Aluminium,Bleu,72,MCH-05,CNC_STD,2024-06-12 15:39:30,2024-06-12 17:14:48,0.0,done,2024-06-12 17:19:37
OF-2024-03704,ART-U16,Usinage,144.1,Aluminium,Noir,131,MCH-02,CNC_FAST,2024-05-26 18:56:47,2024-05-26 21:42:50,25.7,done,2024-05-26 21:46:30
OF-2024-03705,art-u32,Usinage,131.7,Aluminium,Gris,14,MCH-02,CNC_FAST,2024-06-05 09:38:35,2024-06-05 10:10:47,9.5,done,2024-06-05 10:12:08
OF-2024-03706,ARTF19,Finition,100.8,Aluminium,Gris,20,MCH-01,CNC_FAST,2024-01-17 08:03:42,2024-01-17 08:21:36,2.0,done,2024-01-17 08:22:35
OF-2024-03707,ART-F27,Finition,162.2,Titane,Rouge,13,MCH-07,MANUAL,02/07/2024 08:06,02/07/2024 08:51,15.4,done,02/07/2024 08:53
OF-2024-03708,ART-F15,Finition,196.8,Titane,Jaune,5,MCH-02,CNC_FAST,2024-06-20 18:08:24,2024-06-20 18:22:03,0.0,done,2024-06-20 18:24:23
OF-2024-03709,ART-A10,Assemblage,48.9,Aluminium,Jaune,52,MCH-05,CNC_STD,2024-01-06 14:25:04,2024-01-06 15:26:23,8.2,done,2024-01-06 15:30:39
OF-2024-03710,ART-A02,Assemblage,36.9,Aluminium,Vert,376,MCH-05,CNC_STD,2024-06-13 21:48:41,2024-06-14 00:25:21,50.9,done,2024-06-14 00:28:23
OF-2024-03711,ART-S25,Soudure,151.9,Acier,Bleu,73,MCH-11,ROBOT_CELL,2024-07-17 15:49:25,2024-07-17 20:14:15,0.0,done,2024-07-17 20:18:38
OF-2024-03712,ART-U08,Usinage,22.6,Inox,Noir,7,MCH-01,CNC_FAST,2024-03-22 16:47:13,2024-03-22 17:02:03,0.0,done,2024-03-22 17:02:35
OF-2024-03713,ART-U04,Usinage,186.4,Inox,Rouge,48,MCH-01,CNC_FAST,2024-07-23 12:14:16,2024-07-23 14:25:59,45.1,done,2024-07-23 14:29:15
OF-2024-03714,ART-S05-MM,Soudure,38.9,Acier,Vert,269,MCH-06,MANUAL,2024-08-16 15:15:28,2024-08-17 02:39:17,175.0,done,2024-08-17 02:40:44
OF-2024-03715,ART-S13,Soudure,74.7,Acier,Jaune,19,MCH-10,ROBOT_CELL,2024-01-27 17:34:36,2024-01-27 18:40:34,0.0,done,2024-01-27 18:44:31
OF-2024-03716,ART-U28,Usinage,115.2,Aluminium,Bleu,14,MCH-05,CNC_STD,2024-08-04 15:54:16,,0.0,running,2024-08-04 16:49:16
OF-2024-03717,ART-F07,Finition,147.0,Acier,Gris,75,MCH-08,MANUAL,2024-03-06 07:10:40,2024-03-06 09:07:26,17.2,done,2024-03-06 09:10:55
OF-2024-03718,ART-S13,Soudure,74.7,Acier,Jaune,77,MCH-10,ROBOT_CELL,2024-06-03 09:20:47,2024-06-03 13:00:26,0.0,done,2024-06-03 13:03:11
OF-2024-03719,ART-F15,Finition,196.8,Titane,Jaune,15,MCH-07,MANUAL,16/01/2024 18:36,16/01/2024 19:34,0.0,done,16/01/2024 19:37
OF-2024-03720,ART-A06,Assemblage,21.3,Acier,Noir,64,MCH-04,CNC_STD,2024-07-02 16:54:03,2024-07-02 17:34:03,0.0,done,2024-07-02 17:38:36
OF-2024-03721,ART-F15,Finition,196.8,Titane,Jaune,119,MCH-02,CNC_FAST,2024-01-25 09:01:40,2024-01-25 11:45:45,55.7,done,2024-01-25 11:49:03
OF-2024-03722,ART-U32,Usinage,131.7,Aluminium,Gris,68,MCH-03,CNC_STD,2024-07-04 15:00:48,2024-07-04 17:31:30,0.0,done,2024-07-04 17:32:58
OF-2024-03723,ARTS05,Soudure,38.9,Acier,Vert,38,MCH-12,ROBOT_CELL,2024-08-12 08:56:17,2024-08-12 10:15:37,0.0,done,2024-08-12 10:16:51
OF-2024-03724,ART-F15,Finition,196.8,Titane,Jaune,46,MCH-07,MANUAL,11/03/2024 20:59,11/03/2024 23:42,19.9,done,11/03/2024 23:46
OF-2024-03725,ART-A06,Assemblage,21.3,Acier,Noir,71,MCH-06,MANUAL,2024-03-20 13:44:57,,10.1,running,2024-03-20 14:51:14
OF-2024-03726,ART-U16,Usinage,144.1,Aluminium,Noir,24,MCH-02,CNC_FAST,2024-06-21 08:10:20,2024-06-21 08:56:28,11.6,done,2024-06-21 08:59:19
OF-2024-03727,ART-F23,Finition,23.0,Acier,Gris,57,MCH-08,MANUAL,2024-07-10 07:51:15,2024-07-10 08:24:19,0.0,done,2024-07-10 08:25:18
OF-2024-03728,ARTU08,Usinage,22.6,Inox,Noir,21,MCH-01,CNC_FAST,2024-07-01 14:09:32,2024-07-01 14:36:41,7.3,done,2024-07-01 14:39:24
OF-2024-03729,ART-A18,Assemblage,15.6,Inox,Rouge,22,MCH-06,MANUAL,2024-02-11 13:12:02,2024-02-11 13:43:08,0.0,done,2024-02-11 13:45:20
OF-2024-03730,ART-S25,Soudure,151.9,Acier,Bleu,61,MCH-09,ROBOT_CELL,2024-04-28 12:32:30,2024-04-28 16:43:22,0.0,done,2024-04-28 16:47:36
OF-2024-03731,ART-S29,Soudure,90.9,Aluminium,Vert,29,MCH-07,MANUAL,17/08/2024 08:59,17/08/2024 11:42,0.0,done,17/08/2024 11:44
OF-2024-03732,ART-S13,Soudure,74.7,Acier,Jaune,65,MCH-06,MANUAL,2024-02-13 08:32:18,2024-02-13 14:14:42,0.0,done,2024-02-13 14:16:51
OF-2024-03733,ART-A10,Assemblage,48.9,Aluminium,Jaune,31,MCH-08,MANUAL,2024-04-19 12:51:31,2024-04-19 13:36:08,8.9,done,2024-04-19 13:38:16
OF-2024-03734,ART-S29,Soudure,90.9,Aluminium,Vert,64,MCH-10,ROBOT_CELL,2024-05-28 13:01:11,2024-05-28 15:47:44,0.0,done,2024-05-28 15:52:26
OF-2024-03735,ART-S13,Soudure,74.7,Acier,Jaune,68,MCH-08,MANUAL,2024-07-05 07:59:10,,0.0,running,2024-07-05 13:19:48
OF-2024-03736,ART-U16,Usinage,144.1,Aluminium,Noir,73,MCH-04,CNC_STD,2024-07-24 19:36:38,2024-07-24 21:54:25,14.1,done,2024-07-24 21:57:07
OF-2024-03737,ART-U28,Usinage,115.2,Aluminium,Bleu,22,MCH-01,CNC_FAST,2024-02-02 07:20:01,2024-02-02 08:07:04,0.0,done,2024-02-02 08:09:21
OF-2024-03738,ART-U04,Usinage,186.4,Inox,Rouge,6,MCH-01,CNC_FAST,2024-06-17 07:08:12,2024-06-17 07:36:14,0.0,done,2024-06-17 07:37:48
OF-2024-03739,ART-S29,Soudure,90.9,Aluminium,Vert,324,MCH-07,MANUAL,30/01/2024 06:55,31/01/2024 01:39,264.1,done,31/01/2024 01:41
OF-2024-03740,ART-A06,Assemblage,21.3,Acier,Noir,158,MCH-08,MANUAL,2024-06-28 11:20:04,2024-06-28 12:49:57,0.0,done,2024-06-28 12:54:35
OF-2024-03741,ART-U16,Usinage,144.1,Aluminium,Noir,58,MCH-03,CNC_STD,2024-01-21 20:04:11,2024-01-21 22:16:53,0.0,done,2024-01-21 22:21:52
OF-2024-03742,ART-F15,Finition,196.8,Titane,Jaune,54,MCH-08,MANUAL,2024-08-30 16:37:35,2024-08-30 19:23:25,0.0,done,2024-08-30 19:27:55
OF-2024-03743,ART-S13,Soudure,74.7,Acier,Jaune,57,MCH-06,MANUAL,2024-02-04 13:25:41,2024-02-04 18:37:45,0.0,done,2024-02-04 18:42:06
OF-2024-03744,ART-S13,Soudure,74.7,Acier,Jaune,32,MCH-12,ROBOT_CELL,2024-08-15 21:29:04,2024-08-15 23:30:58,0.0,done,2024-08-15 23:32:33
OF-2024-03745,ART-S29,Soudure,90.9,Aluminium,Vert,24,MCH-07,MANUAL,07/07/2024 10:13,07/07/2024 12:01,0.0,done,07/07/2024 12:04
OF-2024-03746,ART-F23,Finition,23.0,Acier,Gris,80,MCH-07,MANUAL,09/07/2024 19:05,09/07/2024 19:46,0.0,done,09/07/2024 19:50
OF-2024-03747,ART-F15,Finition,196.8,Titane,Jaune,71,MCH-08,MANUAL,2024-06-23 07:44:41,2024-06-23 11:31:56,63.3,done,2024-06-23 11:33:25
OF-2024-03748,ART-A02,Assemblage,36.9,Aluminium,Vert,22,MCH-04,CNC_STD,2024-07-29 21:36:20,2024-07-29 21:53:56,0.9,done,2024-07-29 21:55:20
OF-2024-03749,ART-F27,Finition,162.2,Titane,Rouge,49,MCH-02,CNC_FAST,2024-05-31 08:49:21,2024-05-31 09:44:36,12.4,done,2024-05-31 09:45:32
OF-2024-03750,ART-F03,Finition,55.9,Titane,Jaune,26,MCH-07,MANUAL,29/02/2024 10:39,29/02/2024 11:28,0.0,done,29/02/2024 11:31
OF-2024-03751,ART-A22,Assemblage,105.9,Aluminium,Noir,287,MCH-05,CNC_STD,2024-05-29 19:20:53,2024-05-29 22:44:07,0.0,done,2024-05-29 22:47:10
OF-2024-03752,ART-U32,Usinage,131.7,Aluminium,Gris,15,MCH-05,CNC_STD,2024-02-25 10:05:16,,12.7,aborted,2024-02-25 11:09:24
OF-2024-03753,ART-A10,Assemblage,48.9,Aluminium,Jaune,30,MCH-04,CNC_STD,2024-01-04 15:20:11,2024-01-04 15:58:00,0.0,done,2024-01-04 16:02:41
OF-2024-03754,ART-U24,Usinage,173.0,Aluminium,Vert,24,MCH-04,CNC_STD,2024-06-01 10:38:18,2024-06-01 11:33:31,0.0,done,2024-06-01 11:36:54
OF-2024-03755,ART-S29,Soudure,90.9,Aluminium,Vert,17,MCH-11,ROBOT_CELL,2024-07-14 10:08:33,2024-07-14 11:04:53,0.0,done,2024-07-14 11:06:11
OF-2024-03756,ART-U20,Usinage,23.4,Titane,Rouge,339,MCH-02,CNC_FAST,2024-02-10 17:15:59,2024-02-10 22:47:07,0.0,done,2024-02-10 22:48:56
OF-2024-03757,ART-A06,Assemblage,21.3,Acier,Noir,61,MCH-10,ROBOT_CELL,2024-04-20 21:56:40,2024-04-20 22:23:30,8.4,done,2024-04-20 22:26:16
OF-2024-03758,ART-U04,Usinage,186.4,Inox,Rouge,79,MCH-02,CNC_FAST,2024-04-01 19:47:50,2024-04-02 00:34:10,0.0,done,2024-04-02 00:37:43
OF-2024-03759,ART-F23,Finition,23.0,Acier,Gris,11,MCH-06,MANUAL,2024-02-02 06:26:57,2024-02-02 06:42:30,0.0,done,2024-02-02 06:47:06
OF-2024-03760,ART-S25,Soudure,151.9,Acier,Bleu,76,MCH-10,ROBOT_CELL,2024-01-23 10:48:59,2024-01-23 15:54:23,0.0,done,2024-01-23 15:57:53
OF-2024-03761,ART-A26,Assemblage,183.1,Inox,Rouge,19,MCH-06,MANUAL,2024-01-07 13:28:16,2024-01-07 14:49:15,0.0,done,2024-01-07 14:52:52
OF-2024-03762,ART-U16,Usinage,144.1,Aluminium,Noir,73,MCH-01,CNC_FAST,2024-07-28 20:31:06,2024-07-28 22:20:05,14.0,done,2024-07-28 22:24:27
OF-2024-03763,ARTU20,Usinage,23.4,Titane,Rouge,114,MCH-01,CNC_FAST,2024-02-29 13:15:36,,15.2,aborted,2024-02-29 15:42:01
OF-2024-03764,ART-F15,Finition,196.8,Titane,Jaune,8,MCH-01,CNC_FAST,2024-03-19 09:04:15,2024-03-19 09:21:31,1.8,done,2024-03-19 09:24:58
OF-2024-03765,ART-F27,Finition,162.2,Titane,Rouge,56,MCH-01,CNC_FAST,2024-07-17 20:48:38,2024-07-17 21:41:21,5.1,done,2024-07-17 21:42:36
OF-2024-03766,ART-U28,Usinage,115.2,Aluminium,Bleu,43,MCH-01,CNC_FAST,2024-02-28 11:19:45,2024-02-28 12:05:56,5.5,done,2024-02-28 12:09:31
OF-2024-03767,ART-A14,Assemblage,190.7,Acier,Noir,21,MCH-09,ROBOT_CELL,2024-01-14 07:39:16,2024-01-14 08:31:42,16.3,done,2024-01-14 08:33:27
OF-2024-03768,ART-A02,Assemblage,36.9,Aluminium,Vert,107,MCH-05,CNC_STD,2024-08-01 17:40:31,2024-08-01 18:44:52,0.0,done,2024-08-01 18:49:23
OF-2024-03769,  ART-F11 ,Finition,147.9,Acier,Gris,17,MCH-02,CNC_FAST,2024-02-16 07:32:25,2024-02-16 07:51:27,5.8,done,2024-02-16 07:52:22
OF-2024-03770,ART-A26,Assemblage,183.1,Inox,Rouge,58,MCH-12,ROBOT_CELL,2024-08-13 20:57:21,2024-08-13 23:12:23,32.3,done,2024-08-13 23:13:46
OF-2024-03771,ART-F15,Finition,196.8,Titane,Jaune,171,MCH-08,MANUAL,2024-02-28 14:36:28,2024-02-28 21:36:54,82.4,done,2024-02-28 21:41:08
OF-2024-03772,ART-A26,Assemblage,183.1,Inox,Rouge,60,MCH-03,CNC_STD,2024-08-18 07:00:52,2024-08-18 09:00:36,11.6,done,2024-08-18 09:01:29
OF-2024-03773,ART-A06,Assemblage,21.3,Acier,Noir,371,MCH-12,ROBOT_CELL,2024-06-24 13:19:53,2024-06-24 15:30:36,29.5,done,2024-06-24 15:33:32
OF-2024-03774,ART-U28,Usinage,115.2,Aluminium,Bleu,234,MCH-02,CNC_FAST,2024-02-20 21:43:38,2024-02-21 01:30:05,74.5,done,2024-02-21 01:31:24
OF-2024-03775,ART-U28,Usinage,115.2,Aluminium,Bleu,41,MCH-05,CNC_STD,2024-07-08 15:10:23,2024-07-08 16:33:30,22.1,done,2024-07-08 16:34:55
OF-2024-03776,art-u16,Usinage,144.1,Aluminium,Noir,13,MCH-05,CNC_STD,2024-01-18 20:28:03,2024-01-18 21:26:28,0.0,done,2024-01-18 21:28:18
OF-2024-03777,ART-S25,Soudure,151.9,Acier,Bleu,30,MCH-08,MANUAL,2024-04-20 21:56:31,2024-04-21 01:24:42,69.3,done,2024-04-21 01:25:28
OF-2024-03778,ART-S17,Soudure,16.0,Acier,Bleu,55,MCH-11,ROBOT_CELL,2024-05-11 08:56:54,2024-05-11 09:47:44,0.0,done,2024-05-11 09:51:49
OF-2024-03779,ART-F15,Finition,196.8,Titane,Jaune,43,MCH-06,MANUAL,2024-06-03 06:45:43,2024-06-03 09:12:22,0.0,done,2024-06-03 09:14:07
OF-2024-03780,ART-A14,Assemblage,190.7,Acier,Noir,154,MCH-11,ROBOT_CELL,2024-05-18 21:55:44,2024-05-19 01:05:13,0.0,done,2024-05-19 01:06:59
OF-2024-03781,ART-U16,Usinage,144.1,Aluminium,Noir,31,MCH-02,CNC_FAST,2024-06-10 08:27:58,2024-06-10 09:23:46,14.8,done,2024-06-10 09:26:01
OF-2024-03782,ART-A06,Assemblage,21.3,Acier,Noir,7,MCH-08,MANUAL,2024-05-13 13:22:53,2024-05-13 13:38:48,3.5,done,2024-05-13 13:42:02
OF-2024-03783,ART-U28,Usinage,115.2,Aluminium,Bleu,335,MCH-01,CNC_FAST,2024-05-15 18:45:00,2024-05-15 22:52:43,0.0,done,2024-05-15 22:55:22
OF-2024-03784,ART-U32,Usinage,131.7,Aluminium,Gris,275,MCH-04,CNC_STD,2024-02-18 13:40:59,2024-02-19 00:45:01,0.0,done,2024-02-19 00:48:48
OF-2024-03785,ART-F19,Finition,100.8,Aluminium,Gris,74,MCH-02,CNC_FAST,2024-08-19 09:08:26,2024-08-19 09:53:15,2.9,done,2024-08-19 09:57:22
OF-2024-03786,ART-U04,Usinage,186.4,Inox,Rouge,64,MCH-04,CNC_STD,2024-08-07 06:44:28,2024-08-07 11:40:54,0.0,done,2024-08-07 11:44:07
OF-2024-03787,ART-U24,Usinage,173.0,Aluminium,Vert,25,MCH-01,CNC_FAST,2024-04-10 09:51:24,2024-04-10 10:40:56,5.9,done,2024-04-10 10:42:47
OF-2024-03788,  ART-U08 ,Usinage,22.6,Inox,Noir,16,MCH-02,CNC_FAST,2024-07-27 13:44:58,2024-07-27 14:05:14,3.5,done,2024-07-27 14:06:13
OF-2024-03789,ART-F11,Finition,147.9,Acier,Gris,60,MCH-02,CNC_FAST,2024-04-24 18:08:39,2024-04-24 18:50:11,0.0,done,2024-04-24 18:53:28
OF-2024-03790,ART-S33,Soudure,195.1,Inox,Gris,264,MCH-12,ROBOT_CELL,2024-07-09 12:23:06,2024-07-10 06:55:51,0.0,done,2024-07-10 06:57:44
OF-2024-03791,ART-F19,Finition,100.8,Aluminium,Gris,346,MCH-02,CNC_FAST,2024-01-26 15:46:09,2024-01-26 18:31:36,0.0,done,2024-01-26 18:32:56
OF-2024-03792,ART-U16,Usinage,144.1,Aluminium,Noir,151,MCH-04,CNC_STD,2024-04-13 17:45:34,2024-04-13 22:30:41,98.4,done,2024-04-13 22:34:24
OF-2024-03793,ART-U32,Usinage,131.7,Aluminium,Gris,334,MCH-02,CNC_FAST,2024-01-09 20:45:28,2024-01-10 03:29:56,0.0,done,2024-01-10 03:30:36
OF-2024-03794,ART-S05,Soudure,38.9,Acier,Vert,298,MCH-09,ROBOT_CELL,2024-05-24 07:01:34,2024-05-24 13:21:30,0.0,done,2024-05-24 13:23:40
OF-2024-03795,ART-F19,Finition,100.8,Aluminium,Gris,342,MCH-02,CNC_FAST,2024-08-15 16:51:05,2024-08-15 19:31:53,0.0,done,2024-08-15 19:36:11
OF-2024-03796,ART-U28,Usinage,115.2,Aluminium,Bleu,27,MCH-01,CNC_FAST,2024-01-06 16:59:18,2024-01-06 17:46:37,0.0,done,2024-01-06 17:48:11
OF-2024-03797,ART-U16,Usinage,144.1,Aluminium,Noir,14,MCH-01,CNC_FAST,2024-07-13 06:17:53,2024-07-13 06:54:54,0.0,done,2024-07-13 06:58:48
OF-2024-03798,ART-F15,Finition,196.8,Titane,Jaune,22,MCH-01,CNC_FAST,2024-02-18 09:36:19,2024-02-18 10:13:32,0.0,done,2024-02-18 10:17:14
OF-2024-03799,ART-F03,Finition,55.9,Titane,Jaune,70,MCH-02,CNC_FAST,2024-08-26 10:04:43,2024-08-26 11:08:02,0.0,done,2024-08-26 11:12:58
OF-2024-03800,ART-F15,Finition,196.8,Titane,Jaune,54,MCH-07,MANUAL,10/06/2024 17:05,10/06/2024 19:32,0.0,done,10/06/2024 19:35
OF-2024-03801,art-s17,Soudure,16.0,Acier,Bleu,323,MCH-07,MANUAL,01/03/2024 16:01,01/03/2024 22:53,0.0,done,01/03/2024 22:57
OF-2024-03802,ART-S33,Soudure,195.1,Inox,Gris,61,MCH-06,MANUAL,2024-05-24 18:15:58,2024-05-25 03:06:46,0.0,done,2024-05-25 03:11:17
OF-2024-03803,ART-A10,Assemblage,48.9,Aluminium,Jaune,313,MCH-03,CNC_STD,2024-06-17 15:21:36,,0.0,running,2024-06-17 19:48:37
OF-2024-03804,ART-S13,Soudure,74.7,Acier,Jaune,368,MCH-07,MANUAL,27/04/2024 13:24,28/04/2024 14:26,181.2,done,28/04/2024 14:29
OF-2024-03805,art-u16,Usinage,144.1,Aluminium,Noir,29,MCH-03,CNC_STD,2024-05-18 10:40:39,2024-05-18 11:47:59,0.0,done,2024-05-18 11:49:56
OF-2024-03806,ART-U12,Usinage,23.0,Titane,Noir,34,MCH-04,CNC_STD,2024-08-15 17:26:35,2024-08-15 18:23:18,0.0,done,2024-08-15 18:26:41
OF-2024-03807,ART-A22,Assemblage,105.9,Aluminium,Noir,52,MCH-06,MANUAL,2024-03-14 17:43:00,2024-03-14 19:15:05,0.0,done,2024-03-14 19:18:30
OF-2024-03808,ART-U04,Usinage,186.4,Inox,Rouge,10,MCH-03,CNC_STD,2024-02-21 08:54:15,2024-02-21 10:01:52,0.0,done,2024-02-21 10:03:51
OF-2024-03809,  ART-U32 ,Usinage,131.7,Aluminium,Gris,204,MCH-03,CNC_STD,2024-08-03 14:47:38,2024-08-03 22:08:43,0.0,done,2024-08-03 22:12:07
OF-2024-03810,ART-U04,Usinage,186.4,Inox,Rouge,184,MCH-05,CNC_STD,2024-07-04 08:05:16,2024-07-04 20:49:16,96.5,done,2024-07-04 20:53:12
OF-2024-03811,ART-A02,Assemblage,36.9,Aluminium,Vert,76,MCH-08,MANUAL,2024-02-24 10:24:07,2024-02-24 11:39:24,12.0,done,2024-02-24 11:44:03
OF-2024-03812,ART-S05,Soudure,38.9,Acier,Vert,58,MCH-06,MANUAL,2024-04-25 18:10:03,2024-04-25 20:53:07,0.0,done,2024-04-25 20:56:45
OF-2024-03813,ART-U28,Usinage,115.2,Aluminium,Bleu,27,MCH-02,CNC_FAST,2024-08-22 10:21:20,2024-08-22 11:12:13,0.0,done,2024-08-22 11:14:51
OF-2024-03814,ART-U24,Usinage,173.0,Aluminium,Vert,17,MCH-02,CNC_FAST,2024-07-29 11:27:24,2024-07-29 12:06:12,0.0,done,2024-07-29 12:08:22
OF-2024-03815,ART-U28,Usinage,115.2,Aluminium,Bleu,61,MCH-01,CNC_FAST,2024-05-09 06:34:49,2024-05-09 07:51:44,0.0,done,2024-05-09 07:54:57
OF-2024-03816,ART-F27,Finition,162.2,Titane,Rouge,75,MCH-08,MANUAL,2024-06-22 06:24:23,2024-06-22 09:22:46,0.0,done,2024-06-22 09:26:58
OF-2024-03817,ARTS17,Soudure,16.0,Acier,Bleu,19,MCH-08,MANUAL,2024-02-22 20:58:28,2024-02-22 21:56:49,0.0,done,2024-02-22 22:01:49
OF-2024-03818,ART-U28,Usinage,115.2,Aluminium,Bleu,28,MCH-03,CNC_STD,2024-01-20 15:25:44,2024-01-20 16:30:16,0.0,done,2024-01-20 16:33:01
OF-2024-03819,  ART-F11 ,Finition,147.9,Acier,Gris,11,MCH-02,CNC_FAST,2024-06-08 12:55:18,2024-06-08 13:04:39,0.0,done,2024-06-08 13:07:16
OF-2024-03820,ART-U04,Usinage,186.4,Inox,Rouge,48,MCH-03,CNC_STD,2024-03-15 18:08:49,2024-03-15 21:29:54,0.0,done,2024-03-15 21:31:15
OF-2024-03821,ART-U04,Usinage,186.4,Inox,Rouge,26,MCH-01,CNC_FAST,2024-04-02 16:39:19,2024-04-02 17:54:15,13.0,done,2024-04-02 17:55:15
OF-2024-03822,ART-F15,Finition,196.8,Titane,Jaune,146,MCH-01,CNC_FAST,2024-04-08 13:18:49,2024-04-08 16:11:14,0.0,done,2024-04-08 16:13:57
OF-2024-03823,ART-U28,Usinage,115.2,Aluminium,Bleu,24,MCH-01,CNC_FAST,2024-08-18 09:54:01,2024-08-18 10:40:50,0.0,done,2024-08-18 10:41:41
OF-2024-03824,ART-U24,Usinage,173.0,Aluminium,Vert,71,MCH-03,CNC_STD,2024-08-10 20:57:50,2024-08-10 23:49:50,0.0,done,2024-08-10 23:51:01
OF-2024-03825,ART-S13,Soudure,74.7,Acier,Jaune,288,MCH-07,MANUAL,29/04/2024 06:57,30/04/2024 02:19,340.7,done,30/04/2024 02:21
OF-2024-03826,ART-U04,Usinage,186.4,Inox,Rouge,34,MCH-04,CNC_STD,2024-07-30 06:23:38,2024-07-30 08:37:20,21.6,done,2024-07-30 08:38:27
OF-2024-03827,ART-A02,Assemblage,36.9,Aluminium,Vert,31,MCH-03,CNC_STD,2024-07-26 07:24:36,2024-07-26 07:45:44,0.0,done,2024-07-26 07:49:51
OF-2024-03828,ART-S13,Soudure,74.7,Acier,Jaune,28,MCH-09,ROBOT_CELL,2024-08-04 15:17:27,2024-08-04 16:45:11,0.0,done,2024-08-04 16:49:50
OF-2024-03829,ART-S21,Soudure,45.5,Inox,Vert,28,MCH-08,MANUAL,2024-04-19 13:15:49,2024-04-19 15:25:57,43.7,done,2024-04-19 15:28:53
OF-2024-03830,ART-F27,Finition,162.2,Titane,Rouge,7,MCH-07,MANUAL,20/08/2024 08:03,20/08/2024 08:35,0.0,done,20/08/2024 08:36
OF-2024-03831,ART-F31,Finition,25.3,Inox,Gris,32,MCH-06,MANUAL,2024-04-05 20:32:52,2024-04-05 21:09:20,0.0,done,2024-04-05 21:10:33
OF-2024-03832,ART-S09,Soudure,11.4,Acier,Jaune,22,MCH-07,MANUAL,18/07/2024 13:01,18/07/2024 14:06,0.0,done,18/07/2024 14:07
OF-2024-03833,ART-A26,Assemblage,183.1,Inox,Rouge,59,MCH-11,ROBOT_CELL,2024-01-28 15:04:27,2024-01-28 16:48:39,0.0,done,2024-01-28 16:50:45
OF-2024-03834,ART-U16-MM,Usinage,144.1,Aluminium,Noir,6,MCH-05,CNC_STD,2024-08-11 12:15:34,2024-08-11 12:45:49,0.0,done,2024-08-11 12:46:33
OF-2024-03835,ART-U04,Usinage,186.4,Inox,Rouge,63,MCH-05,CNC_STD,2024-04-19 15:11:44,,0.0,running,2024-04-19 18:57:19
OF-2024-03836,ART-U16,Usinage,144.1,Aluminium,Noir,80,MCH-05,CNC_STD,2024-03-06 21:28:06,2024-03-07 00:32:32,57.7,done,2024-03-07 00:35:48
OF-2024-03837,ART-A06,Assemblage,21.3,Acier,Noir,54,MCH-08,MANUAL,2024-08-28 15:48:00,2024-08-28 16:33:59,0.0,done,2024-08-28 16:38:08
OF-2024-03838,ART-F19,Finition,100.8,Aluminium,Gris,78,MCH-06,MANUAL,2024-07-18 12:24:24,2024-07-18 13:34:33,0.0,done,2024-07-18 13:37:01
OF-2024-03839,ARTU16,Usinage,144.1,Aluminium,Noir,15,MCH-02,CNC_FAST,2024-02-25 15:30:11,2024-02-25 16:17:05,0.0,done,2024-02-25 16:21:36
OF-2024-03840,ART-S25,Soudure,151.9,Acier,Bleu,180,MCH-07,MANUAL,24/07/2024 21:38,25/07/2024 14:47,194.0,done,25/07/2024 14:51
OF-2024-03841,ART-S21,Soudure,45.5,Inox,Vert,72,MCH-11,ROBOT_CELL,2024-05-27 07:52:58,2024-05-27 10:15:51,0.0,done,2024-05-27 10:18:02
OF-2024-03842,ART-S05,Soudure,38.9,Acier,Vert,63,MCH-09,ROBOT_CELL,2024-01-23 17:59:03,,13.0,aborted,2024-01-23 19:34:10
OF-2024-03843,ART-U16,Usinage,144.1,Aluminium,Noir,245,MCH-05,CNC_STD,2024-07-08 11:33:26,2024-07-08 19:13:25,57.6,done,2024-07-08 19:14:25
OF-2024-03844,ART-S25,Soudure,151.9,Acier,Bleu,152,MCH-10,ROBOT_CELL,2024-02-25 08:09:07,2024-02-25 18:59:49,0.0,done,2024-02-25 19:03:41
OF-2024-03845,ART-S13,Soudure,74.7,Acier,Jaune,36,MCH-11,ROBOT_CELL,2024-03-15 11:33:37,2024-03-15 13:24:06,0.0,done,2024-03-15 13:28:41
OF-2024-03846,ART-S29,Soudure,90.9,Aluminium,Vert,14,MCH-10,ROBOT_CELL,2024-04-05 12:01:12,2024-04-05 12:55:16,0.0,done,2024-04-05 13:00:02
OF-2024-03847,ART-U28,Usinage,115.2,Aluminium,Bleu,61,MCH-03,CNC_STD,2024-04-29 16:37:27,2024-04-29 18:33:03,0.0,done,2024-04-29 18:33:57
OF-2024-03848,ART-S25,Soudure,151.9,Acier,Bleu,305,MCH-08,MANUAL,2024-07-29 11:49:08,2024-07-30 20:39:34,188.0,done,2024-07-30 20:40:22
OF-2024-03849,  ART-A06 ,Assemblage,21.3,Acier,Noir,127,MCH-10,ROBOT_CELL,2024-01-08 07:14:50,2024-01-08 08:22:34,9.4,done,2024-01-08 08:26:17
OF-2024-03850,ART-A38,Assemblage,165.3,Titane,Noir,28,MCH-03,CNC_STD,2024-07-30 10:07:08,2024-07-30 11:44:26,0.0,done,2024-07-30 11:47:28
OF-2024-03851,ART-U24,Usinage,173.0,Aluminium,Vert,69,MCH-04,CNC_STD,2024-06-06 11:20:06,2024-06-06 13:14:32,25.9,done,2024-06-06 13:17:28
OF-2024-03852,ART-S33,Soudure,195.1,Inox,Gris,58,MCH-08,MANUAL,2024-03-01 09:00:22,2024-03-01 19:12:13,129.9,done,2024-03-01 19:14:24
OF-2024-03853,ART-A26,Assemblage,183.1,Inox,Rouge,309,MCH-03,CNC_STD,2024-02-04 19:05:40,2024-02-05 04:10:45,0.0,done,2024-02-05 04:12:26
OF-2024-03854,ARTF11,Finition,147.9,Acier,Gris,68,MCH-07,MANUAL,09/06/2024 12:47,,0.0,aborted,09/06/2024 14:33
OF-2024-03855,ART-A02,Assemblage,36.9,Aluminium,Vert,73,MCH-09,ROBOT_CELL,2024-01-04 14:39:37,2024-01-04 15:17:22,0.0,done,2024-01-04 15:20:52
OF-2024-03856,ART-A30,Assemblage,130.4,Acier,Gris,312,MCH-04,CNC_STD,2024-02-20 08:38:12,2024-02-20 15:33:43,104.8,done,2024-02-20 15:37:35
OF-2024-03857,ART-U00,Usinage,184.0,Inox,Jaune,79,MCH-02,CNC_FAST,2024-01-03 17:51:44,2024-01-03 21:50:36,0.0,done,2024-01-03 21:53:55
OF-2024-03858,ART-S21,Soudure,45.5,Inox,Vert,25,MCH-09,ROBOT_CELL,2024-06-13 07:51:31,2024-06-13 08:56:48,0.0,done,2024-06-13 08:59:46
OF-2024-03859,ART-F27,Finition,162.2,Titane,Rouge,36,MCH-02,CNC_FAST,2024-01-18 15:02:31,2024-01-18 15:46:35,8.0,done,2024-01-18 15:47:37
OF-2024-03860,ART-S29,Soudure,90.9,Aluminium,Vert,317,MCH-11,ROBOT_CELL,2024-07-01 07:32:22,2024-07-01 19:57:28,0.0,done,2024-07-01 19:58:25
OF-2024-03861,  ART-U32 ,Usinage,131.7,Aluminium,Gris,313,MCH-02,CNC_FAST,2024-07-25 15:25:24,2024-07-25 21:08:01,0.0,done,2024-07-25 21:10:57
OF-2024-03862,ART-S21,Soudure,45.5,Inox,Vert,26,MCH-08,MANUAL,2024-05-05 14:22:18,2024-05-05 16:32:14,27.2,done,2024-05-05 16:34:57
OF-2024-03863,ART-S25,Soudure,151.9,Acier,Bleu,156,MCH-06,MANUAL,2024-05-26 11:51:15,2024-05-27 01:02:52,0.0,done,2024-05-27 01:04:18
OF-2024-03864,ART-S29,Soudure,90.9,Aluminium,Vert,24,MCH-09,ROBOT_CELL,2024-06-28 06:55:40,2024-06-28 08:09:21,7.7,done,2024-06-28 08:13:39
OF-2024-03865,ART-U32,Usinage,131.7,Aluminium,Gris,22,MCH-01,CNC_FAST,2024-02-08 12:34:29,2024-02-08 13:28:56,0.0,done,2024-02-08 13:30:58
OF-2024-03866,ART-F07,Finition,147.0,Acier,Gris,67,MCH-01,CNC_FAST,2024-02-05 09:56:57,2024-02-05 10:46:08,0.0,done,2024-02-05 10:47:58
OF-2024-03867,ART-U00,Usinage,184.0,Inox,Jaune,71,MCH-02,CNC_FAST,2024-04-07 10:40:10,2024-04-07 13:22:34,0.0,done,2024-04-07 13:27:33
OF-2024-03868,ART-U28,Usinage,115.2,Aluminium,Bleu,20,MCH-01,CNC_FAST,2024-02-17 09:36:42,2024-02-17 10:15:23,0.0,done,2024-02-17 10:17:55
OF-2024-03869,ART-S33,Soudure,195.1,Inox,Gris,274,MCH-08,MANUAL,2024-07-19 15:56:29,2024-07-21 06:35:19,0.0,done,2024-07-21 06:38:57
OF-2024-03870,ART-U28,Usinage,115.2,Aluminium,Bleu,13,MCH-05,CNC_STD,2024-02-15 19:54:47,,0.0,aborted,2024-02-15 20:37:24
OF-2024-03871,ART-A02,Assemblage,36.9,Aluminium,Vert,331,MCH-11,ROBOT_CELL,2024-01-29 10:32:40,2024-01-29 12:45:52,32.0,done,2024-01-29 12:46:23
OF-2024-03872,ART-F11,Finition,147.9,Acier,Gris,55,MCH-08,MANUAL,2024-04-17 13:29:35,2024-04-17 14:30:43,0.0,done,2024-04-17 14:34:51
OF-2024-03873,ART-F11,Finition,147.9,Acier,Gris,57,MCH-02,CNC_FAST,2024-01-19 11:46:40,2024-01-19 12:31:03,7.9,done,2024-01-19 12:32:15
OF-2024-03874,ART-F11,Finition,147.9,Acier,Gris,241,MCH-01,CNC_FAST,2024-05-22 18:35:03,2024-05-22 20:17:09,0.0,done,2024-05-22 20:20:55
OF-2024-03875,ART-S29,Soudure,90.9,Aluminium,Vert,62,MCH-11,ROBOT_CELL,2024-06-14 11:57:26,,0.0,running,2024-06-14 14:05:38
OF-2024-03876,ART-U32,Usinage,131.7,Aluminium,Gris,78,MCH-02,CNC_FAST,2024-01-18 16:12:43,2024-01-18 18:32:12,42.9,done,2024-01-18 18:35:07
OF-2024-03877,ART-U08,Usinage,22.6,Inox,Noir,41,MCH-01,CNC_FAST,2024-04-01 07:36:17,2024-04-01 08:10:50,6.9,done,2024-04-01 08:14:41
OF-2024-03878,ART-U24,Usinage,173.0,Aluminium,Vert,47,MCH-02,CNC_FAST,2024-04-12 09:57:55,,9.7,aborted,2024-04-12 11:16:09
OF-2024-03879,ART-U20,Usinage,23.4,Titane,Rouge,282,MCH-05,CNC_STD,2024-05-17 10:40:00,2024-05-17 17:35:17,45.7,done,2024-05-17 17:38:39
OF-2024-03880,ART-U00,Usinage,184.0,Inox,Jaune,112,MCH-01,CNC_FAST,2024-01-30 15:02:04,2024-01-30 19:04:39,49.3,done,2024-01-30 19:05:10
OF-2024-03881,ART-U28,Usinage,115.2,Aluminium,Bleu,68,MCH-03,CNC_STD,2024-02-07 14:15:36,2024-02-07 16:13:52,0.0,done,2024-02-07 16:14:51
OF-2024-03882,ART-A26,Assemblage,183.1,Inox,Rouge,351,MCH-10,ROBOT_CELL,2024-01-06 09:42:03,2024-01-06 19:25:46,0.0,done,2024-01-06 19:26:56
OF-2024-03883,ART-U24,Usinage,173.0,Aluminium,Vert,42,MCH-05,CNC_STD,2024-03-11 12:42:50,2024-03-11 14:25:27,0.0,done,2024-03-11 14:25:59
OF-2024-03884,ART-A06,Assemblage,21.3,Acier,Noir,251,MCH-04,CNC_STD,2024-07-21 17:40:21,2024-07-21 20:02:52,0.0,done,2024-07-21 20:03:33
OF-2024-03885,ART-S25,Soudure,151.9,Acier,Bleu,395,MCH-06,MANUAL,2024-06-13 21:27:49,2024-06-15 10:56:06,0.0,done,2024-06-15 10:58:33
OF-2024-03886,ART-U08,Usinage,22.6,Inox,Noir,20,MCH-03,CNC_STD,2024-04-29 13:30:49,2024-04-29 14:01:34,0.0,done,2024-04-29 14:03:46
OF-2024-03887,ART-U04,Usinage,186.4,Inox,Rouge,382,MCH-04,CNC_STD,2024-08-21 07:03:44,2024-08-22 05:55:44,150.2,done,2024-08-22 05:58:12
OF-2024-03888,ART-A22,Assemblage,105.9,Aluminium,Noir,108,MCH-06,MANUAL,2024-01-21 13:48:08,2024-01-21 16:08:30,0.0,done,2024-01-21 16:11:46
OF-2024-03889,ART-U32,Usinage,131.7,Aluminium,Gris,29,MCH-03,CNC_STD,2024-03-23 08:11:09,2024-03-23 09:19:33,0.0,done,2024-03-23 09:21:29
OF-2024-03890,ART-S33,Soudure,195.1,Inox,Gris,67,MCH-08,MANUAL,2024-07-22 07:45:38,2024-07-22 18:15:59,0.0,done,2024-07-22 18:18:47
OF-2024-03891,ART-U08,Usinage,22.6,Inox,Noir,74,MCH-04,CNC_STD,2024-04-13 10:13:04,2024-04-13 11:38:23,8.6,done,2024-04-13 11:42:00
OF-2024-03892,ART-F19-MM,Finition,100.8,Aluminium,Gris,38,MCH-08,MANUAL,2024-06-15 19:01:21,2024-06-15 19:50:20,0.0,done,2024-06-15 19:52:58
OF-2024-03893,ART-A02,Assemblage,36.9,Aluminium,Vert,200,MCH-08,MANUAL,2024-04-12 17:55:44,2024-04-12 20:26:12,44.5,done,2024-04-12 20:30:16
OF-2024-03894,ART-U04,Usinage,186.4,Inox,Rouge,24,MCH-04,CNC_STD,2024-05-05 20:53:50,2024-05-05 23:03:33,41.3,done,2024-05-05 23:05:16
OF-2024-03895,  ART-U32 ,Usinage,131.7,Aluminium,Gris,74,MCH-02,CNC_FAST,2024-08-30 07:29:26,2024-08-30 09:14:01,0.0,done,2024-08-30 09:16:20
OF-2024-03896,ART-A06,Assemblage,21.3,Acier,Noir,378,MCH-05,CNC_STD,2024-07-21 17:26:48,2024-07-21 21:06:51,0.0,done,2024-07-21 21:07:56
OF-2024-03897,ART-S33,Soudure,195.1,Inox,Gris,10,MCH-06,MANUAL,2024-01-21 08:51:08,2024-01-21 11:10:49,43.4,done,2024-01-21 11:14:56
OF-2024-03898,ART-U16,Usinage,144.1,Aluminium,Noir,196,MCH-05,CNC_STD,2024-07-22 14:20:41,2024-07-22 19:44:50,0.0,done,2024-07-22 19:45:44
OF-2024-03899,ART-S17,Soudure,16.0,Acier,Bleu,65,MCH-07,MANUAL,01/04/2024 09:13,01/04/2024 11:30,0.0,done,01/04/2024 11:35
OF-2024-03900,ARTU16,Usinage,144.1,Aluminium,Noir,51,MCH-04,CNC_STD,2024-01-24 07:13:08,2024-01-24 09:01:35,26.3,done,2024-01-24 09:05:22
OF-2024-03901,ARTU08,Usinage,22.6,Inox,Noir,375,MCH-04,CNC_STD,2024-04-26 18:34:21,2024-04-27 00:27:11,0.0,done,2024-04-27 00:30:20
OF-2024-03902,art-u32,Usinage,131.7,Aluminium,Gris,63,MCH-01,CNC_FAST,2024-08-07 13:18:14,2024-08-07 14:46:18,14.3,done,2024-08-07 14:50:53
OF-2024-03903,ART-S09,Soudure,11.4,Acier,Jaune,380,MCH-11,ROBOT_CELL,2024-03-03 18:47:31,2024-03-04 00:52:53,0.0,done,2024-03-04 00:56:40
OF-2024-03904,ART-S13,Soudure,74.7,Acier,Jaune,38,MCH-08,MANUAL,2024-08-05 21:36:44,2024-08-06 00:48:40,33.0,done,2024-08-06 00:53:01
OF-2024-03905,ART-F23,Finition,23.0,Acier,Gris,14,MCH-02,CNC_FAST,2024-03-13 13:00:00,2024-03-13 13:10:22,2.6,done,2024-03-13 13:12:49
OF-2024-03906,ART-U08,Usinage,22.6,Inox,Noir,63,MCH-04,CNC_STD,2024-06-19 07:46:31,2024-06-19 09:04:51,0.0,done,2024-06-19 09:09:36
OF-2024-03907,ART-S13,Soudure,74.7,Acier,Jaune,69,MCH-06,MANUAL,2024-03-24 15:25:32,2024-03-24 21:04:18,0.0,done,2024-03-24 21:04:53
OF-2024-03908,ART-F27,Finition,162.2,Titane,Rouge,229,MCH-08,MANUAL,2024-03-01 08:33:17,2024-03-01 16:56:08,74.8,done,2024-03-01 16:59:28
OF-2024-03909,ART-U16,Usinage,144.1,Aluminium,Noir,70,MCH-03,CNC_STD,2024-06-27 17:00:18,2024-06-27 19:29:15,15.6,done,2024-06-27 19:33:57
OF-2024-03910,ART-U20,Usinage,23.4,Titane,Rouge,221,MCH-05,CNC_STD,2024-07-01 17:29:34,2024-07-01 22:09:53,54.4,done,2024-07-01 22:11:59
OF-2024-03911,ART-U12,Usinage,23.0,Titane,Noir,39,MCH-03,CNC_STD,2024-04-20 18:26:09,2024-04-20 19:33:25,0.0,done,2024-04-20 19:34:55
OF-2024-03912,ART-F15,Finition,196.8,Titane,Jaune,69,MCH-07,MANUAL,27/03/2024 09:57,,0.0,running,27/03/2024 12:57
OF-2024-03913,ART-U24,Usinage,173.0,Aluminium,Vert,9,MCH-01,CNC_FAST,2024-07-06 19:21:48,2024-07-06 19:46:36,0.0,done,2024-07-06 19:48:01
OF-2024-03914,ART-F11,Finition,147.9,Acier,Gris,38,MCH-06,MANUAL,2024-06-03 13:20:05,2024-06-03 14:22:21,0.0,done,2024-06-03 14:25:00
OF-2024-03915,ART-U08,Usinage,22.6,Inox,Noir,70,MCH-03,CNC_STD,2024-06-27 16:30:24,2024-06-27 17:52:27,0.0,done,2024-06-27 17:53:12
OF-2024-03916,ART-U04,Usinage,186.4,Inox,Rouge,355,MCH-05,CNC_STD,2024-02-27 06:57:42,2024-02-28 05:31:18,0.0,done,2024-02-28 05:32:16
OF-2024-03917,ART-U24,Usinage,173.0,Aluminium,Vert,59,MCH-03,CNC_STD,2024-02-14 20:13:02,2024-02-14 22:14:54,12.0,done,2024-02-14 22:18:00
OF-2024-03918,ART-A26,Assemblage,183.1,Inox,Rouge,286,MCH-04,CNC_STD,2024-04-03 15:46:07,2024-04-07 19:16:07,1986.6,done,2024-04-07 19:19:33
OF-2024-03919,ART-A02,Assemblage,36.9,Aluminium,Vert,391,MCH-03,CNC_STD,2024-08-23 12:49:21,2024-08-23 15:24:10,0.0,done,2024-08-23 15:28:44
OF-2024-03920,ART-A06,Assemblage,21.3,Acier,Noir,140,MCH-12,ROBOT_CELL,2024-05-11 16:25:16,2024-05-11 17:49:18,15.0,done,2024-05-11 17:52:30
OF-2024-03921,art-u20,Usinage,23.4,Titane,Rouge,114,MCH-01,CNC_FAST,2024-03-06 20:35:23,2024-03-06 22:28:19,7.9,done,2024-03-06 22:29:05
OF-2024-03922,ART-U28,Usinage,115.2,Aluminium,Bleu,204,MCH-03,CNC_STD,2024-01-27 19:27:53,2024-01-28 02:02:28,0.0,done,2024-01-28 02:03:01
OF-2024-03923,ART-U32,Usinage,131.7,Aluminium,Gris,19,MCH-05,CNC_STD,2024-06-17 15:31:05,2024-06-17 16:19:33,7.4,done,2024-06-17 16:23:42
OF-2024-03924,ART-F31,Finition,25.3,Inox,Gris,388,MCH-06,MANUAL,2024-01-05 08:22:07,2024-01-05 13:05:05,66.9,done,2024-01-05 13:08:02
OF-2024-03925,ART-U32,Usinage,131.7,Aluminium,Gris,14,MCH-01,CNC_FAST,2024-07-19 18:50:48,2024-07-19 19:21:58,7.7,done,2024-07-19 19:24:56
OF-2024-03926,ART-U28,Usinage,115.2,Aluminium,Bleu,41,MCH-02,CNC_FAST,2024-07-22 11:48:16,2024-07-22 12:37:42,0.0,done,2024-07-22 12:42:05
OF-2024-03927,ART-A06,Assemblage,21.3,Acier,Noir,180,MCH-08,MANUAL,2024-08-13 17:16:30,2024-08-13 19:42:32,0.0,done,2024-08-13 19:47:02
OF-2024-03928,ART-U32,Usinage,131.7,Aluminium,Gris,56,MCH-01,CNC_FAST,2024-02-23 08:24:11,2024-02-23 10:06:47,0.0,done,2024-02-23 10:10:31
OF-2024-03929,ART-S13,Soudure,74.7,Acier,Jaune,71,MCH-08,MANUAL,2024-03-02 16:22:06,,59.4,running,2024-03-02 22:56:03
OF-2024-03930,ART-U04,Usinage,186.4,Inox,Rouge,363,MCH-02,CNC_FAST,2024-07-18 07:28:15,2024-07-19 01:47:38,0.0,done,2024-07-19 01:49:15
OF-2024-03931,ART-U20,Usinage,23.4,Titane,Rouge,31,MCH-05,CNC_STD,2024-08-06 09:28:38,2024-08-06 10:39:35,0.0,done,2024-08-06 10:43:21
OF-2024-03932,ART-U28,Usinage,115.2,Aluminium,Bleu,58,MCH-02,CNC_FAST,2024-02-21 13:22:39,2024-02-21 14:33:52,0.0,done,2024-02-21 14:36:28
OF-2024-03933,ART-F11,Finition,147.9,Acier,Gris,151,MCH-02,CNC_FAST,2024-07-21 12:13:28,2024-07-21 14:11:52,0.0,done,2024-07-21 14:13:11
OF-2024-03934,  ART-U32 ,Usinage,131.7,Aluminium,Gris,13,MCH-04,CNC_STD,2024-01-11 14:30:17,2024-01-11 15:20:01,0.0,done,2024-01-11 15:23:44
OF-2024-03935,ART-U28,Usinage,115.2,Aluminium,Bleu,59,MCH-05,CNC_STD,2024-02-07 19:19:38,2024-02-07 20:52:51,0.0,done,2024-02-07 20:54:32
OF-2024-03936,ART-F19,Finition,100.8,Aluminium,Gris,62,MCH-02,CNC_FAST,2024-02-08 08:22:16,2024-02-08 08:54:14,0.0,done,2024-02-08 08:57:37
OF-2024-03937,  ART-S05 ,Soudure,38.9,Acier,Vert,65,MCH-06,MANUAL,2024-02-12 15:53:33,2024-02-12 18:56:21,0.0,done,2024-02-12 18:59:12
OF-2024-03938,ART-A06,Assemblage,21.3,Acier,Noir,32,MCH-05,CNC_STD,2024-04-11 12:55:17,2024-04-11 13:16:34,0.0,done,2024-04-11 13:18:30
OF-2024-03939,ART-U16,Usinage,144.1,Aluminium,Noir,24,MCH-05,CNC_STD,2024-05-17 09:23:22,2024-05-17 10:32:48,0.0,done,2024-05-17 10:36:35
OF-2024-03940,ART-S29,Soudure,90.9,Aluminium,Vert,18,MCH-07,MANUAL,01/03/2024 16:53,01/03/2024 19:02,10.2,done,01/03/2024 19:04
OF-2024-03941,ART-U04,Usinage,186.4,Inox,Rouge,28,MCH-02,CNC_FAST,2024-05-17 07:47:45,2024-05-17 09:20:35,0.0,done,2024-05-17 09:25:12
OF-2024-03942,ART-U28,Usinage,115.2,Aluminium,Bleu,29,MCH-01,CNC_FAST,2024-03-11 11:43:05,2024-03-11 12:20:12,0.0,done,2024-03-11 12:24:07
OF-2024-03943,ART-U20,Usinage,23.4,Titane,Rouge,59,MCH-02,CNC_FAST,2024-06-26 15:39:56,2024-06-26 16:57:06,23.1,done,2024-06-26 16:58:25
OF-2024-03944,ART-U04,Usinage,186.4,Inox,Rouge,397,MCH-02,CNC_FAST,2024-07-11 20:28:51,2024-07-12 14:21:17,126.7,done,2024-07-12 14:23:45
OF-2024-03945,ART-A18,Assemblage,15.6,Inox,Rouge,49,MCH-09,ROBOT_CELL,2024-06-22 08:45:20,2024-06-22 09:15:48,0.0,done,2024-06-22 09:18:42
OF-2024-03946,ART-U28,Usinage,115.2,Aluminium,Bleu,21,MCH-05,CNC_STD,2024-08-29 16:43:43,2024-08-29 17:36:17,0.0,done,2024-08-29 17:37:29
OF-2024-03947,ART-U32,Usinage,131.7,Aluminium,Gris,65,MCH-01,CNC_FAST,2024-08-01 20:58:25,2024-08-01 22:42:24,24.0,done,2024-08-01 22:45:01
OF-2024-03948,ART-S29,Soudure,90.9,Aluminium,Vert,77,MCH-11,ROBOT_CELL,2024-03-15 15:19:05,2024-03-15 18:12:00,24.6,done,2024-03-15 18:15:54
OF-2024-03949,ART-S13,Soudure,74.7,Acier,Jaune,164,MCH-07,MANUAL,08/08/2024 10:57,09/08/2024 03:49,0.0,done,09/08/2024 03:51
OF-2024-03950,ART-U04,Usinage,186.4,Inox,Rouge,358,MCH-01,CNC_FAST,2024-07-19 16:01:17,2024-07-20 08:47:27,201.2,done,2024-07-20 08:51:09
OF-2024-03951,ART-S29,Soudure,90.9,Aluminium,Vert,20,MCH-08,MANUAL,2024-05-24 10:21:00,2024-05-24 12:30:24,0.0,done,2024-05-24 12:34:50
OF-2024-03952,ART-S13,Soudure,74.7,Acier,Jaune,230,MCH-08,MANUAL,2024-06-05 08:24:47,2024-06-05 23:09:53,178.7,done,2024-06-05 23:10:55
OF-2024-03953,ART-F15,Finition,196.8,Titane,Jaune,20,MCH-06,MANUAL,2024-08-30 08:50:26,2024-08-30 10:00:32,0.0,done,2024-08-30 10:04:48
OF-2024-03954,  ART-U12 ,Usinage,23.0,Titane,Noir,8,MCH-02,CNC_FAST,2024-02-06 20:43:56,,1.7,aborted,2024-02-06 21:05:07
OF-2024-03955,ART-A26,Assemblage,183.1,Inox,Rouge,18,MCH-06,MANUAL,2024-05-04 21:47:31,2024-05-04 22:52:25,11.8,done,2024-05-04 22:54:45
OF-2024-03956,ART-A06,Assemblage,21.3,Acier,Noir,35,MCH-04,CNC_STD,2024-04-25 19:56:43,2024-04-25 20:26:48,6.3,done,2024-04-25 20:31:43
OF-2024-03957,ART-S33,Soudure,195.1,Inox,Gris,59,MCH-10,ROBOT_CELL,2024-05-05 09:01:40,2024-05-05 13:53:11,0.0,done,2024-05-05 13:55:14
OF-2024-03958,ART-U28,Usinage,115.2,Aluminium,Bleu,266,MCH-05,CNC_STD,2024-05-02 18:36:12,2024-05-02 23:51:51,96.5,done,2024-05-02 23:52:33
OF-2024-03959,ART-F15,Finition,196.8,Titane,Jaune,37,MCH-08,MANUAL,2024-08-22 08:53:31,2024-08-22 10:57:18,36.5,done,2024-08-22 11:00:16
OF-2024-03960,ART-U08,Usinage,22.6,Inox,Noir,200,MCH-03,CNC_STD,2024-01-13 08:28:12,2024-01-13 12:25:00,0.0,done,2024-01-13 12:28:23
OF-2024-03961,ART-A10,Assemblage,48.9,Aluminium,Jaune,45,MCH-09,ROBOT_CELL,2024-06-01 17:58:47,2024-06-01 18:44:21,13.6,done,2024-06-01 18:46:27
OF-2024-03962,ART-U28,Usinage,115.2,Aluminium,Bleu,16,MCH-01,CNC_FAST,2024-01-13 11:33:16,2024-01-13 12:09:27,0.0,done,2024-01-13 12:11:55
OF-2024-03963,ART-U32,Usinage,131.7,Aluminium,Gris,26,MCH-01,CNC_FAST,2024-03-09 07:36:46,2024-03-09 08:21:12,0.0,done,2024-03-09 08:21:50
OF-2024-03964,ART-A02,Assemblage,36.9,Aluminium,Vert,307,MCH-07,MANUAL,22/02/2024 15:18,22/02/2024 19:29,41.8,done,22/02/2024 19:32
OF-2024-03965,ART-U28,Usinage,115.2,Aluminium,Bleu,40,MCH-02,CNC_FAST,2024-08-15 16:12:42,2024-08-15 17:06:36,12.8,done,2024-08-15 17:07:59
OF-2024-03966,ART-U32,Usinage,131.7,Aluminium,Gris,80,MCH-05,CNC_STD,2024-07-02 17:20:49,2024-07-02 19:58:18,0.0,done,2024-07-02 20:03:07
OF-2024-03967,ART-F27,Finition,162.2,Titane,Rouge,55,MCH-01,CNC_FAST,2024-03-24 09:43:32,2024-03-24 11:00:24,22.6,done,2024-03-24 11:03:37
OF-2024-03968,ART-U16,Usinage,144.1,Aluminium,Noir,301,MCH-01,CNC_FAST,2024-01-20 20:17:01,2024-01-21 03:07:40,0.0,done,2024-01-21 03:11:54
OF-2024-03969,art-s05,Soudure,38.9,Acier,Vert,78,MCH-09,ROBOT_CELL,2024-08-28 06:16:40,2024-08-28 08:10:59,30.2,done,2024-08-28 08:15:42
OF-2024-03970,ART-U16,Usinage,144.1,Aluminium,Noir,58,MCH-04,CNC_STD,2024-07-04 21:15:57,2024-07-04 23:21:41,19.8,done,2024-07-04 23:22:21
OF-2024-03971,ART-S09,Soudure,11.4,Acier,Jaune,198,MCH-06,MANUAL,2024-03-17 17:38:04,2024-03-17 23:26:21,0.0,done,2024-03-17 23:28:28
OF-2024-03972,ART-U00,Usinage,184.0,Inox,Jaune,70,MCH-02,CNC_FAST,2024-05-03 09:25:19,2024-05-03 12:28:43,0.0,done,2024-05-03 12:33:31
OF-2024-03973,ART-U04,Usinage,186.4,Inox,Rouge,57,MCH-02,CNC_FAST,2024-03-18 10:03:51,2024-03-18 12:55:48,30.0,done,2024-03-18 12:56:56
OF-2024-03974,ART-U32,Usinage,131.7,Aluminium,Gris,62,MCH-01,CNC_FAST,2024-01-18 16:13:20,2024-01-18 18:02:25,28.5,done,2024-01-18 18:06:41
OF-2024-03975,ART-A26,Assemblage,183.1,Inox,Rouge,244,MCH-08,MANUAL,2024-03-30 09:11:05,2024-03-30 20:49:16,0.0,done,2024-03-30 20:51:00
OF-2024-03976,ART-U12,Usinage,23.0,Titane,Noir,57,MCH-02,CNC_FAST,2024-03-21 14:10:03,2024-03-21 15:11:54,0.0,done,2024-03-21 15:15:15
OF-2024-03977,ART-U28,Usinage,115.2,Aluminium,Bleu,10,MCH-05,CNC_STD,2024-06-04 12:47:54,,0.0,aborted,2024-06-04 13:27:04
OF-2024-03978,ART-S29,Soudure,90.9,Aluminium,Vert,225,MCH-08,MANUAL,2024-07-25 20:05:11,2024-07-26 10:46:34,239.1,done,2024-07-26 10:50:57
OF-2024-03979,ART-A18,Assemblage,15.6,Inox,Rouge,168,MCH-06,MANUAL,2024-05-10 07:01:46,2024-05-10 09:19:40,37.3,done,2024-05-10 09:20:42
OF-2024-03980,ART-F15,Finition,196.8,Titane,Jaune,40,MCH-01,CNC_FAST,2024-01-01 13:52:17,2024-01-01 14:52:24,8.3,done,2024-01-01 14:54:57
OF-2024-03981,ART-S25,Soudure,151.9,Acier,Bleu,13,MCH-09,ROBOT_CELL,2024-04-12 17:12:09,2024-04-12 18:32:51,0.0,done,2024-04-12 18:35:13
OF-2024-03982,ART-A22,Assemblage,105.9,Aluminium,Noir,216,MCH-07,MANUAL,09/04/2024 11:02,09/04/2024 15:27,0.0,done,09/04/2024 15:29
OF-2024-03983,ART-S21,Soudure,45.5,Inox,Vert,174,MCH-08,MANUAL,2024-05-06 12:05:47,2024-05-06 21:08:20,0.0,done,2024-05-06 21:12:43
OF-2024-03984,ART-S29,Soudure,90.9,Aluminium,Vert,64,MCH-07,MANUAL,21/08/2024 14:53,21/08/2024 20:19,0.0,done,21/08/2024 20:22
OF-2024-03985,ART-S25,Soudure,151.9,Acier,Bleu,60,MCH-11,ROBOT_CELL,2024-04-25 06:34:08,2024-04-25 10:51:31,45.5,done,2024-04-25 10:55:38
OF-2024-03986,ART-U32,Usinage,131.7,Aluminium,Gris,29,MCH-02,CNC_FAST,2024-01-17 12:01:51,2024-01-17 12:55:33,15.0,done,2024-01-17 12:59:23
OF-2024-03987,ART-S25,Soudure,151.9,Acier,Bleu,270,MCH-06,MANUAL,2024-02-06 21:58:21,2024-02-08 04:00:50,506.9,done,2024-02-08 04:02:26
OF-2024-03988,ARTU32,Usinage,131.7,Aluminium,Gris,68,MCH-02,CNC_FAST,2024-07-14 10:03:07,2024-07-14 11:36:18,0.0,done,2024-07-14 11:38:11
OF-2024-03989,ART-U04,Usinage,186.4,Inox,Rouge,208,MCH-02,CNC_FAST,2024-02-21 06:47:43,2024-02-21 15:41:59,83.0,done,2024-02-21 15:44:10
OF-2024-03990,ART-U04,Usinage,186.4,Inox,Rouge,33,MCH-01,CNC_FAST,2024-08-14 16:13:50,2024-08-14 18:23:31,10.0,done,2024-08-14 18:26:09
OF-2024-03991,ART-F15,Finition,196.8,Titane,Jaune,123,MCH-02,CNC_FAST,2024-08-05 20:05:56,2024-08-05 19:36:56,0.0,done,2024-08-05 23:03:19
OF-2024-03992,  ART-S17 ,Soudure,16.0,Acier,Bleu,65,MCH-07,MANUAL,04/06/2024 06:21,04/06/2024 08:21,0.0,done,04/06/2024 08:24
OF-2024-03993,ART-U32,Usinage,131.7,Aluminium,Gris,44,MCH-04,CNC_STD,2024-04-13 21:18:00,2024-04-13 22:58:17,0.0,done,2024-04-13 23:02:54
OF-2024-03994,ART-A26,Assemblage,183.1,Inox,Rouge,112,MCH-10,ROBOT_CELL,2024-02-05 08:22:57,2024-02-05 11:41:38,0.0,done,2024-02-05 11:46:12
OF-2024-03995,ART-S05,Soudure,38.9,Acier,Vert,74,MCH-09,ROBOT_CELL,2024-01-26 09:49:07,2024-01-26 11:54:33,0.0,done,2024-01-26 11:58:34
OF-2024-03996,ART-S29,Soudure,90.9,Aluminium,Vert,42,MCH-06,MANUAL,2024-08-16 19:49:35,2024-08-16 23:11:07,0.0,done,2024-08-16 23:15:11
OF-2024-03997,ART-U08,Usinage,22.6,Inox,Noir,75,MCH-05,CNC_STD,2024-08-07 06:35:14,2024-08-07 08:21:32,0.0,done,2024-08-07 08:25:38
OF-2024-03998,ART-U28,Usinage,115.2,Aluminium,Bleu,233,MCH-04,CNC_STD,2024-07-02 15:01:25,2024-07-02 20:11:32,95.7,done,2024-07-02 20:15:49
OF-2024-03999,ART-F27,Finition,162.2,Titane,Rouge,72,MCH-08,MANUAL,2024-06-27 10:02:58,2024-06-27 12:16:28,0.0,done,2024-06-27 12:20:40
OF-2024-04000,ART-U16,Usinage,144.1,Aluminium,Noir,73,MCH-03,CNC_STD,2024-07-07 07:04:49,2024-07-07 09:49:58,0.0,done,2024-07-07 09:54:03
OF-2024-04001,ARTA06,Assemblage,21.3,Acier,Noir,78,MCH-06,MANUAL,2024-03-29 11:32:19,2024-03-29 12:37:15,0.0,done,2024-03-29 12:41:39
OF-2024-04002,ART-A10,Assemblage,48.9,Aluminium,Jaune,228,MCH-11,ROBOT_CELL,2024-01-19 16:47:28,2024-01-19 19:17:33,0.0,done,2024-01-19 19:18:27
OF-2024-04003,ART-A06,Assemblage,21.3,Acier,Noir,63,MCH-10,ROBOT_CELL,2024-01-03 15:22:40,2024-01-03 16:05:15,4.0,done,2024-01-03 16:06:25
OF-2024-04004,ART-F15,Finition,196.8,Titane,Jaune,56,MCH-07,MANUAL,29/02/2024 15:06,29/02/2024 17:38,0.0,done,29/02/2024 17:40
OF-2024-04005,ART-U20,Usinage,23.4,Titane,Rouge,16,MCH-05,CNC_STD,2024-07-04 15:46:46,2024-07-04 16:28:43,0.0,done,2024-07-04 16:30:32
OF-2024-04006,ART-U32,Usinage,131.7,Aluminium,Gris,35,MCH-04,CNC_STD,2024-05-11 08:18:11,2024-05-11 09:58:36,0.0,done,2024-05-11 10:01:16
OF-2024-04007,ART-U24,Usinage,173.0,Aluminium,Vert,34,MCH-03,CNC_STD,2024-01-09 07:44:26,2024-01-09 09:27:09,9.5,done,2024-01-09 09:30:18
OF-2024-04008,ART-U16,Usinage,144.1,Aluminium,Noir,6,MCH-04,CNC_STD,2024-05-06 16:56:42,2024-05-06 17:26:50,0.0,done,2024-05-06 17:30:51
OF-2024-04009,ART-U04,Usinage,186.4,Inox,Rouge,16,MCH-02,CNC_FAST,2024-04-04 17:14:22,2024-04-04 18:17:02,0.0,done,2024-04-04 18:21:03
OF-2024-04010,ART-U20,Usinage,23.4,Titane,Rouge,71,MCH-02,CNC_FAST,2024-02-08 17:00:46,2024-02-08 18:08:47,0.0,done,2024-02-08 18:11:20
OF-2024-04011,ART-S29,Soudure,90.9,Aluminium,Vert,400,MCH-11,ROBOT_CELL,2024-08-27 15:05:59,2024-08-28 03:59:12,0.0,done,2024-08-28 04:00:00
OF-2024-04012,ART-U04,Usinage,186.4,Inox,Rouge,47,MCH-03,CNC_STD,2024-08-05 09:58:34,2024-08-05 13:39:11,0.0,done,2024-08-05 13:41:56
OF-2024-04013,ART-A18,Assemblage,15.6,Inox,Rouge,58,MCH-06,MANUAL,2024-06-21 10:45:52,2024-06-21 11:48:53,0.0,done,2024-06-21 11:53:40
OF-2024-04014,ART-S25,Soudure,151.9,Acier,Bleu,51,MCH-07,MANUAL,23/04/2024 18:07,24/04/2024 00:09,123.6,done,24/04/2024 00:13
OF-2024-04015,ART-U24,Usinage,173.0,Aluminium,Vert,290,MCH-01,CNC_FAST,2024-06-27 19:53:08,2024-06-28 02:13:12,72.5,done,2024-06-28 02:15:14
OF-2024-04016,ART-A02,Assemblage,36.9,Aluminium,Vert,20,MCH-11,ROBOT_CELL,2024-05-20 12:15:06,2024-05-20 12:34:17,0.0,done,2024-05-20 12:39:14
OF-2024-04017,ART-U24,Usinage,173.0,Aluminium,Vert,65,MCH-04,CNC_STD,2024-04-29 15:12:52,2024-04-29 17:36:31,0.0,done,2024-04-29 17:40:54
OF-2024-04018,ART-S25,Soudure,151.9,Acier,Bleu,48,MCH-08,MANUAL,2024-08-22 15:33:24,2024-08-22 22:43:00,145.5,done,2024-08-22 22:44:47
OF-2024-04019,ART-S13,Soudure,74.7,Acier,Jaune,56,MCH-09,ROBOT_CELL,2024-04-28 09:13:54,2024-04-28 12:06:16,0.0,done,2024-04-28 12:09:19
OF-2024-04020,ART-U32,Usinage,131.7,Aluminium,Gris,163,MCH-04,CNC_STD,2024-01-25 21:13:38,2024-01-26 03:07:38,71.3,done,2024-01-26 03:11:48
OF-2024-04021,ART-U32,Usinage,131.7,Aluminium,Gris,240,MCH-05,CNC_STD,2024-06-02 20:17:21,2024-06-03 02:56:25,0.0,done,2024-06-03 02:57:21
OF-2024-04022,ART-F19,Finition,100.8,Aluminium,Gris,375,MCH-01,CNC_FAST,2024-05-23 17:49:05,2024-05-23 20:25:31,0.0,done,2024-05-23 20:29:44
OF-2024-04023,ART-A26,Assemblage,183.1,Inox,Rouge,353,MCH-05,CNC_STD,2024-06-10 06:15:00,2024-06-10 17:15:59,90.6,done,2024-06-10 17:18:52
OF-2024-04024,ART-U16,Usinage,144.1,Aluminium,Noir,67,MCH-02,CNC_FAST,2024-02-05 18:47:24,2024-02-05 20:25:50,0.0,done,2024-02-05 20:28:02
OF-2024-04025,ART-F31,Finition,25.3,Inox,Gris,29,MCH-01,CNC_FAST,2024-04-22 12:44:06,2024-04-22 13:02:03,0.0,done,2024-04-22 13:04:03
OF-2024-04026,ART-U00,Usinage,184.0,Inox,Jaune,105,MCH-03,CNC_STD,2024-02-27 21:50:16,2024-02-28 02:56:54,61.3,done,2024-02-28 03:01:25
OF-2024-04027,ART-U12,Usinage,23.0,Titane,Noir,59,MCH-01,CNC_FAST,2024-06-16 15:20:48,,0.0,running,2024-06-16 16:28:23
OF-2024-04028,ART-U28,Usinage,115.2,Aluminium,Bleu,110,MCH-02,CNC_FAST,2024-03-03 12:35:59,2024-03-03 14:25:49,0.0,done,2024-03-03 14:27:03
OF-2024-04029,ART-F19,Finition,100.8,Aluminium,Gris,219,MCH-01,CNC_FAST,2024-05-01 16:55:44,2024-05-01 18:26:48,28.1,done,2024-05-01 18:30:04
OF-2024-04030,ART-S21,Soudure,45.5,Inox,Vert,57,MCH-10,ROBOT_CELL,2024-04-02 17:57:16,2024-04-02 20:10:27,0.0,done,2024-04-02 20:12:18
OF-2024-04031,ART-U04,Usinage,186.4,Inox,Rouge,340,MCH-01,CNC_FAST,2024-07-17 11:54:50,2024-07-18 02:06:17,47.8,done,2024-07-18 02:09:26
OF-2024-04032,ART-S13,Soudure,74.7,Acier,Jaune,36,MCH-07,MANUAL,15/02/2024 09:44,15/02/2024 13:16,0.0,done,15/02/2024 13:20
OF-2024-04033,ART-A10,Assemblage,48.9,Aluminium,Jaune,28,MCH-11,ROBOT_CELL,2024-01-25 17:53:53,2024-01-25 18:21:58,0.0,done,2024-01-25 18:22:42
OF-2024-04034,ART-U32,Usinage,131.7,Aluminium,Gris,292,MCH-03,CNC_STD,2024-06-19 10:34:02,2024-06-19 18:04:54,28.9,done,2024-06-19 18:05:46
OF-2024-04035,ART-S21,Soudure,45.5,Inox,Vert,295,MCH-07,MANUAL,31/03/2024 12:33,01/04/2024 04:19,0.0,done,01/04/2024 04:19
OF-2024-04036,ART-A02,Assemblage,36.9,Aluminium,Vert,48,MCH-08,MANUAL,2024-07-09 11:40:40,2024-07-09 12:34:32,0.0,done,2024-07-09 12:35:52
OF-2024-04037,ART-F19,Finition,100.8,Aluminium,Gris,296,MCH-07,MANUAL,03/03/2024 08:05,03/03/2024 12:35,0.0,done,03/03/2024 12:37
OF-2024-04038,ART-A26,Assemblage,183.1,Inox,Rouge,248,MCH-08,MANUAL,2024-01-26 06:22:54,2024-01-26 17:17:46,127.0,done,2024-01-26 17:19:57
OF-2024-04039,ART-F15,Finition,196.8,Titane,Jaune,55,MCH-01,CNC_FAST,2024-06-06 06:44:53,2024-06-06 07:42:44,0.0,done,2024-06-06 07:43:44
OF-2024-04040,ART-F15,Finition,196.8,Titane,Jaune,176,MCH-01,CNC_FAST,2024-08-16 14:01:57,2024-08-16 18:21:02,0.0,done,2024-08-16 18:25:27
OF-2024-04041,ART-U36,Usinage,179.1,Aluminium,Rouge,309,MCH-01,CNC_FAST,2024-03-25 15:39:32,2024-03-25 21:16:27,0.0,done,2024-03-25 21:21:02
OF-2024-04042,ART-F15,Finition,196.8,Titane,Jaune,69,MCH-02,CNC_FAST,2024-02-20 08:08:27,2024-02-20 09:21:58,0.0,done,2024-02-20 09:25:07
OF-2024-04043,ART-U28,Usinage,115.2,Aluminium,Bleu,42,MCH-03,CNC_STD,2024-05-11 21:01:20,2024-05-11 22:12:06,0.0,done,2024-05-11 22:14:58
OF-2024-04044,ART-F19,Finition,100.8,Aluminium,Gris,72,MCH-06,MANUAL,2024-03-21 07:29:33,2024-03-21 08:56:32,0.0,done,2024-03-21 09:00:34
OF-2024-04045,ART-F27,Finition,162.2,Titane,Rouge,120,MCH-06,MANUAL,2024-08-31 18:18:24,2024-08-31 23:06:51,69.4,done,2024-08-31 23:11:24
OF-2024-04046,ART-F19,Finition,100.8,Aluminium,Gris,26,MCH-02,CNC_FAST,2024-05-20 21:08:57,2024-05-20 21:25:50,0.0,done,2024-05-20 21:29:22
OF-2024-04047,ART-U00,Usinage,184.0,Inox,Jaune,120,MCH-05,CNC_STD,2024-04-11 17:48:01,2024-04-12 00:39:08,105.5,done,2024-04-12 00:39:55
OF-2024-04048,ART-F23,Finition,23.0,Acier,Gris,6,MCH-02,CNC_FAST,2024-05-30 07:19:47,2024-05-30 07:25:02,0.0,done,2024-05-30 07:28:17
OF-2024-04049,ART-S29,Soudure,90.9,Aluminium,Vert,250,MCH-12,ROBOT_CELL,2024-05-26 15:24:52,2024-05-27 01:58:04,61.0,done,2024-05-27 01:58:34
OF-2024-04050,ART-U24,Usinage,173.0,Aluminium,Vert,58,MCH-03,CNC_STD,2024-07-27 19:54:05,2024-07-27 21:51:05,20.1,done,2024-07-27 21:52:30
OF-2024-04051,ART-U16,Usinage,144.1,Aluminium,Noir,227,MCH-02,CNC_FAST,2024-03-15 10:19:45,2024-03-15 15:32:12,0.0,done,2024-03-15 15:36:12
OF-2024-04052,ART-U04,Usinage,186.4,Inox,Rouge,76,MCH-04,CNC_STD,2024-04-11 17:13:08,2024-04-11 22:05:08,0.0,done,2024-04-11 22:06:35
OF-2024-04053,ART-A06,Assemblage,21.3,Acier,Noir,78,MCH-05,CNC_STD,2024-08-22 07:02:42,2024-08-22 07:45:02,0.0,done,2024-08-22 07:48:23
OF-2024-04054,ART-A26,Assemblage,183.1,Inox,Rouge,345,MCH-07,MANUAL,23/03/2024 12:35,24/03/2024 03:15,273.3,done,24/03/2024 03:15
OF-2024-04055,ART-U28,Usinage,115.2,Aluminium,Bleu,290,MCH-03,CNC_STD,2024-08-06 15:44:53,2024-08-07 00:08:30,0.0,done,2024-08-07 00:12:32
OF-2024-04056,ART-U00,Usinage,184.0,Inox,Jaune,26,MCH-04,CNC_STD,2024-05-09 18:23:13,2024-05-09 20:01:11,0.0,done,2024-05-09 20:05:40
OF-2024-04057,ART-S09,Soudure,11.4,Acier,Jaune,20,MCH-10,ROBOT_CELL,2024-01-05 14:00:50,2024-01-05 14:39:03,0.0,done,2024-01-05 14:43:57
OF-2024-04058,ART-S05,Soudure,38.9,Acier,Vert,366,MCH-09,ROBOT_CELL,2024-03-11 18:52:49,2024-03-12 02:31:56,0.0,done,2024-03-12 02:36:24
OF-2024-04059,ART-U04,Usinage,186.4,Inox,Rouge,12,MCH-02,CNC_FAST,2024-02-16 21:34:21,2024-02-16 22:27:35,0.0,done,2024-02-16 22:31:53
OF-2024-04060,ART-F15,Finition,196.8,Titane,Jaune,33,MCH-08,MANUAL,2024-03-23 14:15:31,2024-03-23 16:10:10,0.0,done,2024-03-23 16:12:09
OF-2024-04061,ART-F15,Finition,196.8,Titane,Jaune,72,MCH-08,MANUAL,2024-04-10 16:03:56,2024-04-10 19:03:28,0.0,done,2024-04-10 19:08:01
OF-2024-04062,ART-A10,Assemblage,48.9,Aluminium,Jaune,26,MCH-06,MANUAL,2024-01-10 07:50:10,2024-01-10 08:45:31,15.3,done,2024-01-10 08:47:14
OF-2024-04063,ART-U24,Usinage,173.0,Aluminium,Vert,28,MCH-02,CNC_FAST,2024-01-27 20:15:11,2024-01-27 21:18:28,8.2,done,2024-01-27 21:22:05
OF-2024-04064,ART-U16,Usinage,144.1,Aluminium,Noir,307,MCH-03,CNC_STD,2024-05-15 17:20:11,2024-05-16 02:16:53,41.0,done,2024-05-16 02:21:39
OF-2024-04065,ART-S13,Soudure,74.7,Acier,Jaune,14,MCH-06,MANUAL,2024-07-08 09:01:16,2024-07-08 10:43:11,0.0,done,2024-07-08 10:46:18
OF-2024-04066,ART-U32,Usinage,131.7,Aluminium,Gris,137,MCH-02,CNC_FAST,2024-04-15 07:26:13,2024-04-15 10:18:44,0.0,done,2024-04-15 10:20:00
OF-2024-04067,ART-S13,Soudure,74.7,Acier,Jaune,25,MCH-06,MANUAL,2024-08-20 08:17:09,2024-08-20 10:40:30,0.0,done,2024-08-20 10:44:11
OF-2024-04068,ART-S29,Soudure,90.9,Aluminium,Vert,5,MCH-07,MANUAL,09/05/2024 18:02,09/05/2024 19:14,0.0,done,09/05/2024 19:16
OF-2024-04069,ART-S25,Soudure,151.9,Acier,Bleu,28,MCH-07,MANUAL,07/03/2024 18:53,07/03/2024 22:10,0.0,done,07/03/2024 22:13
OF-2024-04070,ART-U08,Usinage,22.6,Inox,Noir,46,MCH-02,CNC_FAST,2024-02-11 08:14:32,2024-02-11 09:01:29,0.0,done,2024-02-11 09:06:08
OF-2024-04071,ART-A02,Assemblage,36.9,Aluminium,Vert,27,MCH-05,CNC_STD,2024-06-15 14:09:09,2024-06-15 14:34:20,0.0,done,2024-06-15 14:38:30
OF-2024-04072,ART-U32,Usinage,131.7,Aluminium,Gris,68,MCH-03,CNC_STD,2024-01-21 18:03:15,2024-01-21 21:18:51,0.0,done,2024-01-21 21:19:25
OF-2024-04073,art-f19,Finition,100.8,Aluminium,Gris,69,MCH-07,MANUAL,19/06/2024 21:54,19/06/2024 23:18,25.9,done,19/06/2024 23:19
OF-2024-04074,ART-F31,Finition,25.3,Inox,Gris,371,MCH-01,CNC_FAST,2024-08-15 09:02:25,2024-08-15 10:55:55,32.3,done,2024-08-15 10:56:53
OF-2024-04075,ART-F15,Finition,196.8,Titane,Jaune,213,MCH-06,MANUAL,2024-05-27 12:04:20,2024-05-27 21:21:48,0.0,done,2024-05-27 21:25:08
OF-2024-04076,ART-U08,Usinage,22.6,Inox,Noir,228,MCH-05,CNC_STD,2024-04-21 06:34:56,2024-04-21 10:44:24,0.0,done,2024-04-21 10:47:37
OF-2024-04077,ART-U16,Usinage,144.1,Aluminium,Noir,44,MCH-04,CNC_STD,2024-03-25 16:06:56,2024-03-26 03:37:08,139.8,done,2024-03-26 03:39:07
OF-2024-04078,ART-A02,Assemblage,36.9,Aluminium,Vert,362,MCH-06,MANUAL,2024-03-14 13:42:46,2024-03-14 17:49:40,0.0,done,2024-03-14 17:52:01
OF-2024-04079,ART-S33,Soudure,195.1,Inox,Gris,79,MCH-09,ROBOT_CELL,2024-03-27 07:04:26,2024-03-27 14:21:37,0.0,done,2024-03-27 14:25:06
OF-2024-04080,art-f11,Finition,147.9,Acier,Gris,60,MCH-07,MANUAL,09/07/2024 17:54,09/07/2024 19:24,0.0,done,09/07/2024 19:27
OF-2024-04081,  ART-U20 ,Usinage,23.4,Titane,Rouge,58,MCH-04,CNC_STD,2024-01-03 21:45:33,2024-01-03 23:29:15,24.4,done,2024-01-03 23:30:48
OF-2024-04082,ART-S13,Soudure,74.7,Acier,Jaune,25,MCH-11,ROBOT_CELL,2024-01-13 13:03:39,2024-01-13 14:46:10,0.0,done,2024-01-13 14:49:00
OF-2024-04083,ART-A06,Assemblage,21.3,Acier,Noir,72,MCH-10,ROBOT_CELL,2024-03-02 06:59:00,2024-03-02 07:41:42,11.2,done,2024-03-02 07:42:59
OF-2024-04084,ART-A10,Assemblage,48.9,Aluminium,Jaune,55,MCH-08,MANUAL,2024-01-05 07:33:31,2024-01-05 09:16:12,9.9,done,2024-01-05 09:17:08
OF-2024-04085,ART-U16,Usinage,144.1,Aluminium,Noir,48,MCH-01,CNC_FAST,2024-07-03 09:08:15,2024-07-03 10:19:53,12.5,done,2024-07-03 10:23:19
OF-2024-04086,ART-S01,Soudure,191.3,Titane,Bleu,51,MCH-10,ROBOT_CELL,2024-01-01 10:02:04,2024-01-01 16:27:59,0.0,done,2024-01-01 16:30:08
OF-2024-04087,ART-A10,Assemblage,48.9,Aluminium,Jaune,19,MCH-11,ROBOT_CELL,2024-05-17 21:52:56,2024-05-17 22:10:04,3.3,done,2024-05-17 22:11:27
OF-2024-04088,ART-U28,Usinage,115.2,Aluminium,Bleu,52,MCH-01,CNC_FAST,2024-07-28 06:46:46,2024-07-28 07:59:15,0.0,done,2024-07-28 08:00:44
OF-2024-04089,ART-S17,Soudure,16.0,Acier,Bleu,319,MCH-07,MANUAL,26/01/2024 11:17,26/01/2024 19:32,0.0,done,26/01/2024 19:34
OF-2024-04090,ART-S09,Soudure,11.4,Acier,Jaune,25,MCH-09,ROBOT_CELL,2024-05-10 14:15:27,2024-05-10 14:56:23,0.0,done,2024-05-10 14:58:23
OF-2024-04091,ART-U32,Usinage,131.7,Aluminium,Gris,14,MCH-01,CNC_FAST,2024-03-17 15:11:12,2024-03-17 15:48:29,3.3,done,2024-03-17 15:50:17
OF-2024-04092,ART-A06,Assemblage,21.3,Acier,Noir,253,MCH-07,MANUAL,22/05/2024 17:59,22/05/2024 20:31,36.4,done,22/05/2024 20:36
OF-2024-04093,ARTU32,Usinage,131.7,Aluminium,Gris,159,MCH-04,CNC_STD,2024-08-15 16:38:49,2024-08-15 22:30:29,0.0,done,2024-08-15 22:33:24
OF-2024-04094,ART-F15,Finition,196.8,Titane,Jaune,43,MCH-06,MANUAL,2024-07-31 12:17:40,2024-07-31 14:17:48,24.5,done,2024-07-31 14:21:44
OF-2024-04095,ART-A06,Assemblage,21.3,Acier,Noir,24,MCH-10,ROBOT_CELL,2024-04-28 16:40:05,2024-04-28 16:54:17,0.0,done,2024-04-28 16:58:31
OF-2024-04096,ART-F15,Finition,196.8,Titane,Jaune,281,MCH-02,CNC_FAST,2024-07-11 12:57:29,2024-07-11 12:57:29,39.3,done,2024-07-11 17:36:30
OF-2024-04097,ART-U24,Usinage,173.0,Aluminium,Vert,5,MCH-05,CNC_STD,2024-05-29 11:15:43,2024-05-29 11:42:37,0.0,done,2024-05-29 11:43:29
OF-2024-04098,ART-U04,Usinage,186.4,Inox,Rouge,257,MCH-02,CNC_FAST,2024-03-26 06:23:56,2024-03-26 18:04:36,0.0,done,2024-03-26 18:08:49
OF-2024-04099,ART-A06,Assemblage,21.3,Acier,Noir,78,MCH-10,ROBOT_CELL,2024-04-19 08:23:48,2024-04-19 09:11:49,10.0,done,2024-04-19 09:16:09
OF-2024-04100,ART-A10,Assemblage,48.9,Aluminium,Jaune,32,MCH-03,CNC_STD,2024-06-07 16:44:44,,2.2,running,2024-06-07 17:22:19
OF-2024-04101,ART-A26,Assemblage,183.1,Inox,Rouge,325,MCH-07,MANUAL,14/08/2024 06:38,14/08/2024 21:20,202.2,done,14/08/2024 21:25
OF-2024-04102,ART-A10,Assemblage,48.9,Aluminium,Jaune,347,MCH-09,ROBOT_CELL,2024-06-27 11:38:14,2024-06-27 14:53:42,0.0,done,2024-06-27 14:56:56
OF-2024-04103,ART-U04,Usinage,186.4,Inox,Rouge,384,MCH-01,CNC_FAST,2024-05-29 09:11:25,2024-05-30 04:45:49,0.0,done,2024-05-30 04:49:16
OF-2024-04104,ART-U08,Usinage,22.6,Inox,Noir,14,MCH-05,CNC_STD,2024-01-23 07:21:47,2024-01-23 07:53:58,2.0,done,2024-01-23 07:54:49
OF-2024-04105,ART-U08,Usinage,22.6,Inox,Noir,35,MCH-04,CNC_STD,2024-06-14 12:18:48,2024-06-14 13:07:55,13.3,done,2024-06-14 13:09:40
OF-2024-04106,ART-U28,Usinage,115.2,Aluminium,Bleu,5,MCH-01,CNC_FAST,2024-05-29 20:46:02,2024-05-29 21:01:51,4.1,done,2024-05-29 21:06:04
OF-2024-04107,ART-U04,Usinage,186.4,Inox,Rouge,54,MCH-02,CNC_FAST,2024-04-25 08:26:01,2024-04-25 10:48:28,0.0,done,2024-04-25 10:52:59
OF-2024-04108,ART-U28,Usinage,115.2,Aluminium,Bleu,74,MCH-04,CNC_STD,2024-02-10 08:22:20,2024-02-10 10:20:16,8.2,done,2024-02-10 10:21:13
OF-2024-04109,ART-U24,Usinage,173.0,Aluminium,Vert,171,MCH-05,CNC_STD,2024-08-11 13:42:33,2024-08-11 19:43:02,0.0,done,2024-08-11 19:43:53
OF-2024-04110,ART-S29,Soudure,90.9,Aluminium,Vert,6,MCH-08,MANUAL,2024-04-08 09:16:56,2024-04-08 10:28:05,0.0,done,2024-04-08 10:30:08
OF-2024-04111,ART-A26,Assemblage,183.1,Inox,Rouge,243,MCH-03,CNC_STD,2024-06-09 16:59:32,2024-06-10 00:59:26,145.5,done,2024-06-10 01:01:19
OF-2024-04112,ART-U32,Usinage,131.7,Aluminium,Gris,78,MCH-01,CNC_FAST,2024-04-14 09:50:53,2024-04-14 11:43:46,0.0,done,2024-04-14 11:46:50
OF-2024-04113,ART-A26,Assemblage,183.1,Inox,Rouge,36,MCH-05,CNC_STD,2024-07-14 19:41:30,2024-07-14 21:00:20,0.0,done,2024-07-14 21:04:51
OF-2024-04114,ART-A06,Assemblage,21.3,Acier,Noir,79,MCH-03,CNC_STD,2024-02-01 20:34:35,2024-02-01 21:24:25,0.0,done,2024-02-01 21:26:53
OF-2024-04115,ART-F15,Finition,196.8,Titane,Jaune,280,MCH-01,CNC_FAST,2024-08-30 15:59:01,2024-08-30 21:36:53,0.0,done,2024-08-30 21:41:04
OF-2024-04116,ART-A26,Assemblage,183.1,Inox,Rouge,385,MCH-12,ROBOT_CELL,2024-08-20 18:38:49,2024-08-21 05:35:59,0.0,done,2024-08-21 05:40:48
OF-2024-04117,art-u16,Usinage,144.1,Aluminium,Noir,213,MCH-04,CNC_STD,2024-02-21 14:57:03,2024-02-21 22:53:28,0.0,done,2024-02-21 22:57:56
OF-2024-04118,ART-U32,Usinage,131.7,Aluminium,Gris,70,MCH-02,CNC_FAST,2024-03-10 09:02:26,2024-03-10 10:35:44,0.0,done,2024-03-10 10:37:55
OF-2024-04119,ART-S25,Soudure,151.9,Acier,Bleu,78,MCH-11,ROBOT_CELL,2024-03-07 07:37:26,2024-03-07 13:04:56,0.0,done,2024-03-07 13:08:36
OF-2024-04120,ART-A18,Assemblage,15.6,Inox,Rouge,22,MCH-11,ROBOT_CELL,2024-02-10 06:11:42,2024-02-10 06:28:16,0.0,done,2024-02-10 06:30:58
OF-2024-04121,ART-S13,Soudure,74.7,Acier,Jaune,75,MCH-11,ROBOT_CELL,2024-02-05 15:13:30,2024-02-05 19:42:21,0.0,done,2024-02-05 19:44:23
OF-2024-04122,ART-S25,Soudure,151.9,Acier,Bleu,57,MCH-11,ROBOT_CELL,2024-02-19 06:48:49,2024-02-19 10:40:41,42.8,done,2024-02-19 10:41:16
OF-2024-04123,ART-S13,Soudure,74.7,Acier,Jaune,72,MCH-07,MANUAL,13/02/2024 17:07,13/02/2024 23:32,0.0,done,13/02/2024 23:36
OF-2024-04124,ART-F15,Finition,196.8,Titane,Jaune,49,MCH-06,MANUAL,2024-02-27 11:57:48,,0.0,aborted,2024-02-27 14:18:10
OF-2024-04125,ART-U28,Usinage,115.2,Aluminium,Bleu,288,MCH-01,CNC_FAST,2024-04-11 06:27:13,2024-04-11 10:30:45,0.0,done,2024-04-11 10:32:28
OF-2024-04126,ART-F31,Finition,25.3,Inox,Gris,72,MCH-01,CNC_FAST,2024-02-29 12:43:28,2024-02-29 13:08:50,2.3,done,2024-02-29 13:12:46
OF-2024-04127,ART-U28,Usinage,115.2,Aluminium,Bleu,42,MCH-03,CNC_STD,2024-04-15 18:28:27,2024-04-15 19:43:28,0.0,done,2024-04-15 19:48:10
OF-2024-04128,ART-F19,Finition,100.8,Aluminium,Gris,70,MCH-08,MANUAL,2024-06-05 18:13:35,2024-06-05 19:21:20,0.0,done,2024-06-05 19:22:31
OF-2024-04129,ART-U00,Usinage,184.0,Inox,Jaune,14,MCH-03,CNC_STD,2024-04-27 14:55:54,2024-04-27 16:00:54,0.0,done,2024-04-27 16:04:34
OF-2024-04130,ART-A18,Assemblage,15.6,Inox,Rouge,56,MCH-10,ROBOT_CELL,2024-05-04 13:07:56,2024-05-04 13:39:18,0.0,done,2024-05-04 13:44:10
OF-2024-04131,ART-F03,Finition,55.9,Titane,Jaune,61,MCH-06,MANUAL,2024-07-12 15:55:17,2024-07-12 17:11:54,0.0,done,2024-07-12 17:15:15
OF-2024-04132,ART-F03,Finition,55.9,Titane,Jaune,42,MCH-08,MANUAL,2024-01-09 18:54:53,2024-01-09 20:22:54,0.0,done,2024-01-09 20:26:58
OF-2024-04133,ART-A22,Assemblage,105.9,Aluminium,Noir,274,MCH-04,CNC_STD,2024-01-17 12:45:43,2024-01-17 16:47:55,0.0,done,2024-01-17 16:49:39
OF-2024-04134,ART-U20,Usinage,23.4,Titane,Rouge,26,MCH-01,CNC_FAST,2024-07-21 08:49:11,,0.0,running,2024-07-21 09:25:00
OF-2024-04135,ART-A10,Assemblage,48.9,Aluminium,Jaune,26,MCH-08,MANUAL,2024-02-14 18:57:24,2024-02-14 19:45:33,0.0,done,2024-02-14 19:49:28
OF-2024-04136,ART-U32,Usinage,131.7,Aluminium,Gris,41,MCH-04,CNC_STD,2024-04-20 06:38:00,2024-04-20 08:15:02,0.0,done,2024-04-20 08:19:28
OF-2024-04137,ART-F11,Finition,147.9,Acier,Gris,52,MCH-02,CNC_FAST,2024-07-15 19:26:47,,3.5,aborted,2024-07-15 20:08:11
OF-2024-04138,ART-U24,Usinage,173.0,Aluminium,Vert,62,MCH-02,CNC_FAST,2024-03-08 11:01:08,2024-03-08 12:46:49,19.5,done,2024-03-08 12:50:53
OF-2024-04139,ART-S01,Soudure,191.3,Titane,Bleu,49,MCH-08,MANUAL,2024-06-14 20:59:14,2024-06-15 03:21:27,0.0,done,2024-06-15 03:23:53
OF-2024-04140,ART-F03,Finition,55.9,Titane,Jaune,26,MCH-06,MANUAL,2024-05-03 15:44:15,2024-05-03 16:42:41,0.0,done,2024-05-03 16:43:32
OF-2024-04141,ART-F27,Finition,162.2,Titane,Rouge,44,MCH-06,MANUAL,2024-01-13 10:22:29,2024-01-13 12:12:15,0.0,done,2024-01-13 12:15:06
OF-2024-04142,ART-S33,Soudure,195.1,Inox,Gris,42,MCH-12,ROBOT_CELL,2024-05-11 17:01:21,2024-05-11 20:40:18,0.0,done,2024-05-11 20:43:02
OF-2024-04143,ART-U28,Usinage,115.2,Aluminium,Bleu,57,MCH-01,CNC_FAST,2024-02-09 17:45:19,2024-02-09 18:51:39,0.0,done,2024-02-09 18:54:29
OF-2024-04144,ART-U04,Usinage,186.4,Inox,Rouge,28,MCH-05,CNC_STD,2024-03-01 09:12:46,2024-03-01 11:26:37,0.0,done,2024-03-01 11:27:30
OF-2024-04145,ART-A02,Assemblage,36.9,Aluminium,Vert,38,MCH-12,ROBOT_CELL,2024-06-30 20:43:17,2024-06-30 21:09:11,0.0,done,2024-06-30 21:13:51
OF-2024-04146,ART-A10,Assemblage,48.9,Aluminium,Jaune,111,MCH-05,CNC_STD,2024-01-17 17:58:45,2024-01-17 19:32:28,0.0,done,2024-01-17 19:36:47
OF-2024-04147,ART-A02,Assemblage,36.9,Aluminium,Vert,40,MCH-04,CNC_STD,2024-01-31 19:05:07,2024-01-31 19:37:15,0.0,done,2024-01-31 19:38:30
OF-2024-04148,ART-F39,Finition,157.5,Titane,Jaune,215,MCH-08,MANUAL,2024-08-30 16:01:08,2024-08-30 16:01:08,0.0,done,2024-08-30 23:11:34
OF-2024-04149,ART-U32,Usinage,131.7,Aluminium,Gris,190,MCH-03,CNC_STD,2024-01-26 08:27:08,2024-01-26 15:30:15,65.4,done,2024-01-26 15:31:17
OF-2024-04150,ART-F15,Finition,196.8,Titane,Jaune,46,MCH-02,CNC_FAST,2024-07-07 17:05:25,2024-07-07 18:03:23,0.0,done,2024-07-07 18:05:51
OF-2024-04151,ART-F15,Finition,196.8,Titane,Jaune,45,MCH-02,CNC_FAST,2024-01-12 18:22:21,2024-01-12 19:50:54,22.5,done,2024-01-12 19:53:30
OF-2024-04152,ART-U12,Usinage,23.0,Titane,Noir,161,MCH-04,CNC_STD,2024-02-17 13:29:22,2024-02-17 16:55:15,0.0,done,2024-02-17 16:55:53
OF-2024-04153,ART-U16,Usinage,144.1,Aluminium,Noir,16,MCH-01,CNC_FAST,2024-01-29 11:15:22,2024-01-29 11:42:58,0.0,done,2024-01-29 11:43:38
OF-2024-04154,ART-U28,Usinage,115.2,Aluminium,Bleu,49,MCH-03,CNC_STD,2024-07-24 16:20:33,2024-07-24 17:50:15,0.0,done,2024-07-24 17:54:56
OF-2024-04155,art-u08,Usinage,22.6,Inox,Noir,28,MCH-01,CNC_FAST,2024-03-04 09:21:58,2024-03-04 09:54:25,0.0,done,2024-03-04 09:57:28
OF-2024-04156,ART-F15,Finition,196.8,Titane,Jaune,58,MCH-02,CNC_FAST,2024-08-14 07:35:48,2024-08-14 08:58:34,13.7,done,2024-08-14 08:59:58
OF-2024-04157,ART-S25,Soudure,151.9,Acier,Bleu,290,MCH-09,ROBOT_CELL,2024-08-17 21:18:09,2024-08-18 18:00:42,0.0,done,2024-08-18 18:01:36
OF-2024-04158,ART-F19,Finition,100.8,Aluminium,Gris,301,MCH-06,MANUAL,2024-08-16 21:23:48,2024-08-17 02:07:00,0.0,done,2024-08-17 02:09:41
OF-2024-04159,ART-F31,Finition,25.3,Inox,Gris,21,MCH-06,MANUAL,2024-08-15 19:33:54,2024-08-15 20:03:05,0.0,done,2024-08-15 20:04:08
OF-2024-04160,ART-U32,Usinage,131.7,Aluminium,Gris,60,MCH-05,CNC_STD,2024-04-28 09:27:38,2024-04-28 11:37:55,0.0,done,2024-04-28 11:42:06
OF-2024-04161,ART-S25,Soudure,151.9,Acier,Bleu,18,MCH-10,ROBOT_CELL,2024-02-17 14:12:28,2024-02-17 15:40:58,0.0,done,2024-02-17 15:43:53
OF-2024-04162,ART-U00,Usinage,184.0,Inox,Jaune,67,MCH-01,CNC_FAST,2024-07-10 14:36:36,2024-07-10 17:25:15,0.0,done,2024-07-10 17:30:11
OF-2024-04163,ART-S21,Soudure,45.5,Inox,Vert,15,MCH-09,ROBOT_CELL,2024-06-13 11:32:40,2024-06-13 12:17:22,0.0,done,2024-06-13 12:22:03
OF-2024-04164,ART-U20,Usinage,23.4,Titane,Rouge,34,MCH-03,CNC_STD,2024-06-05 17:27:28,2024-06-05 18:29:20,0.0,done,2024-06-05 18:33:11
OF-2024-04165,ART-F15,Finition,196.8,Titane,Jaune,30,MCH-02,CNC_FAST,2024-03-31 14:20:17,2024-03-31 14:59:02,0.0,done,2024-03-31 15:01:18
OF-2024-04166,ART-A18,Assemblage,15.6,Inox,Rouge,56,MCH-04,CNC_STD,2024-02-04 16:24:36,2024-02-04 16:58:10,0.0,done,2024-02-04 17:02:52
OF-2024-04167,ART-U28,Usinage,115.2,Aluminium,Bleu,41,MCH-02,CNC_FAST,2024-05-18 12:17:37,2024-05-18 13:15:44,0.0,done,2024-05-18 13:18:59
OF-2024-04168,ART-S29,Soudure,90.9,Aluminium,Vert,57,MCH-08,MANUAL,2024-04-19 08:08:10,2024-04-19 12:19:30,0.0,done,2024-04-19 12:23:17
OF-2024-04169,ART-F19,Finition,100.8,Aluminium,Gris,20,MCH-08,MANUAL,2024-02-19 11:02:59,2024-02-19 11:36:10,0.0,done,2024-02-19 11:38:27
OF-2024-04170,ART-A06,Assemblage,21.3,Acier,Noir,277,MCH-03,CNC_STD,2024-06-24 17:01:40,2024-06-24 19:32:47,0.0,done,2024-06-24 19:33:57
OF-2024-04171,ART-F15,Finition,196.8,Titane,Jaune,168,MCH-07,MANUAL,04/04/2024 14:34,04/04/2024 23:23,0.0,done,04/04/2024 23:27
OF-2024-04172,ART-A30,Assemblage,130.4,Acier,Gris,282,MCH-09,ROBOT_CELL,2024-04-03 19:20:32,2024-04-04 00:56:43,0.0,done,2024-04-04 00:57:27
OF-2024-04173,ART-U16-MM,Usinage,144.1,Aluminium,Noir,76,MCH-02,CNC_FAST,2024-05-14 08:33:02,2024-05-14 10:10:27,33.7,done,2024-05-14 10:11:07
OF-2024-04174,ART-F27,Finition,162.2,Titane,Rouge,41,MCH-07,MANUAL,10/04/2024 18:39,10/04/2024 20:38,0.0,done,10/04/2024 20:39
OF-2024-04175,art-a06,Assemblage,21.3,Acier,Noir,350,MCH-05,CNC_STD,2024-06-10 15:03:37,2024-06-10 17:51:32,13.6,done,2024-06-10 17:53:31
OF-2024-04176,ART-U04,Usinage,186.4,Inox,Rouge,58,MCH-05,CNC_STD,2024-05-24 16:50:49,2024-05-24 21:33:06,0.0,done,2024-05-24 21:36:03
OF-2024-04177,art-u08,Usinage,22.6,Inox,Noir,169,MCH-02,CNC_FAST,2024-06-03 19:37:45,2024-06-03 19:37:45,0.0,done,2024-06-03 22:01:41
OF-2024-04178,ART-F11,Finition,147.9,Acier,Gris,38,MCH-06,MANUAL,2024-04-20 09:16:27,2024-04-20 10:32:19,0.0,done,2024-04-20 10:37:17
OF-2024-04179,ART-F27,Finition,162.2,Titane,Rouge,37,MCH-01,CNC_FAST,2024-02-26 07:32:58,2024-02-26 08:17:33,13.3,done,2024-02-26 08:18:35
OF-2024-04180,ART-A10,Assemblage,48.9,Aluminium,Jaune,353,MCH-08,MANUAL,2024-06-17 18:04:35,2024-06-18 01:12:17,132.9,done,2024-06-18 01:13:47
OF-2024-04181,ART-U32,Usinage,131.7,Aluminium,Gris,67,MCH-02,CNC_FAST,2024-07-05 11:46:17,2024-07-05 13:14:40,12.1,done,2024-07-05 13:17:52
OF-2024-04182,ART-A26,Assemblage,183.1,Inox,Rouge,12,MCH-03,CNC_STD,2024-03-06 08:24:20,2024-03-06 08:57:05,2.3,done,2024-03-06 08:57:36
OF-2024-04183,ART-S29,Soudure,90.9,Aluminium,Vert,69,MCH-10,ROBOT_CELL,2024-03-24 08:05:05,2024-03-24 10:43:51,33.5,done,2024-03-24 10:47:28
OF-2024-04184,ART-U08,Usinage,22.6,Inox,Noir,159,MCH-05,CNC_STD,2024-02-20 06:06:04,2024-02-20 09:14:16,0.0,done,2024-02-20 09:18:50
OF-2024-04185,ART-A18,Assemblage,15.6,Inox,Rouge,134,MCH-06,MANUAL,2024-04-26 18:32:16,2024-04-26 20:16:25,19.9,done,2024-04-26 20:19:13
OF-2024-04186,ART-A06,Assemblage,21.3,Acier,Noir,47,MCH-10,ROBOT_CELL,2024-02-07 17:32:11,2024-02-07 18:02:56,0.0,done,2024-02-07 18:03:43
OF-2024-04187,  ART-A30 ,Assemblage,130.4,Acier,Gris,319,MCH-10,ROBOT_CELL,2024-06-19 09:57:11,2024-06-19 16:00:06,0.0,done,2024-06-19 16:00:50
OF-2024-04188,ART-U24,Usinage,173.0,Aluminium,Vert,164,MCH-04,CNC_STD,2024-03-01 10:57:44,2024-03-01 15:22:42,0.0,done,2024-03-01 15:24:52
OF-2024-04189,ART-U04,Usinage,186.4,Inox,Rouge,36,MCH-01,CNC_FAST,2024-03-09 14:21:56,2024-03-09 16:24:49,17.8,done,2024-03-09 16:27:35
OF-2024-04190,ART-F15,Finition,196.8,Titane,Jaune,10,MCH-06,MANUAL,2024-08-09 08:28:39,2024-08-09 09:14:52,5.1,done,2024-08-09 09:17:21
OF-2024-04191,ART-U20,Usinage,23.4,Titane,Rouge,73,MCH-04,CNC_STD,2024-01-05 21:47:22,2024-01-05 23:48:00,0.0,done,2024-01-05 23:48:34
OF-2024-04192,ART-U12,Usinage,23.0,Titane,Noir,274,MCH-01,CNC_FAST,2024-06-09 09:20:04,2024-06-09 13:13:37,0.0,done,2024-06-09 13:16:39
OF-2024-04193,ART-F31,Finition,25.3,Inox,Gris,311,MCH-06,MANUAL,2024-02-04 12:44:46,2024-02-04 16:57:29,82.4,done,2024-02-04 17:01:04
OF-2024-04194,ART-A06,Assemblage,21.3,Acier,Noir,54,MCH-12,ROBOT_CELL,2024-05-22 20:33:04,2024-05-22 21:10:38,0.0,done,2024-05-22 21:14:35
OF-2024-04195,ART-U04,Usinage,186.4,Inox,Rouge,9,MCH-03,CNC_STD,2024-02-13 08:17:46,2024-02-13 09:13:29,8.2,done,2024-02-13 09:14:04
OF-2024-04196,ART-F27,Finition,162.2,Titane,Rouge,35,MCH-07,MANUAL,15/04/2024 16:37,15/04/2024 18:11,12.0,done,15/04/2024 18:13
OF-2024-04197,ARTU20,Usinage,23.4,Titane,Rouge,69,MCH-04,CNC_STD,2024-02-07 07:59:22,2024-02-07 10:00:03,39.7,done,2024-02-07 10:01:06
OF-2024-04198,ART-F15,Finition,196.8,Titane,Jaune,58,MCH-02,CNC_FAST,2024-08-11 20:11:37,2024-08-11 21:45:46,0.0,done,2024-08-11 21:49:01
OF-2024-04199,ART-F15,Finition,196.8,Titane,Jaune,20,MCH-01,CNC_FAST,2024-04-01 08:16:37,2024-04-01 08:43:11,0.0,done,2024-04-01 08:46:47
OF-2024-04200,ART-U00,Usinage,184.0,Inox,Jaune,33,MCH-05,CNC_STD,2024-04-14 16:29:47,2024-04-14 18:50:37,0.0,done,2024-04-14 18:52:18
OF-2024-04201,ART-A22,Assemblage,105.9,Aluminium,Noir,69,MCH-04,CNC_STD,2024-03-15 19:28:58,,0.0,running,2024-03-15 20:59:12
OF-2024-04202,ART-A26,Assemblage,183.1,Inox,Rouge,52,MCH-05,CNC_STD,2024-07-16 09:19:04,2024-07-16 10:56:37,28.5,done,2024-07-16 10:57:08
OF-2024-04203,ART-S25,Soudure,151.9,Acier,Bleu,36,MCH-06,MANUAL,2024-06-08 14:50:46,2024-06-08 18:27:08,0.0,done,2024-06-08 18:30:41
OF-2024-04204,ART-S13,Soudure,74.7,Acier,Jaune,76,MCH-06,MANUAL,2024-01-27 18:56:49,2024-01-28 02:44:43,34.6,done,2024-01-28 02:47:55
OF-2024-04205,ART-U24,Usinage,173.0,Aluminium,Vert,353,MCH-04,CNC_STD,2024-08-29 17:37:06,,49.5,aborted,2024-08-30 05:05:50
OF-2024-04206,ART-A26,Assemblage,183.1,Inox,Rouge,34,MCH-10,ROBOT_CELL,2024-06-10 07:24:09,2024-06-10 08:30:51,0.0,done,2024-06-10 08:34:03
OF-2024-04207,ART-A06-MM,Assemblage,21.3,Acier,Noir,392,MCH-05,CNC_STD,2024-07-17 07:22:52,2024-07-17 10:31:26,0.0,done,2024-07-17 10:35:28
OF-2024-04208,ART-U32,Usinage,131.7,Aluminium,Gris,38,MCH-01,CNC_FAST,2024-06-30 08:11:02,2024-06-30 09:09:50,0.0,done,2024-06-30 09:13:43
OF-2024-04209,ART-U32,Usinage,131.7,Aluminium,Gris,109,MCH-01,CNC_FAST,2024-08-19 14:39:41,2024-08-19 16:56:50,9.1,done,2024-08-19 16:58:58
OF-2024-04210,ART-S05,Soudure,38.9,Acier,Vert,109,MCH-06,MANUAL,2024-02-05 21:12:54,2024-02-06 01:56:17,80.4,done,2024-02-06 02:00:40
OF-2024-04211,ART-U32,Usinage,131.7,Aluminium,Gris,211,MCH-02,CNC_FAST,2024-03-18 16:35:06,2024-03-18 21:48:55,108.6,done,2024-03-18 21:50:32
OF-2024-04212,ART-F19,Finition,100.8,Aluminium,Gris,42,MCH-08,MANUAL,2024-06-15 16:35:46,2024-06-15 17:21:13,0.0,done,2024-06-15 17:24:25
OF-2024-04213,ART-F15,Finition,196.8,Titane,Jaune,68,MCH-06,MANUAL,2024-01-15 11:15:08,2024-01-15 15:18:03,0.0,done,2024-01-15 15:21:57
OF-2024-04214,ART-A18,Assemblage,15.6,Inox,Rouge,68,MCH-09,ROBOT_CELL,2024-07-14 07:39:06,2024-07-14 08:19:30,0.0,done,2024-07-14 08:24:01
OF-2024-04215,ART-A06,Assemblage,21.3,Acier,Noir,78,MCH-06,MANUAL,2024-04-27 11:57:35,2024-04-27 13:15:16,23.4,done,2024-04-27 13:17:38
OF-2024-04216,ART-U28,Usinage,115.2,Aluminium,Bleu,45,MCH-05,CNC_STD,2024-07-27 20:38:38,2024-07-27 21:57:52,0.0,done,2024-07-27 21:59:01
OF-2024-04217,ART-F15,Finition,196.8,Titane,Jaune,62,MCH-02,CNC_FAST,2024-03-07 10:13:24,2024-03-07 12:06:24,0.0,done,2024-03-07 12:08:08
OF-2024-04218,ART-F03,Finition,55.9,Titane,Jaune,52,MCH-01,CNC_FAST,2024-07-18 18:32:13,2024-07-18 19:12:59,0.0,done,2024-07-18 19:17:50
OF-2024-04219,ART-F19,Finition,100.8,Aluminium,Gris,35,MCH-08,MANUAL,2024-02-18 09:24:25,2024-02-18 10:02:23,3.3,done,2024-02-18 10:06:19
OF-2024-04220,art-s05,Soudure,38.9,Acier,Vert,138,MCH-07,MANUAL,13/05/2024 07:39,13/05/2024 13:35,0.0,done,13/05/2024 13:39
OF-2024-04221,ART-U28,Usinage,115.2,Aluminium,Bleu,31,MCH-02,CNC_FAST,2024-07-04 21:52:36,2024-07-04 21:29:36,2.1,done,2024-07-04 22:31:33
OF-2024-04222,ART-F15,Finition,196.8,Titane,Jaune,46,MCH-08,MANUAL,2024-05-10 12:49:28,2024-05-10 15:14:22,0.0,done,2024-05-10 15:15:56
OF-2024-04223,ART-A18,Assemblage,15.6,Inox,Rouge,40,MCH-04,CNC_STD,2024-05-10 17:40:07,2024-05-10 18:03:15,0.0,done,2024-05-10 18:07:39
OF-2024-04224,ART-U32,Usinage,131.7,Aluminium,Gris,50,MCH-01,CNC_FAST,2024-02-18 06:43:37,2024-02-18 08:08:09,0.0,done,2024-02-18 08:10:55
OF-2024-04225,ART-U20,Usinage,23.4,Titane,Rouge,29,MCH-03,CNC_STD,2024-06-17 21:59:09,2024-06-17 22:44:31,7.3,done,2024-06-17 22:47:19
OF-2024-04226,ART-S33,Soudure,195.1,Inox,Gris,76,MCH-08,MANUAL,2024-07-21 14:23:39,2024-07-22 00:36:03,0.0,done,2024-07-22 00:40:42
OF-2024-04227,ART-U32,Usinage,131.7,Aluminium,Gris,100,MCH-01,CNC_FAST,2024-03-10 06:34:54,2024-03-10 08:52:07,37.7,done,2024-03-10 08:54:41
OF-2024-04228,ART-A06,Assemblage,21.3,Acier,Noir,34,MCH-03,CNC_STD,2024-06-19 06:33:29,2024-06-19 07:01:55,2.7,done,2024-06-19 07:02:49
OF-2024-04229,ART-S13,Soudure,74.7,Acier,Jaune,68,MCH-09,ROBOT_CELL,2024-06-28 15:58:28,2024-06-28 19:15:01,34.2,done,2024-06-28 19:19:16
OF-2024-04230,ART-S21,Soudure,45.5,Inox,Vert,44,MCH-09,ROBOT_CELL,2024-07-27 08:40:11,2024-07-27 10:47:03,38.4,done,2024-07-27 10:49:06
OF-2024-04231,ART-A06-MM,Assemblage,21.3,Acier,Noir,78,MCH-11,ROBOT_CELL,2024-03-17 14:41:49,2024-03-17 15:25:08,0.0,done,2024-03-17 15:27:59
OF-2024-04232,ART-A26,Assemblage,183.1,Inox,Rouge,19,MCH-10,ROBOT_CELL,2024-03-18 09:57:33,2024-03-18 10:38:56,10.7,done,2024-03-18 10:39:50
OF-2024-04233,ART-U28,Usinage,115.2,Aluminium,Bleu,20,MCH-02,CNC_FAST,2024-08-04 14:34:18,2024-08-04 15:11:01,0.0,done,2024-08-04 15:12:36
OF-2024-04234,ART-U28,Usinage,115.2,Aluminium,Bleu,75,MCH-03,CNC_STD,2024-01-11 20:30:04,2024-01-11 22:41:03,0.0,done,2024-01-11 22:42:37
OF-2024-04235,ART-A26,Assemblage,183.1,Inox,Rouge,59,MCH-03,CNC_STD,2024-07-09 10:03:49,2024-07-09 11:55:15,8.4,done,2024-07-09 11:59:00
OF-2024-04236,ART-F11,Finition,147.9,Acier,Gris,26,MCH-06,MANUAL,2024-02-15 10:38:04,2024-02-15 11:23:33,0.0,done,2024-02-15 11:25:49
OF-2024-04237,ART-A18,Assemblage,15.6,Inox,Rouge,289,MCH-04,CNC_STD,2024-01-04 08:14:06,2024-01-04 11:32:54,0.0,done,2024-01-04 11:36:50
OF-2024-04238,ART-F11,Finition,147.9,Acier,Gris,60,MCH-02,CNC_FAST,2024-06-25 12:25:48,2024-06-25 13:08:45,0.0,done,2024-06-25 13:11:49
OF-2024-04239,ARTU20,Usinage,23.4,Titane,Rouge,20,MCH-04,CNC_STD,2024-08-10 20:06:04,2024-08-10 20:55:41,16.0,done,2024-08-10 20:59:42
OF-2024-04240,ART-S29,Soudure,90.9,Aluminium,Vert,74,MCH-06,MANUAL,2024-05-15 21:07:21,2024-05-16 02:32:24,75.9,done,2024-05-16 02:34:23
OF-2024-04241,ART-U04,Usinage,186.4,Inox,Rouge,58,MCH-02,CNC_FAST,2024-05-16 14:04:21,2024-05-16 16:29:24,14.9,done,2024-05-16 16:31:37
OF-2024-04242,ART-F27,Finition,162.2,Titane,Rouge,30,MCH-01,CNC_FAST,2024-01-15 18:16:26,2024-01-15 18:57:04,0.0,done,2024-01-15 19:01:15
OF-2024-04243,ART-S05,Soudure,38.9,Acier,Vert,52,MCH-10,ROBOT_CELL,2024-02-07 20:34:25,2024-02-07 22:11:53,33.6,done,2024-02-07 22:14:16
OF-2024-04244,art-s05,Soudure,38.9,Acier,Vert,198,MCH-09,ROBOT_CELL,2024-06-20 06:10:35,2024-06-20 10:42:35,25.6,done,2024-06-20 10:45:54
OF-2024-04245,ART-S29,Soudure,90.9,Aluminium,Vert,190,MCH-11,ROBOT_CELL,2024-08-16 13:27:11,2024-08-16 22:06:36,166.9,done,2024-08-16 22:08:43
OF-2024-04246,ART-U04,Usinage,186.4,Inox,Rouge,9,MCH-03,CNC_STD,2024-07-09 13:07:22,2024-07-09 14:05:19,7.2,done,2024-07-09 14:07:23
OF-2024-04247,ART-U32,Usinage,131.7,Aluminium,Gris,68,MCH-02,CNC_FAST,2024-04-07 18:10:43,2024-04-07 19:47:18,0.0,done,2024-04-07 19:52:09
OF-2024-04248,ART-U16,Usinage,144.1,Aluminium,Noir,5,MCH-02,CNC_FAST,2024-05-24 20:21:33,2024-05-24 20:44:05,0.0,done,2024-05-24 20:44:50
OF-2024-04249,ART-F11,Finition,147.9,Acier,Gris,77,MCH-02,CNC_FAST,2024-05-17 14:32:13,2024-05-17 15:20:49,0.0,done,2024-05-17 15:21:39
OF-2024-04250,ART-U16,Usinage,144.1,Aluminium,Noir,19,MCH-05,CNC_STD,2024-01-14 15:12:16,2024-01-14 16:21:31,20.9,done,2024-01-14 16:26:29
OF-2024-04251,ART-F03,Finition,55.9,Titane,Jaune,110,MCH-06,MANUAL,2024-02-22 10:49:22,2024-02-22 13:58:10,57.5,done,2024-02-22 14:02:36
OF-2024-04252,ART-U08,Usinage,22.6,Inox,Noir,338,MCH-03,CNC_STD,2024-02-05 15:42:14,2024-02-05 22:37:22,127.4,done,2024-02-05 22:40:57
OF-2024-04253,ART-S29,Soudure,90.9,Aluminium,Vert,15,MCH-10,ROBOT_CELL,2024-04-01 11:04:38,,0.0,running,2024-04-01 11:58:15
OF-2024-04254,ART-S21,Soudure,45.5,Inox,Vert,18,MCH-10,ROBOT_CELL,2024-01-01 13:45:24,2024-01-01 14:40:26,0.0,done,2024-01-01 14:41:16
OF-2024-04255,ART-U32,Usinage,131.7,Aluminium,Gris,60,MCH-01,CNC_FAST,2024-04-01 15:33:59,2024-04-01 17:01:22,8.4,done,2024-04-01 17:05:36
OF-2024-04256,ART-S37,Soudure,181.1,Acier,Gris,386,MCH-11,ROBOT_CELL,2024-01-03 15:06:03,2024-01-04 20:34:22,578.8,done,2024-01-04 20:35:02
OF-2024-04257,ART-S09,Soudure,11.4,Acier,Jaune,191,MCH-07,MANUAL,29/04/2024 20:58,30/04/2024 02:12,0.0,done,30/04/2024 02:14
OF-2024-04258,ART-A06,Assemblage,21.3,Acier,Noir,218,MCH-03,CNC_STD,2024-03-26 12:48:57,2024-03-26 14:23:45,0.0,done,2024-03-26 14:28:29
OF-2024-04259,ART-S25,Soudure,151.9,Acier,Bleu,33,MCH-07,MANUAL,01/01/2024 10:13,01/01/2024 15:38,0.0,done,01/01/2024 15:39
OF-2024-04260,ART-S09,Soudure,11.4,Acier,Jaune,25,MCH-10,ROBOT_CELL,2024-01-23 13:50:25,2024-01-23 14:33:00,0.0,done,2024-01-23 14:37:40
OF-2024-04261,ART-F15,Finition,196.8,Titane,Jaune,40,MCH-02,CNC_FAST,2024-08-23 19:19:45,2024-08-23 20:20:26,7.9,done,2024-08-23 20:24:13
OF-2024-04262,ART-A26,Assemblage,183.1,Inox,Rouge,24,MCH-09,ROBOT_CELL,2024-07-15 11:21:10,2024-07-15 12:24:02,0.0,done,2024-07-15 12:27:02
OF-2024-04263,ART-A02,Assemblage,36.9,Aluminium,Vert,65,MCH-04,CNC_STD,2024-05-17 11:06:09,2024-05-17 11:49:33,0.0,done,2024-05-17 11:52:27
OF-2024-04264,ART-U28,Usinage,115.2,Aluminium,Bleu,133,MCH-03,CNC_STD,2024-04-30 08:14:10,2024-04-30 11:21:54,0.0,done,2024-04-30 11:25:09
OF-2024-04265,ART-S09,Soudure,11.4,Acier,Jaune,32,MCH-07,MANUAL,03/02/2024 10:06,03/02/2024 11:46,0.0,done,03/02/2024 11:50
OF-2024-04266,ART-S25,Soudure,151.9,Acier,Bleu,70,MCH-08,MANUAL,2024-03-25 12:28:44,2024-03-25 20:41:32,142.6,done,2024-03-25 20:45:28
OF-2024-04267,ART-U04,Usinage,186.4,Inox,Rouge,370,MCH-01,CNC_FAST,2024-03-04 11:35:59,2024-03-05 03:57:38,288.6,done,2024-03-05 04:02:23
OF-2024-04268,ART-S29,Soudure,90.9,Aluminium,Vert,76,MCH-08,MANUAL,2024-05-24 12:23:18,2024-05-24 17:32:08,37.3,done,2024-05-24 17:35:44
OF-2024-04269,ART-U04,Usinage,186.4,Inox,Rouge,26,MCH-01,CNC_FAST,2024-07-01 06:01:16,2024-07-01 07:33:18,0.0,done,2024-07-01 07:37:59
OF-2024-04270,ART-S13,Soudure,74.7,Acier,Jaune,66,MCH-11,ROBOT_CELL,2024-04-21 21:20:10,2024-04-21 23:58:11,0.0,done,2024-04-22 00:02:26
OF-2024-04271,ART-A14,Assemblage,190.7,Acier,Noir,384,MCH-11,ROBOT_CELL,2024-01-12 09:17:30,2024-01-12 18:33:23,0.0,done,2024-01-12 18:34:43
OF-2024-04272,ART-F11,Finition,147.9,Acier,Gris,53,MCH-01,CNC_FAST,2024-03-15 18:49:01,2024-03-15 19:28:36,9.0,done,2024-03-15 19:31:10
OF-2024-04273,ART-F15,Finition,196.8,Titane,Jaune,29,MCH-08,MANUAL,2024-07-26 21:15:49,2024-07-26 22:43:39,9.4,done,2024-07-26 22:44:35
OF-2024-04274,ART-U00,Usinage,184.0,Inox,Jaune,8,MCH-04,CNC_STD,2024-03-28 16:56:17,2024-03-28 23:29:31,0.0,done,2024-03-28 23:32:52
OF-2024-04275,ART-U04,Usinage,186.4,Inox,Rouge,71,MCH-05,CNC_STD,2024-03-17 14:32:14,2024-03-17 19:51:50,0.0,done,2024-03-17 19:52:27
OF-2024-04276,  ART-U32 ,Usinage,131.7,Aluminium,Gris,68,MCH-04,CNC_STD,2024-03-27 11:51:08,2024-03-28 11:14:26,0.0,done,2024-03-28 11:14:56
OF-2024-04277,ART-U32,Usinage,131.7,Aluminium,Gris,71,MCH-03,CNC_STD,2024-07-03 07:04:32,2024-07-03 09:35:29,24.2,done,2024-07-03 09:39:14
OF-2024-04278,ART-U20,Usinage,23.4,Titane,Rouge,209,MCH-03,CNC_STD,2024-04-11 10:53:27,2024-04-11 16:19:27,0.0,done,2024-04-11 16:22:48
OF-2024-04279,ART-S21,Soudure,45.5,Inox,Vert,331,MCH-09,ROBOT_CELL,2024-08-27 12:10:12,2024-08-27 23:26:06,0.0,done,2024-08-27 23:29:50
OF-2024-04280,ART-U20,Usinage,23.4,Titane,Rouge,62,MCH-05,CNC_STD,2024-04-25 09:28:22,2024-04-25 11:09:52,25.4,done,2024-04-25 11:11:25
OF-2024-04281,ART-U28,Usinage,115.2,Aluminium,Bleu,21,MCH-02,CNC_FAST,2024-08-19 19:48:09,,4.7,aborted,2024-08-19 20:33:41
OF-2024-04282,ART-A02,Assemblage,36.9,Aluminium,Vert,75,MCH-11,ROBOT_CELL,2024-02-21 19:12:03,2024-02-21 19:48:18,12.2,done,2024-02-21 19:49:46
OF-2024-04283,ART-U32,Usinage,131.7,Aluminium,Gris,316,MCH-03,CNC_STD,2024-08-15 20:09:32,2024-08-16 06:24:25,0.0,done,2024-08-16 06:27:14
OF-2024-04284,art-f19,Finition,100.8,Aluminium,Gris,64,MCH-06,MANUAL,2024-08-06 06:37:46,2024-08-06 07:45:40,0.0,done,2024-08-06 07:49:02
OF-2024-04285,ART-F15,Finition,196.8,Titane,Jaune,377,MCH-01,CNC_FAST,2024-08-13 07:39:07,2024-08-13 16:56:10,0.0,done,2024-08-13 17:00:27
OF-2024-04286,ART-A26,Assemblage,183.1,Inox,Rouge,61,MCH-09,ROBOT_CELL,2024-03-21 17:02:37,2024-03-21 19:00:06,0.0,done,2024-03-21 19:03:24
OF-2024-04287,ART-S17,Soudure,16.0,Acier,Bleu,11,MCH-07,MANUAL,08/05/2024 19:08,08/05/2024 19:47,0.0,done,08/05/2024 19:51
OF-2024-04288,ART-U08-MM,Usinage,22.6,Inox,Noir,38,MCH-05,CNC_STD,2024-03-29 07:06:13,2024-03-29 07:49:58,0.0,done,2024-03-29 07:52:36
OF-2024-04289,ART-U24,Usinage,173.0,Aluminium,Vert,268,MCH-03,CNC_STD,2024-06-20 11:13:15,2024-06-20 18:52:12,125.2,done,2024-06-20 18:56:03
OF-2024-04290,ART-U04,Usinage,186.4,Inox,Rouge,37,MCH-04,CNC_STD,2024-04-20 13:04:02,2024-04-20 15:40:53,0.0,done,2024-04-20 15:45:16
OF-2024-04291,  ART-U32 ,Usinage,131.7,Aluminium,Gris,35,MCH-04,CNC_STD,2024-03-06 17:57:49,2024-03-06 19:20:10,7.0,done,2024-03-06 19:22:08
OF-2024-04292,ART-A10,Assemblage,48.9,Aluminium,Jaune,19,MCH-06,MANUAL,2024-03-20 12:30:52,,0.0,aborted,2024-03-20 13:10:18
OF-2024-04293,ART-S09,Soudure,11.4,Acier,Jaune,21,MCH-06,MANUAL,2024-06-26 20:54:23,2024-06-26 21:53:53,3.1,done,2024-06-26 21:58:47
OF-2024-04294,ART-U04,Usinage,186.4,Inox,Rouge,18,MCH-03,CNC_STD,2024-02-19 20:31:07,2024-02-19 20:30:07,0.0,done,2024-02-19 22:05:20
OF-2024-04295,ART-A02,Assemblage,36.9,Aluminium,Vert,51,MCH-07,MANUAL,13/04/2024 07:33,13/04/2024 08:21,4.9,done,13/04/2024 08:22
OF-2024-04296,ART-U04,Usinage,186.4,Inox,Rouge,41,MCH-03,CNC_STD,2024-01-22 08:07:20,2024-01-22 11:19:55,15.0,done,2024-01-22 11:24:46
OF-2024-04297,ART-S25,Soudure,151.9,Acier,Bleu,57,MCH-09,ROBOT_CELL,2024-01-31 11:46:29,2024-01-31 16:01:20,0.0,done,2024-01-31 16:03:50
OF-2024-04298,ART-U28,Usinage,115.2,Aluminium,Bleu,294,MCH-04,CNC_STD,2024-05-31 17:57:30,2024-06-01 00:23:29,0.0,done,2024-06-01 00:25:56
OF-2024-04299,ARTS05,Soudure,38.9,Acier,Vert,30,MCH-09,ROBOT_CELL,2024-05-25 20:49:31,2024-05-25 21:34:32,0.0,done,2024-05-25 21:36:03
OF-2024-04300,  ART-U16 ,Usinage,144.1,Aluminium,Noir,6,MCH-01,CNC_FAST,2024-08-16 08:17:51,2024-08-16 08:42:20,1.2,done,2024-08-16 08:46:50
OF-2024-04301,ART-F11,Finition,147.9,Acier,Gris,15,MCH-07,MANUAL,23/03/2024 12:14,23/03/2024 12:48,0.0,done,23/03/2024 12:50
OF-2024-04302,ART-U16,Usinage,144.1,Aluminium,Noir,10,MCH-02,CNC_FAST,2024-04-21 08:34:46,2024-04-21 08:59:29,0.0,done,2024-04-21 09:00:22
OF-2024-04303,ART-A26,Assemblage,183.1,Inox,Rouge,53,MCH-11,ROBOT_CELL,2024-04-10 13:12:30,2024-04-10 14:48:24,26.7,done,2024-04-10 14:48:57
OF-2024-04304,ART-A26,Assemblage,183.1,Inox,Rouge,179,MCH-07,MANUAL,20/05/2024 20:15,,0.0,aborted,21/05/2024 05:00
OF-2024-04305,ART-U08,Usinage,22.6,Inox,Noir,19,MCH-02,CNC_FAST,2024-06-14 07:38:54,2024-06-14 07:57:46,0.0,done,2024-06-14 08:00:23
OF-2024-04306,ART-A06-MM,Assemblage,21.3,Acier,Noir,32,MCH-07,MANUAL,26/06/2024 10:22,26/06/2024 10:56,0.0,done,26/06/2024 11:00
OF-2024-04307,ART-U00,Usinage,184.0,Inox,Jaune,5,MCH-01,CNC_FAST,2024-08-19 15:10:28,2024-08-19 15:33:36,4.5,done,2024-08-19 15:38:02
OF-2024-04308,ART-U04,Usinage,186.4,Inox,Rouge,333,MCH-02,CNC_FAST,2024-03-11 16:25:42,2024-03-12 08:23:35,266.7,done,2024-03-12 08:27:07
OF-2024-04309,ART-A26,Assemblage,183.1,Inox,Rouge,161,MCH-06,MANUAL,2024-05-05 13:20:58,2024-05-05 20:47:12,0.0,done,2024-05-05 20:50:18
OF-2024-04310,ART-F31,Finition,25.3,Inox,Gris,24,MCH-01,CNC_FAST,2024-08-27 18:48:18,2024-08-27 19:03:31,0.0,done,2024-08-27 19:04:17
OF-2024-04311,ART-U08-MM,Usinage,22.6,Inox,Noir,39,MCH-01,CNC_FAST,2024-08-05 13:53:48,2024-08-05 14:30:30,3.2,done,2024-08-05 14:32:28
OF-2024-04312,ART-U28,Usinage,115.2,Aluminium,Bleu,42,MCH-05,CNC_STD,2024-03-17 12:41:30,2024-03-17 14:08:30,6.9,done,2024-03-17 14:12:35
OF-2024-04313,ART-A10,Assemblage,48.9,Aluminium,Jaune,60,MCH-04,CNC_STD,2024-04-05 08:06:57,2024-04-05 09:06:05,0.0,done,2024-04-05 09:07:34
OF-2024-04314,ART-F15,Finition,196.8,Titane,Jaune,5,MCH-01,CNC_FAST,2024-03-22 17:13:33,2024-03-22 17:29:36,0.0,done,2024-03-22 17:33:31
OF-2024-04315,ART-A06,Assemblage,21.3,Acier,Noir,32,MCH-07,MANUAL,13/07/2024 13:09,13/07/2024 13:45,0.0,done,13/07/2024 13:47
OF-2024-04316,ART-S13,Soudure,74.7,Acier,Jaune,62,MCH-10,ROBOT_CELL,2024-02-03 07:10:01,2024-02-03 10:05:48,0.0,done,2024-02-03 10:07:12
OF-2024-04317,ART-A22,Assemblage,105.9,Aluminium,Noir,48,MCH-08,MANUAL,2024-04-20 08:33:26,2024-04-20 09:45:17,0.0,done,2024-04-20 09:46:41
OF-2024-04318,ART-A10,Assemblage,48.9,Aluminium,Jaune,28,MCH-04,CNC_STD,2024-03-23 15:59:06,2024-03-23 19:46:44,68.2,done,2024-03-23 19:47:31
OF-2024-04319,ART-U16,Usinage,144.1,Aluminium,Noir,62,MCH-05,CNC_STD,2024-02-25 11:06:41,2024-02-25 13:45:59,0.0,done,2024-02-25 13:50:52
OF-2024-04320,ART-U32,Usinage,131.7,Aluminium,Gris,307,MCH-01,CNC_FAST,2024-03-14 21:11:18,2024-03-15 03:04:32,0.0,done,2024-03-15 03:08:18
OF-2024-04321,ART-S09,Soudure,11.4,Acier,Jaune,40,MCH-10,ROBOT_CELL,2024-03-26 11:33:53,2024-03-26 12:49:25,12.0,done,2024-03-26 12:53:28
OF-2024-04322,ART-U00,Usinage,184.0,Inox,Jaune,182,MCH-04,CNC_STD,2024-02-13 14:42:43,2024-02-14 01:36:52,195.0,done,2024-02-14 01:38:16
OF-2024-04323,ART-U32,Usinage,131.7,Aluminium,Gris,279,MCH-05,CNC_STD,2024-04-20 20:15:08,2024-04-21 03:43:32,0.0,done,2024-04-21 03:46:00
OF-2024-04324,ART-U00,Usinage,184.0,Inox,Jaune,173,MCH-02,CNC_FAST,2024-06-17 07:54:44,2024-06-17 13:50:20,51.9,done,2024-06-17 13:55:13
OF-2024-04325,ART-F11,Finition,147.9,Acier,Gris,23,MCH-02,CNC_FAST,2024-03-20 16:19:36,2024-03-20 16:41:39,5.1,done,2024-03-20 16:45:45
OF-2024-04326,ART-S13,Soudure,74.7,Acier,Jaune,288,MCH-08,MANUAL,2024-01-28 13:08:10,2024-01-29 13:04:25,0.0,done,2024-01-29 13:08:00
OF-2024-04327,ART-U28,Usinage,115.2,Aluminium,Bleu,52,MCH-02,CNC_FAST,2024-05-31 06:31:17,2024-05-31 07:50:30,0.0,done,2024-05-31 07:54:49
OF-2024-04328,ART-F07,Finition,147.0,Acier,Gris,222,MCH-06,MANUAL,2024-03-02 21:10:08,2024-03-03 02:26:41,79.3,done,2024-03-03 02:27:14
OF-2024-04329,ART-U00,Usinage,184.0,Inox,Jaune,59,MCH-01,CNC_FAST,2024-06-10 11:24:55,2024-06-10 14:02:28,0.0,done,2024-06-10 14:05:30
OF-2024-04330,ART-U24,Usinage,173.0,Aluminium,Vert,356,MCH-02,CNC_FAST,2024-01-23 15:22:01,2024-01-24 02:08:02,0.0,done,2024-01-24 02:10:22
OF-2024-04331,ART-S09,Soudure,11.4,Acier,Jaune,61,MCH-10,ROBOT_CELL,2024-06-29 07:50:35,2024-06-29 09:13:28,10.9,done,2024-06-29 09:18:27
OF-2024-04332,ART-U24,Usinage,173.0,Aluminium,Vert,24,MCH-01,CNC_FAST,2024-08-24 18:32:12,2024-08-24 19:30:01,12.3,done,2024-08-24 19:34:12
OF-2024-04333,ART-F07,Finition,147.0,Acier,Gris,22,MCH-01,CNC_FAST,2024-08-07 08:08:19,2024-08-07 08:26:18,0.0,done,2024-08-07 08:31:17
OF-2024-04334,ART-A06,Assemblage,21.3,Acier,Noir,6,MCH-04,CNC_STD,2024-02-07 09:49:51,2024-02-07 09:59:27,0.0,done,2024-02-07 10:03:53
OF-2024-04335,ART-A22,Assemblage,105.9,Aluminium,Noir,33,MCH-10,ROBOT_CELL,2024-06-02 08:49:29,2024-06-02 09:19:46,0.0,done,2024-06-02 09:21:16
OF-2024-04336,ARTA06,Assemblage,21.3,Acier,Noir,320,MCH-07,MANUAL,02/08/2024 07:15,02/08/2024 11:23,0.0,done,02/08/2024 11:27
OF-2024-04337,ART-A02,Assemblage,36.9,Aluminium,Vert,79,MCH-07,MANUAL,07/03/2024 17:50,07/03/2024 19:06,0.0,done,07/03/2024 19:08
OF-2024-04338,ART-S29,Soudure,90.9,Aluminium,Vert,390,MCH-09,ROBOT_CELL,2024-05-09 08:01:41,2024-05-10 00:06:12,0.0,done,2024-05-10 00:10:59
OF-2024-04339,ART-U28,Usinage,115.2,Aluminium,Bleu,61,MCH-04,CNC_STD,2024-03-28 14:59:49,2024-03-29 10:09:01,0.0,done,2024-03-29 10:12:21
OF-2024-04340,ART-U08,Usinage,22.6,Inox,Noir,14,MCH-01,CNC_FAST,2024-06-22 16:37:43,2024-06-22 16:51:42,1.8,done,2024-06-22 16:53:56
OF-2024-04341,ART-U04,Usinage,186.4,Inox,Rouge,49,MCH-05,CNC_STD,2024-03-09 11:38:08,,46.3,running,2024-03-09 15:19:59
OF-2024-04342,ART-S29,Soudure,90.9,Aluminium,Vert,27,MCH-07,MANUAL,29/04/2024 11:09,29/04/2024 13:43,0.0,done,29/04/2024 13:46
OF-2024-04343,ART-A18,Assemblage,15.6,Inox,Rouge,20,MCH-09,ROBOT_CELL,2024-04-10 08:22:11,2024-04-10 08:34:26,0.0,done,2024-04-10 08:36:01
OF-2024-04344,ART-F27,Finition,162.2,Titane,Rouge,152,MCH-01,CNC_FAST,2024-01-10 13:34:02,2024-01-10 13:34:02,0.0,done,2024-01-10 16:38:34
OF-2024-04345,ART-U20,Usinage,23.4,Titane,Rouge,136,MCH-04,CNC_STD,2024-04-24 18:43:02,,0.0,running,2024-04-24 22:14:49
OF-2024-04346,ARTA06,Assemblage,21.3,Acier,Noir,276,MCH-05,CNC_STD,2024-04-18 12:04:13,2024-04-18 14:19:02,9.9,done,2024-04-18 14:19:39
OF-2024-04347,  ART-U32 ,Usinage,131.7,Aluminium,Gris,70,MCH-01,CNC_FAST,2024-05-01 21:33:14,2024-05-01 22:48:26,0.0,done,2024-05-01 22:50:22
OF-2024-04348,ART-A06-MM,Assemblage,21.3,Acier,Noir,60,MCH-10,ROBOT_CELL,2024-07-08 19:30:11,2024-07-08 20:02:10,8.2,done,2024-07-08 20:04:06
OF-2024-04349,ART-U04,Usinage,186.4,Inox,Rouge,71,MCH-05,CNC_STD,2024-03-26 19:51:07,2024-03-27 00:23:43,0.0,done,2024-03-27 00:26:40
OF-2024-04350,ART-U04,Usinage,186.4,Inox,Rouge,256,MCH-04,CNC_STD,2024-02-11 11:14:02,2024-02-12 04:49:38,0.0,done,2024-02-12 04:52:18
OF-2024-04351,ART-F19,Finition,100.8,Aluminium,Gris,78,MCH-02,CNC_FAST,2024-01-03 14:41:40,2024-01-03 15:32:45,11.0,done,2024-01-03 15:36:17
OF-2024-04352,ARTU20,Usinage,23.4,Titane,Rouge,379,MCH-02,CNC_FAST,2024-07-08 11:14:13,2024-07-08 16:35:07,0.0,done,2024-07-08 16:36:19
OF-2024-04353,ART-F03,Finition,55.9,Titane,Jaune,57,MCH-08,MANUAL,2024-05-19 13:08:02,2024-05-19 14:43:04,0.0,done,2024-05-19 14:45:21
OF-2024-04354,ART-U28,Usinage,115.2,Aluminium,Bleu,306,MCH-04,CNC_STD,2024-03-18 15:27:46,2024-03-18 22:31:40,0.0,done,2024-03-18 22:34:44
OF-2024-04355,ART-F15,Finition,196.8,Titane,Jaune,26,MCH-01,CNC_FAST,2024-08-18 19:27:05,2024-08-18 20:15:49,15.3,done,2024-08-18 20:18:42
OF-2024-04356,ART-U20,Usinage,23.4,Titane,Rouge,388,MCH-02,CNC_FAST,2024-02-26 17:25:04,2024-02-26 23:28:58,0.0,done,2024-02-26 23:31:37
OF-2024-04357,ART-F15,Finition,196.8,Titane,Jaune,15,MCH-07,MANUAL,26/05/2024 11:33,26/05/2024 12:28,0.0,done,26/05/2024 12:29
OF-2024-04358,  ART-U32 ,Usinage,131.7,Aluminium,Gris,271,MCH-02,CNC_FAST,2024-02-02 16:58:46,2024-02-03 00:46:12,110.4,done,2024-02-03 00:47:54
OF-2024-04359,ART-S09,Soudure,11.4,Acier,Jaune,33,MCH-08,MANUAL,2024-08-13 21:26:09,2024-08-13 22:40:16,0.0,done,2024-08-13 22:43:22
OF-2024-04360,ART-S29,Soudure,90.9,Aluminium,Vert,220,MCH-09,ROBOT_CELL,2024-03-31 12:56:53,2024-03-31 21:45:48,0.0,done,2024-03-31 21:48:30
OF-2024-04361,ART-A26,Assemblage,183.1,Inox,Rouge,19,MCH-06,MANUAL,2024-07-19 18:29:28,2024-07-19 19:45:01,8.1,done,2024-07-19 19:49:13
OF-2024-04362,ART-A26,Assemblage,183.1,Inox,Rouge,150,MCH-07,MANUAL,17/08/2024 16:37,17/08/2024 23:58,128.4,done,17/08/2024 23:59
OF-2024-04363,ART-U24,Usinage,173.0,Aluminium,Vert,74,MCH-01,CNC_FAST,2024-02-08 08:08:28,2024-02-08 10:06:24,6.7,done,2024-02-08 10:08:08
OF-2024-04364,ART-S13,Soudure,74.7,Acier,Jaune,214,MCH-06,MANUAL,2024-02-11 09:12:44,2024-02-11 23:10:10,235.8,done,2024-02-11 23:13:54
OF-2024-04365,ART-U32,Usinage,131.7,Aluminium,Gris,30,MCH-03,CNC_STD,2024-05-29 20:54:16,2024-05-29 22:07:13,0.0,done,2024-05-29 22:10:04
OF-2024-04366,ART-S33,Soudure,195.1,Inox,Gris,40,MCH-08,MANUAL,2024-03-08 17:15:56,2024-03-08 23:11:57,29.6,done,2024-03-08 23:14:50
OF-2024-04367,ART-F27,Finition,162.2,Titane,Rouge,282,MCH-06,MANUAL,2024-01-12 12:39:24,2024-01-12 22:44:56,125.4,done,2024-01-12 22:49:24
OF-2024-04368,ART-A02,Assemblage,36.9,Aluminium,Vert,45,MCH-04,CNC_STD,2024-04-23 19:37:01,2024-04-23 20:10:47,11.0,done,2024-04-23 20:12:13
OF-2024-04369,ART-A22,Assemblage,105.9,Aluminium,Noir,15,MCH-07,MANUAL,25/07/2024 07:41,25/07/2024 08:25,0.0,done,25/07/2024 08:29
OF-2024-04370,ART-F31,Finition,25.3,Inox,Gris,61,MCH-01,CNC_FAST,2024-06-08 08:35:34,2024-06-08 08:56:41,0.0,done,2024-06-08 08:58:40
OF-2024-04371,ART-A26,Assemblage,183.1,Inox,Rouge,15,MCH-03,CNC_STD,2024-08-30 06:44:19,2024-08-30 07:18:50,10.3,done,2024-08-30 07:23:14
OF-2024-04372,ART-U20,Usinage,23.4,Titane,Rouge,44,MCH-02,CNC_FAST,2024-06-14 20:38:31,2024-06-14 21:33:10,0.0,done,2024-06-14 21:38:05
OF-2024-04373,ART-U28,Usinage,115.2,Aluminium,Bleu,44,MCH-03,CNC_STD,2024-04-29 11:21:10,2024-04-29 12:55:26,0.0,done,2024-04-29 12:56:21
OF-2024-04374,  ART-U32 ,Usinage,131.7,Aluminium,Gris,283,MCH-02,CNC_FAST,2024-04-04 18:17:48,2024-04-05 00:24:11,0.0,done,2024-04-05 00:26:04
OF-2024-04375,ART-U00,Usinage,184.0,Inox,Jaune,321,MCH-04,CNC_STD,2024-06-17 08:33:58,2024-06-18 00:52:17,0.0,done,2024-06-18 00:56:54
OF-2024-04376,ART-F15,Finition,196.8,Titane,Jaune,395,MCH-01,CNC_FAST,2024-04-06 07:18:03,2024-04-06 15:15:20,60.1,done,2024-04-06 15:17:17
OF-2024-04377,ART-A18,Assemblage,15.6,Inox,Rouge,51,MCH-05,CNC_STD,2024-08-19 16:39:09,2024-08-19 17:13:26,6.3,done,2024-08-19 17:16:26
OF-2024-04378,ART-A30,Assemblage,130.4,Acier,Gris,22,MCH-08,MANUAL,2024-08-19 12:46:46,2024-08-19 13:56:12,12.7,done,2024-08-19 13:57:11
OF-2024-04379,ART-S09,Soudure,11.4,Acier,Jaune,65,MCH-09,ROBOT_CELL,2024-01-28 13:26:20,2024-01-28 14:53:11,22.1,done,2024-01-28 14:57:25
OF-2024-04380,ART-U32,Usinage,131.7,Aluminium,Gris,77,MCH-02,CNC_FAST,2024-07-29 18:07:53,2024-07-29 19:58:38,0.0,done,2024-07-29 20:02:09
OF-2024-04381,ART-A26,Assemblage,183.1,Inox,Rouge,219,MCH-06,MANUAL,2024-04-05 14:29:57,2024-04-06 00:59:43,0.0,done,2024-04-06 01:04:31
OF-2024-04382,ART-U32,Usinage,131.7,Aluminium,Gris,146,MCH-02,CNC_FAST,2024-06-20 12:12:12,2024-06-20 15:37:43,0.0,done,2024-06-20 15:39:22
OF-2024-04383,ART-S13,Soudure,74.7,Acier,Jaune,12,MCH-08,MANUAL,2024-01-05 09:39:38,2024-01-05 11:16:52,0.0,done,2024-01-05 11:17:47
OF-2024-04384,ART-U24,Usinage,173.0,Aluminium,Vert,75,MCH-02,CNC_FAST,2024-04-28 21:37:01,2024-04-28 23:15:41,0.0,done,2024-04-28 23:16:11
OF-2024-04385,ART-U24,Usinage,173.0,Aluminium,Vert,77,MCH-04,CNC_STD,2024-06-01 11:02:13,2024-06-01 13:42:50,16.2,done,2024-06-01 13:44:05
OF-2024-04386,ART-A02,Assemblage,36.9,Aluminium,Vert,397,MCH-03,CNC_STD,2024-08-11 15:17:57,2024-08-11 19:10:26,0.0,done,2024-08-11 19:12:12
OF-2024-04387,ART-A02,Assemblage,36.9,Aluminium,Vert,55,MCH-08,MANUAL,2024-05-16 16:52:19,2024-05-16 17:43:58,0.0,done,2024-05-16 17:45:06
OF-2024-04388,ARTS05,Soudure,38.9,Acier,Vert,60,MCH-07,MANUAL,09/06/2024 21:46,10/06/2024 00:38,0.0,done,10/06/2024 00:41
OF-2024-04389,ART-A26,Assemblage,183.1,Inox,Rouge,26,MCH-03,CNC_STD,2024-07-23 10:28:33,2024-07-23 11:45:14,0.0,done,2024-07-23 11:49:46
OF-2024-04390,ART-S05,Soudure,38.9,Acier,Vert,56,MCH-08,MANUAL,2024-05-24 12:46:27,2024-05-24 15:47:41,0.0,done,2024-05-24 15:48:25
OF-2024-04391,ART-S13,Soudure,74.7,Acier,Jaune,45,MCH-10,ROBOT_CELL,2024-03-28 11:54:23,2024-03-28 14:19:35,0.0,done,2024-03-28 14:23:55
OF-2024-04392,ART-S13,Soudure,74.7,Acier,Jaune,68,MCH-10,ROBOT_CELL,2024-04-15 08:40:23,2024-04-15 11:23:55,0.0,done,2024-04-15 11:27:51
OF-2024-04393,ART-U28,Usinage,115.2,Aluminium,Bleu,281,MCH-01,CNC_FAST,2024-02-14 18:22:49,2024-02-14 22:36:22,50.8,done,2024-02-14 22:39:07
OF-2024-04394,ART-U08,Usinage,22.6,Inox,Noir,70,MCH-05,CNC_STD,2024-05-08 19:50:48,2024-05-08 21:35:08,0.0,done,2024-05-08 21:38:58
OF-2024-04395,ART-F15,Finition,196.8,Titane,Jaune,206,MCH-08,MANUAL,2024-01-15 17:09:30,2024-01-16 03:13:26,0.0,done,2024-01-16 03:16:53
OF-2024-04396,ART-F19,Finition,100.8,Aluminium,Gris,355,MCH-01,CNC_FAST,2024-02-07 07:57:33,2024-02-07 11:09:52,15.4,done,2024-02-07 11:13:59
OF-2024-04397,ART-F31,Finition,25.3,Inox,Gris,42,MCH-06,MANUAL,2024-05-31 21:32:55,2024-05-31 22:26:02,0.0,done,2024-05-31 22:30:27
OF-2024-04398,ART-F15,Finition,196.8,Titane,Jaune,369,MCH-06,MANUAL,2024-01-15 13:03:05,2024-01-16 05:12:03,83.6,done,2024-01-16 05:15:22
OF-2024-04399,ART-U04,Usinage,186.4,Inox,Rouge,319,MCH-02,CNC_FAST,2024-07-27 21:50:51,2024-07-28 08:28:06,191.7,done,2024-07-28 08:32:36
OF-2024-04400,ART-A02,Assemblage,36.9,Aluminium,Vert,42,MCH-10,ROBOT_CELL,2024-02-06 13:15:18,2024-02-06 13:46:29,0.0,done,2024-02-06 13:48:10
OF-2024-04401,ART-U28,Usinage,115.2,Aluminium,Bleu,300,MCH-02,CNC_FAST,2024-05-24 09:02:00,2024-05-24 13:59:10,48.1,done,2024-05-24 13:59:53
OF-2024-04402,ART-U28,Usinage,115.2,Aluminium,Bleu,67,MCH-01,CNC_FAST,2024-08-28 22:01:59,2024-08-28 23:18:21,12.8,done,2024-08-28 23:19:30
OF-2024-04403,ART-S09,Soudure,11.4,Acier,Jaune,10,MCH-06,MANUAL,2024-08-02 11:53:02,2024-08-02 12:48:12,0.0,done,2024-08-02 12:49:26
OF-2024-04404,ART-F11,Finition,147.9,Acier,Gris,337,MCH-08,MANUAL,2024-05-17 11:49:21,2024-05-17 17:15:12,94.1,done,2024-05-17 17:16:25
OF-2024-04405,art-u32,Usinage,131.7,Aluminium,Gris,25,MCH-04,CNC_STD,2024-06-15 22:10:32,2024-06-15 23:23:43,22.8,done,2024-06-15 23:27:38
OF-2024-04406,ART-U20-MM,Usinage,23.4,Titane,Rouge,52,MCH-05,CNC_STD,2024-06-14 10:15:59,2024-06-14 11:46:25,0.0,done,2024-06-14 11:51:12
OF-2024-04407,ART-U28,Usinage,115.2,Aluminium,Bleu,67,MCH-02,CNC_FAST,2024-06-20 15:03:13,2024-06-20 16:24:19,0.0,done,2024-06-20 16:28:00
OF-2024-04408,ART-U28,Usinage,115.2,Aluminium,Bleu,59,MCH-02,CNC_FAST,2024-06-21 10:43:50,2024-06-21 11:55:48,6.8,done,2024-06-21 11:58:03
OF-2024-04409,ART-F27,Finition,162.2,Titane,Rouge,233,MCH-07,MANUAL,10/05/2024 15:38,10/05/2024 23:47,61.7,done,10/05/2024 23:50
OF-2024-04410,ART-U16,Usinage,144.1,Aluminium,Noir,5,MCH-05,CNC_STD,2024-04-19 07:03:55,2024-04-19 07:34:40,6.0,done,2024-04-19 07:37:11
OF-2024-04411,ART-U28,Usinage,115.2,Aluminium,Bleu,303,MCH-04,CNC_STD,2024-03-29 08:24:10,2024-03-31 03:16:09,0.0,done,2024-03-31 03:18:39
OF-2024-04412,ART-A06,Assemblage,21.3,Acier,Noir,64,MCH-06,MANUAL,2024-05-08 12:08:44,2024-05-08 12:59:08,0.0,done,2024-05-08 13:03:21
OF-2024-04413,ART-F19,Finition,100.8,Aluminium,Gris,41,MCH-02,CNC_FAST,2024-08-28 09:33:18,2024-08-28 09:59:02,0.0,done,2024-08-28 10:02:49
OF-2024-04414,ART-A26,Assemblage,183.1,Inox,Rouge,20,MCH-04,CNC_STD,2024-03-09 17:06:54,,14.9,running,2024-03-09 18:07:47
OF-2024-04415,ART-S13,Soudure,74.7,Acier,Jaune,67,MCH-07,MANUAL,19/06/2024 21:14,20/06/2024 02:55,84.9,done,20/06/2024 02:59
OF-2024-04416,ART-S13,Soudure,74.7,Acier,Jaune,10,MCH-09,ROBOT_CELL,2024-03-04 15:33:48,2024-03-04 16:15:47,0.0,done,2024-03-04 16:18:32
OF-2024-04417,ART-A26,Assemblage,183.1,Inox,Rouge,131,MCH-04,CNC_STD,2024-04-18 14:00:46,2024-04-18 18:27:17,0.0,done,2024-04-18 18:32:07
OF-2024-04418,ART-U20,Usinage,23.4,Titane,Rouge,110,MCH-03,CNC_STD,2024-05-23 08:38:59,2024-05-23 11:18:22,0.0,done,2024-05-23 11:20:30
OF-2024-04419,ARTF19,Finition,100.8,Aluminium,Gris,24,MCH-08,MANUAL,2024-05-09 15:27:36,,4.6,running,2024-05-09 16:06:15
OF-2024-04420,ART-A10,Assemblage,48.9,Aluminium,Jaune,54,MCH-07,MANUAL,24/01/2024 20:09,24/01/2024 21:15,0.0,done,24/01/2024 21:17
OF-2024-04421,ART-U04,Usinage,186.4,Inox,Rouge,6,MCH-01,CNC_FAST,2024-05-15 20:12:51,2024-05-15 20:46:49,0.0,done,2024-05-15 20:48:48
OF-2024-04422,ART-S13,Soudure,74.7,Acier,Jaune,77,MCH-06,MANUAL,2024-01-28 16:08:52,2024-01-28 23:08:40,0.0,done,2024-01-28 23:09:47
OF-2024-04423,ART-S13,Soudure,74.7,Acier,Jaune,32,MCH-08,MANUAL,2024-07-23 15:31:43,2024-07-23 18:19:19,0.0,done,2024-07-23 18:22:23
OF-2024-04424,ART-F15,Finition,196.8,Titane,Jaune,61,MCH-01,CNC_FAST,2024-03-29 11:21:11,2024-03-29 12:41:01,0.0,done,2024-03-29 12:43:33
OF-2024-04425,ART-F27,Finition,162.2,Titane,Rouge,34,MCH-02,CNC_FAST,2024-02-08 08:11:41,2024-02-08 08:51:55,7.6,done,2024-02-08 08:54:05
OF-2024-04426,ART-U16-MM,Usinage,144.1,Aluminium,Noir,6,MCH-01,CNC_FAST,2024-04-05 14:27:38,2024-04-05 14:53:32,0.0,done,2024-04-05 14:55:29
OF-2024-04427,ART-U16,Usinage,144.1,Aluminium,Noir,177,MCH-01,CNC_FAST,2024-04-02 08:18:41,2024-04-02 11:51:30,0.0,done,2024-04-02 11:53:46
OF-2024-04428,art-u32,Usinage,131.7,Aluminium,Gris,290,MCH-01,CNC_FAST,2024-08-11 21:32:16,2024-08-12 04:12:24,90.3,done,2024-08-12 04:16:51
OF-2024-04429,ART-A26,Assemblage,183.1,Inox,Rouge,34,MCH-05,CNC_STD,2024-08-09 09:52:54,2024-08-09 11:16:31,13.6,done,2024-08-09 11:20:15
OF-2024-04430,ART-U04,Usinage,186.4,Inox,Rouge,49,MCH-01,CNC_FAST,2024-08-07 07:44:52,2024-08-07 10:11:10,0.0,done,2024-08-07 10:13:42
OF-2024-04431,ART-F39,Finition,157.5,Titane,Jaune,285,MCH-01,CNC_FAST,2024-07-25 10:08:47,2024-07-25 14:44:45,0.0,done,2024-07-25 14:49:40
OF-2024-04432,ART-U04,Usinage,186.4,Inox,Rouge,36,MCH-02,CNC_FAST,2024-04-09 21:48:42,2024-04-09 23:29:41,23.0,done,2024-04-09 23:32:18
OF-2024-04433,ART-U00,Usinage,184.0,Inox,Jaune,5,MCH-02,CNC_FAST,2024-05-11 17:26:48,2024-05-11 17:49:10,0.0,done,2024-05-11 17:50:41
OF-2024-04434,ART-U32,Usinage,131.7,Aluminium,Gris,25,MCH-01,CNC_FAST,2024-05-17 12:13:51,2024-05-17 12:55:16,0.0,done,2024-05-17 13:00:15
OF-2024-04435,ART-S05,Soudure,38.9,Acier,Vert,52,MCH-07,MANUAL,03/04/2024 07:41,03/04/2024 10:21,14.8,done,03/04/2024 10:25
OF-2024-04436,ART-F15,Finition,196.8,Titane,Jaune,335,MCH-01,CNC_FAST,2024-02-18 06:11:04,2024-02-18 13:21:01,0.0,done,2024-02-18 13:22:18
OF-2024-04437,ART-U32,Usinage,131.7,Aluminium,Gris,34,MCH-03,CNC_STD,2024-01-31 17:01:23,2024-01-31 18:22:04,0.0,done,2024-01-31 18:23:00
OF-2024-04438,ART-U00,Usinage,184.0,Inox,Jaune,123,MCH-05,CNC_STD,2024-03-21 16:19:16,2024-03-21 22:13:36,58.1,done,2024-03-21 22:15:08
OF-2024-04439,ART-F27,Finition,162.2,Titane,Rouge,10,MCH-06,MANUAL,2024-08-10 07:48:59,2024-08-10 08:17:59,0.0,done,2024-08-10 08:19:16
OF-2024-04440,ART-U16,Usinage,144.1,Aluminium,Noir,70,MCH-01,CNC_FAST,2024-04-20 06:36:26,2024-04-20 08:26:14,37.5,done,2024-04-20 08:27:38
OF-2024-04441,ART-S13,Soudure,74.7,Acier,Jaune,34,MCH-10,ROBOT_CELL,2024-01-29 13:46:47,2024-01-29 15:20:31,0.0,done,2024-01-29 15:21:51
OF-2024-04442,ART-U28,Usinage,115.2,Aluminium,Bleu,161,MCH-01,CNC_FAST,2024-06-21 11:29:41,2024-06-21 14:34:49,0.0,done,2024-06-21 14:36:34
OF-2024-04443,ART-U32,Usinage,131.7,Aluminium,Gris,170,MCH-05,CNC_STD,2024-01-02 13:56:58,2024-01-02 21:10:25,0.0,done,2024-01-02 21:13:10
OF-2024-04444,ART-U28,Usinage,115.2,Aluminium,Bleu,55,MCH-03,CNC_STD,2024-03-14 09:40:11,2024-03-14 11:03:15,0.0,done,2024-03-14 11:07:19
OF-2024-04445,ART-A06-MM,Assemblage,21.3,Acier,Noir,207,MCH-03,CNC_STD,2024-03-03 06:20:34,2024-03-03 07:50:11,0.0,done,2024-03-03 07:54:37
OF-2024-04446,ART-A18,Assemblage,15.6,Inox,Rouge,261,MCH-10,ROBOT_CELL,2024-07-17 11:11:38,2024-07-17 13:19:36,22.5,done,2024-07-17 13:20:19
OF-2024-04447,ART-F11-MM,Finition,147.9,Acier,Gris,18,MCH-01,CNC_FAST,2024-07-29 15:41:30,2024-07-29 15:59:54,1.7,done,2024-07-29 16:02:44
OF-2024-04448,ART-S13,Soudure,74.7,Acier,Jaune,7,MCH-08,MANUAL,2024-02-10 07:42:22,2024-02-10 08:38:54,14.6,done,2024-02-10 08:42:11
OF-2024-04449,ART-S29,Soudure,90.9,Aluminium,Vert,51,MCH-12,ROBOT_CELL,2024-07-08 09:48:38,2024-07-08 12:10:38,0.0,done,2024-07-08 12:15:07
OF-2024-04450,ART-U04,Usinage,186.4,Inox,Rouge,49,MCH-01,CNC_FAST,2024-08-06 20:40:33,2024-08-06 23:05:22,0.0,done,2024-08-06 23:08:50
OF-2024-04451,ART-A06,Assemblage,21.3,Acier,Noir,61,MCH-05,CNC_STD,2024-02-22 15:48:33,2024-02-22 16:37:54,8.1,done,2024-02-22 16:38:55
OF-2024-04452,ART-S13,Soudure,74.7,Acier,Jaune,118,MCH-08,MANUAL,2024-08-29 21:47:42,2024-08-30 06:45:24,167.9,done,2024-08-30 06:49:30
OF-2024-04453,ART-U28,Usinage,115.2,Aluminium,Bleu,59,MCH-04,CNC_STD,2024-04-10 07:49:35,2024-04-10 09:29:42,0.0,done,2024-04-10 09:34:24
OF-2024-04454,ART-S29,Soudure,90.9,Aluminium,Vert,14,MCH-09,ROBOT_CELL,2024-01-02 06:27:24,2024-01-02 07:19:41,0.0,done,2024-01-02 07:20:17
OF-2024-04455,ART-U20,Usinage,23.4,Titane,Rouge,36,MCH-01,CNC_FAST,2024-07-03 07:01:07,2024-07-03 07:49:57,0.0,done,2024-07-03 07:54:56
OF-2024-04456,ART-S13,Soudure,74.7,Acier,Jaune,52,MCH-07,MANUAL,26/04/2024 13:41,26/04/2024 17:34,0.0,done,26/04/2024 17:36
OF-2024-04457,ART-A26,Assemblage,183.1,Inox,Rouge,135,MCH-10,ROBOT_CELL,2024-03-26 21:21:43,2024-03-27 01:03:23,58.9,done,2024-03-27 01:04:13
OF-2024-04458,ART-U20,Usinage,23.4,Titane,Rouge,343,MCH-01,CNC_FAST,2024-07-29 20:41:07,2024-07-30 03:36:53,0.0,done,2024-07-30 03:38:54
OF-2024-04459,ART-A26,Assemblage,183.1,Inox,Rouge,264,MCH-08,MANUAL,2024-05-14 11:39:39,2024-05-15 02:15:08,0.0,done,2024-05-15 02:17:31
OF-2024-04460,ART-A26,Assemblage,183.1,Inox,Rouge,22,MCH-10,ROBOT_CELL,2024-03-17 21:14:02,2024-03-17 22:08:37,4.3,done,2024-03-17 22:11:35
OF-2024-04461,ART-F15,Finition,196.8,Titane,Jaune,54,MCH-02,CNC_FAST,2024-03-08 13:51:02,2024-03-08 15:07:27,0.0,done,2024-03-08 15:09:36
OF-2024-04462,ART-S29,Soudure,90.9,Aluminium,Vert,51,MCH-10,ROBOT_CELL,2024-01-09 18:06:39,2024-01-09 20:44:00,22.2,done,2024-01-09 20:46:25
OF-2024-04463,ART-S29,Soudure,90.9,Aluminium,Vert,10,MCH-06,MANUAL,2024-03-23 15:50:42,2024-03-23 17:00:32,0.0,done,2024-03-23 17:03:22
OF-2024-04464,ART-A06,Assemblage,21.3,Acier,Noir,59,MCH-06,MANUAL,2024-06-06 21:03:58,2024-06-06 21:52:07,14.2,done,2024-06-06 21:55:54
OF-2024-04465,ART-U04,Usinage,186.4,Inox,Rouge,57,MCH-01,CNC_FAST,2024-04-19 16:57:36,2024-04-19 19:32:53,48.2,done,2024-04-19 19:34:12
OF-2024-04466,ART-A06,Assemblage,21.3,Acier,Noir,79,MCH-05,CNC_STD,2024-08-04 10:54:40,2024-08-04 11:45:28,0.0,done,2024-08-04 11:47:20
OF-2024-04467,ART-S29,Soudure,90.9,Aluminium,Vert,48,MCH-11,ROBOT_CELL,2024-03-24 10:13:27,2024-03-24 12:12:47,0.0,done,2024-03-24 12:13:41
OF-2024-04468,ART-S13,Soudure,74.7,Acier,Jaune,36,MCH-08,MANUAL,2024-03-19 13:54:55,2024-03-19 16:34:50,0.0,done,2024-03-19 16:37:53
OF-2024-04469,ART-S29,Soudure,90.9,Aluminium,Vert,238,MCH-10,ROBOT_CELL,2024-03-04 15:49:40,2024-03-05 00:59:32,0.0,done,2024-03-05 01:03:48
OF-2024-04470,ART-A06,Assemblage,21.3,Acier,Noir,34,MCH-10,ROBOT_CELL,2024-02-29 14:04:17,2024-02-29 14:27:32,0.0,done,2024-02-29 14:32:08
OF-2024-04471,ART-S33,Soudure,195.1,Inox,Gris,70,MCH-09,ROBOT_CELL,2024-06-16 19:57:42,2024-06-17 01:42:05,90.4,done,2024-06-17 01:46:41
OF-2024-04472,ARTA30,Assemblage,130.4,Acier,Gris,342,MCH-06,MANUAL,2024-08-19 06:54:50,2024-08-19 18:26:38,111.7,done,2024-08-19 18:28:10
OF-2024-04473,ART-A02,Assemblage,36.9,Aluminium,Vert,55,MCH-10,ROBOT_CELL,2024-03-09 21:52:28,2024-03-09 22:24:40,4.0,done,2024-03-09 22:25:13
OF-2024-04474,ART-U08,Usinage,22.6,Inox,Noir,37,MCH-02,CNC_FAST,2024-02-23 16:35:28,2024-02-23 17:08:50,0.0,done,2024-02-23 17:09:36
OF-2024-04475,ART-U00,Usinage,184.0,Inox,Jaune,72,MCH-05,CNC_STD,2024-02-14 09:55:48,2024-02-14 16:34:32,0.0,done,2024-02-14 16:38:47
OF-2024-04476,ART-S29,Soudure,90.9,Aluminium,Vert,26,MCH-07,MANUAL,27/07/2024 12:24,,0.0,running,27/07/2024 14:34
OF-2024-04477,ART-U32,Usinage,131.7,Aluminium,Gris,70,MCH-01,CNC_FAST,2024-01-28 13:14:37,2024-01-28 14:57:44,6.4,done,2024-01-28 15:00:35
OF-2024-04478,ART-F27,Finition,162.2,Titane,Rouge,23,MCH-07,MANUAL,12/07/2024 18:17,12/07/2024 19:18,21.1,done,12/07/2024 19:19
OF-2024-04479,ART-S29,Soudure,90.9,Aluminium,Vert,316,MCH-09,ROBOT_CELL,2024-03-20 13:21:40,2024-03-21 02:00:02,130.5,done,2024-03-21 02:01:30
OF-2024-04480,ARTU16,Usinage,144.1,Aluminium,Noir,126,MCH-02,CNC_FAST,2024-02-05 15:13:30,2024-02-05 18:04:59,21.5,done,2024-02-05 18:09:00
OF-2024-04481,ART-F11-MM,Finition,147.9,Acier,Gris,274,MCH-02,CNC_FAST,2024-02-07 06:16:10,2024-02-07 09:11:20,0.0,done,2024-02-07 09:16:06
OF-2024-04482,ART-F15,Finition,196.8,Titane,Jaune,19,MCH-08,MANUAL,2024-03-15 06:22:35,2024-03-15 07:31:18,0.0,done,2024-03-15 07:34:03
OF-2024-04483,ART-U16-MM,Usinage,144.1,Aluminium,Noir,53,MCH-04,CNC_STD,2024-01-16 06:50:23,2024-01-16 08:41:40,37.5,done,2024-01-16 08:43:43
OF-2024-04484,ART-F39,Finition,157.5,Titane,Jaune,79,MCH-08,MANUAL,2024-07-27 18:38:48,2024-07-27 21:35:20,13.6,done,2024-07-27 21:39:16
OF-2024-04485,ART-U00,Usinage,184.0,Inox,Jaune,43,MCH-05,CNC_STD,2024-05-12 07:08:35,2024-05-12 09:27:39,18.4,done,2024-05-12 09:31:06
OF-2024-04486,ART-S13,Soudure,74.7,Acier,Jaune,70,MCH-11,ROBOT_CELL,2024-07-14 17:24:06,2024-07-14 20:55:27,20.0,done,2024-07-14 20:59:01
OF-2024-04487,ART-U04,Usinage,186.4,Inox,Rouge,33,MCH-02,CNC_FAST,2024-05-23 12:19:08,2024-05-23 14:09:15,0.0,done,2024-05-23 14:13:44
OF-2024-04488,ART-S25,Soudure,151.9,Acier,Bleu,7,MCH-06,MANUAL,2024-08-04 06:42:27,2024-08-04 08:31:43,0.0,done,2024-08-04 08:35:45
OF-2024-04489,ART-U16,Usinage,144.1,Aluminium,Noir,307,MCH-03,CNC_STD,2024-01-30 12:08:11,2024-01-30 22:40:53,0.0,done,2024-01-30 22:43:27
OF-2024-04490,ART-A26,Assemblage,183.1,Inox,Rouge,266,MCH-10,ROBOT_CELL,2024-07-25 20:09:44,2024-07-26 05:07:40,0.0,done,2024-07-26 05:08:47
OF-2024-04491,ART-A30-MM,Assemblage,130.4,Acier,Gris,138,MCH-12,ROBOT_CELL,2024-05-18 06:45:10,2024-05-18 10:17:11,0.0,done,2024-05-18 10:18:02
OF-2024-04492,ART-A26,Assemblage,183.1,Inox,Rouge,108,MCH-07,MANUAL,05/06/2024 18:37,06/06/2024 00:21,0.0,done,06/06/2024 00:26
OF-2024-04493,ART-U28,Usinage,115.2,Aluminium,Bleu,8,MCH-04,CNC_STD,2024-06-07 08:05:24,2024-06-07 08:46:52,0.0,done,2024-06-07 08:50:06
OF-2024-04494,ART-S29,Soudure,90.9,Aluminium,Vert,24,MCH-11,ROBOT_CELL,2024-05-18 16:47:09,2024-05-18 17:55:07,0.0,done,2024-05-18 17:57:51
OF-2024-04495,ART-U20,Usinage,23.4,Titane,Rouge,13,MCH-05,CNC_STD,2024-03-17 08:32:56,2024-03-17 09:06:10,10.9,done,2024-03-17 09:10:41
OF-2024-04496,ART-U04,Usinage,186.4,Inox,Rouge,32,MCH-01,CNC_FAST,2024-01-13 10:23:27,2024-01-13 12:42:15,0.0,done,2024-01-13 12:44:43
OF-2024-04497,ART-U28,Usinage,115.2,Aluminium,Bleu,58,MCH-04,CNC_STD,2024-08-17 17:24:26,2024-08-17 19:04:28,11.9,done,2024-08-17 19:08:24
OF-2024-04498,ART-U00,Usinage,184.0,Inox,Jaune,352,MCH-02,CNC_FAST,2024-01-26 13:02:52,2024-01-27 00:01:31,0.0,done,2024-01-27 00:05:49
OF-2024-04499,ART-U20,Usinage,23.4,Titane,Rouge,29,MCH-03,CNC_STD,2024-01-04 06:57:19,2024-01-04 08:05:33,14.3,done,2024-01-04 08:10:19
OF-2024-04500,ART-S29,Soudure,90.9,Aluminium,Vert,277,MCH-10,ROBOT_CELL,2024-05-30 16:28:35,2024-05-31 01:33:14,0.0,done,2024-05-31 01:37:57
OF-2024-04501,ART-U24,Usinage,173.0,Aluminium,Vert,179,MCH-01,CNC_FAST,2024-08-04 11:57:27,2024-08-04 16:58:30,24.9,done,2024-08-04 17:00:50
OF-2024-04502,ART-A26,Assemblage,183.1,Inox,Rouge,13,MCH-10,ROBOT_CELL,2024-03-31 12:49:05,2024-03-31 13:24:07,9.5,done,2024-03-31 13:26:19
OF-2024-04503,ART-S25,Soudure,151.9,Acier,Bleu,72,MCH-12,ROBOT_CELL,2024-05-30 13:46:31,2024-05-30 19:06:43,0.0,done,2024-05-30 19:09:40
OF-2024-04504,ART-U32,Usinage,131.7,Aluminium,Gris,25,MCH-02,CNC_FAST,2024-02-07 09:47:18,2024-02-07 10:30:11,0.0,done,2024-02-07 10:32:11
OF-2024-04505,ART-S33,Soudure,195.1,Inox,Gris,36,MCH-09,ROBOT_CELL,2024-04-04 19:08:28,2024-04-04 22:04:32,24.7,done,2024-04-04 22:08:22
OF-2024-04506,ART-F27,Finition,162.2,Titane,Rouge,344,MCH-07,MANUAL,09/05/2024 11:16,10/05/2024 00:11,0.0,done,10/05/2024 00:12
OF-2024-04507,ART-U20,Usinage,23.4,Titane,Rouge,27,MCH-03,CNC_STD,2024-03-26 21:38:28,2024-03-26 22:26:16,4.3,done,2024-03-26 22:27:44
OF-2024-04508,ART-U28,Usinage,115.2,Aluminium,Bleu,12,MCH-02,CNC_FAST,2024-05-20 12:52:17,2024-05-20 13:14:53,0.0,done,2024-05-20 13:18:12
OF-2024-04509,ART-F15,Finition,196.8,Titane,Jaune,41,MCH-01,CNC_FAST,2024-01-06 19:43:58,2024-01-06 20:48:10,17.3,done,2024-01-06 20:49:27
OF-2024-04510,ART-F35-MM,Finition,55.5,Aluminium,Gris,46,MCH-01,CNC_FAST,2024-02-21 07:45:09,2024-02-21 08:05:38,2.2,done,2024-02-21 08:09:17
OF-2024-04511,ART-A06,Assemblage,21.3,Acier,Noir,48,MCH-10,ROBOT_CELL,2024-08-14 12:52:41,2024-08-14 13:21:45,0.0,done,2024-08-14 13:25:17
OF-2024-04512,ART-A02,Assemblage,36.9,Aluminium,Vert,52,MCH-09,ROBOT_CELL,2024-02-25 19:15:05,2024-02-25 19:44:44,0.0,done,2024-02-25 19:47:51
OF-2024-04513,ART-F27,Finition,162.2,Titane,Rouge,64,MCH-01,CNC_FAST,2024-08-08 18:30:07,2024-08-08 19:38:49,0.0,done,2024-08-08 19:43:22
OF-2024-04514,ART-U32-MM,Usinage,131.7,Aluminium,Gris,328,MCH-01,CNC_FAST,2024-05-13 08:22:06,2024-05-13 14:08:26,36.0,done,2024-05-13 14:10:12
OF-2024-04515,ART-F03,Finition,55.9,Titane,Jaune,329,MCH-02,CNC_FAST,2024-07-10 08:16:10,2024-07-10 11:25:22,58.6,done,2024-07-10 11:29:02
OF-2024-04516,ART-S13,Soudure,74.7,Acier,Jaune,5,MCH-08,MANUAL,2024-03-11 08:58:26,2024-03-11 10:12:26,0.0,done,2024-03-11 10:16:41
OF-2024-04517,ART-S25,Soudure,151.9,Acier,Bleu,275,MCH-11,ROBOT_CELL,2024-03-01 18:47:18,2024-03-02 12:12:10,0.0,done,2024-03-02 12:16:11
OF-2024-04518,ART-F27,Finition,162.2,Titane,Rouge,47,MCH-02,CNC_FAST,2024-02-07 10:36:08,2024-02-07 11:32:24,9.5,done,2024-02-07 11:35:17
OF-2024-04519,art-u32,Usinage,131.7,Aluminium,Gris,129,MCH-04,CNC_STD,2024-01-12 20:48:16,2024-01-13 00:23:33,0.0,done,2024-01-13 00:27:20
OF-2024-04520,ART-A26,Assemblage,183.1,Inox,Rouge,391,MCH-05,CNC_STD,2024-06-25 14:11:11,2024-06-26 02:28:32,0.0,done,2024-06-26 02:32:15
OF-2024-04521,ART-U04,Usinage,186.4,Inox,Rouge,26,MCH-01,CNC_FAST,2024-06-09 07:57:36,2024-06-09 09:18:38,25.3,done,2024-06-09 09:20:47
OF-2024-04522,ART-U28,Usinage,115.2,Aluminium,Bleu,55,MCH-01,CNC_FAST,2024-03-12 14:23:24,2024-03-12 15:15:46,11.8,done,2024-03-12 15:19:55
OF-2024-04523,ART-F27,Finition,162.2,Titane,Rouge,32,MCH-02,CNC_FAST,2024-04-21 17:49:12,2024-04-21 18:34:08,9.3,done,2024-04-21 18:34:47
OF-2024-04524,ART-F27,Finition,162.2,Titane,Rouge,29,MCH-07,MANUAL,08/01/2024 17:58,08/01/2024 19:34,0.0,done,08/01/2024 19:39
OF-2024-04525,ART-F19,Finition,100.8,Aluminium,Gris,6,MCH-07,MANUAL,26/02/2024 18:35,26/02/2024 18:54,5.9,done,26/02/2024 18:55
OF-2024-04526,ART-U04,Usinage,186.4,Inox,Rouge,22,MCH-03,CNC_STD,2024-05-28 18:06:57,2024-05-28 20:04:15,0.0,done,2024-05-28 20:04:47
OF-2024-04527,ART-A22,Assemblage,105.9,Aluminium,Noir,191,MCH-09,ROBOT_CELL,2024-06-09 08:59:26,2024-06-09 11:21:11,36.8,done,2024-06-09 11:25:32
OF-2024-04528,ART-S25,Soudure,151.9,Acier,Bleu,175,MCH-07,MANUAL,23/08/2024 11:44,24/08/2024 07:50,0.0,done,24/08/2024 07:54
OF-2024-04529,ART-U28,Usinage,115.2,Aluminium,Bleu,48,MCH-05,CNC_STD,2024-04-28 06:14:21,2024-04-28 07:42:56,0.0,done,2024-04-28 07:44:28
OF-2024-04530,ART-F15,Finition,196.8,Titane,Jaune,54,MCH-06,MANUAL,2024-04-26 12:04:08,2024-04-26 14:34:04,0.0,done,2024-04-26 14:36:51
OF-2024-04531,ARTS05,Soudure,38.9,Acier,Vert,67,MCH-06,MANUAL,2024-02-18 07:21:32,2024-02-18 10:36:40,0.0,done,2024-02-18 10:40:32
OF-2024-04532,ART-U28,Usinage,115.2,Aluminium,Bleu,199,MCH-03,CNC_STD,2024-07-11 18:57:06,2024-07-11 23:45:11,0.0,done,2024-07-11 23:47:54
OF-2024-04533,ART-U28,Usinage,115.2,Aluminium,Bleu,274,MCH-05,CNC_STD,2024-01-27 15:52:03,2024-01-27 23:25:08,131.0,done,2024-01-27 23:30:08
OF-2024-04534,ART-U04,Usinage,186.4,Inox,Rouge,375,MCH-05,CNC_STD,2024-01-25 09:01:53,2024-01-26 08:03:08,0.0,done,2024-01-26 08:05:32
OF-2024-04535,ART-S25,Soudure,151.9,Acier,Bleu,392,MCH-11,ROBOT_CELL,2024-05-18 16:13:52,2024-05-19 12:42:19,66.7,done,2024-05-19 12:43:09
OF-2024-04536,ART-F23,Finition,23.0,Acier,Gris,10,MCH-01,CNC_FAST,2024-03-28 18:55:58,2024-03-28 19:03:08,0.0,done,2024-03-28 19:07:09
OF-2024-04537,ART-S33,Soudure,195.1,Inox,Gris,57,MCH-07,MANUAL,29/05/2024 09:34,29/05/2024 19:50,0.0,done,29/05/2024 19:52
OF-2024-04538,ART-U32,Usinage,131.7,Aluminium,Gris,19,MCH-02,CNC_FAST,2024-06-15 15:48:10,2024-06-15 16:19:46,0.0,done,2024-06-15 16:24:06
OF-2024-04539,ART-U16,Usinage,144.1,Aluminium,Noir,148,MCH-02,CNC_FAST,2024-04-02 19:33:17,2024-04-02 22:45:01,0.0,done,2024-04-02 22:48:10
OF-2024-04540,ART-A10,Assemblage,48.9,Aluminium,Jaune,64,MCH-09,ROBOT_CELL,2024-07-11 06:19:39,2024-07-11 07:04:47,0.0,done,2024-07-11 07:05:40
OF-2024-04541,ART-F27,Finition,162.2,Titane,Rouge,39,MCH-01,CNC_FAST,2024-01-25 20:59:31,2024-01-25 21:45:40,0.0,done,2024-01-25 21:48:02
OF-2024-04542,ART-U00,Usinage,184.0,Inox,Jaune,60,MCH-05,CNC_STD,2024-07-17 10:48:19,2024-07-17 14:15:21,39.4,done,2024-07-17 14:20:09
OF-2024-04543,  ART-U20 ,Usinage,23.4,Titane,Rouge,72,MCH-04,CNC_STD,2024-07-09 16:57:04,2024-07-09 18:47:37,0.0,done,2024-07-09 18:50:58
OF-2024-04544,ART-U32,Usinage,131.7,Aluminium,Gris,377,MCH-04,CNC_STD,2024-05-27 12:29:33,2024-05-28 00:29:15,0.0,done,2024-05-28 00:30:14
OF-2024-04545,ART-S05,Soudure,38.9,Acier,Vert,55,MCH-11,ROBOT_CELL,2024-01-06 15:15:41,2024-01-06 16:59:39,22.4,done,2024-01-06 17:03:51
OF-2024-04546,ART-U16,Usinage,144.1,Aluminium,Noir,65,MCH-04,CNC_STD,2024-04-01 10:14:14,2024-04-01 20:41:57,0.0,done,2024-04-01 20:45:48
OF-2024-04547,  ART-U20 ,Usinage,23.4,Titane,Rouge,42,MCH-01,CNC_FAST,2024-02-08 17:03:19,2024-02-08 18:02:29,10.1,done,2024-02-08 18:04:17
OF-2024-04548,ART-U04,Usinage,186.4,Inox,Rouge,31,MCH-04,CNC_STD,2024-06-01 20:07:07,2024-06-01 22:12:17,28.4,done,2024-06-01 22:16:24
OF-2024-04549,ART-U28,Usinage,115.2,Aluminium,Bleu,15,MCH-05,CNC_STD,2024-06-07 14:08:33,2024-06-07 14:45:11,3.9,done,2024-06-07 14:49:00
OF-2024-04550,ART-U32,Usinage,131.7,Aluminium,Gris,46,MCH-03,CNC_STD,2024-03-07 10:15:54,2024-03-07 11:51:29,16.7,done,2024-03-07 11:55:13
OF-2024-04551,ART-U24,Usinage,173.0,Aluminium,Vert,132,MCH-05,CNC_STD,2024-08-22 08:02:03,2024-08-22 14:07:59,0.0,done,2024-08-22 14:11:57
OF-2024-04552,ART-U04,Usinage,186.4,Inox,Rouge,166,MCH-01,CNC_FAST,2024-06-13 12:32:06,2024-06-13 19:42:44,0.0,done,2024-06-13 19:44:58
OF-2024-04553,ART-A26,Assemblage,183.1,Inox,Rouge,19,MCH-07,MANUAL,26/02/2024 14:52,26/02/2024 16:09,0.0,done,26/02/2024 16:10
OF-2024-04554,ART-F23,Finition,23.0,Acier,Gris,70,MCH-02,CNC_FAST,2024-06-09 08:33:38,2024-06-09 08:52:54,0.0,done,2024-06-09 08:53:27
OF-2024-04555,ART-S17,Soudure,16.0,Acier,Bleu,49,MCH-09,ROBOT_CELL,2024-03-03 08:08:41,2024-03-03 08:58:42,10.6,done,2024-03-03 08:59:42
OF-2024-04556,ART-A26,Assemblage,183.1,Inox,Rouge,57,MCH-10,ROBOT_CELL,2024-04-09 10:04:32,2024-04-09 11:38:46,0.0,done,2024-04-09 11:40:41
OF-2024-04557,ART-A02,Assemblage,36.9,Aluminium,Vert,63,MCH-05,CNC_STD,2024-07-11 13:35:09,2024-07-11 14:09:57,0.0,done,2024-07-11 14:12:11
OF-2024-04558,ART-S13,Soudure,74.7,Acier,Jaune,180,MCH-11,ROBOT_CELL,2024-07-25 08:44:34,2024-07-25 15:38:11,25.1,done,2024-07-25 15:42:01
OF-2024-04559,ART-A02,Assemblage,36.9,Aluminium,Vert,47,MCH-12,ROBOT_CELL,2024-06-28 16:42:23,2024-06-28 17:09:56,4.4,done,2024-06-28 17:12:30
OF-2024-04560,ART-F15,Finition,196.8,Titane,Jaune,311,MCH-07,MANUAL,17/08/2024 11:59,17/08/2024 23:13,0.0,done,17/08/2024 23:15
OF-2024-04561,ART-A10,Assemblage,48.9,Aluminium,Jaune,387,MCH-10,ROBOT_CELL,2024-08-10 17:53:35,2024-08-10 22:43:28,0.0,done,2024-08-10 22:45:56
OF-2024-04562,ART-F27,Finition,162.2,Titane,Rouge,9,MCH-02,CNC_FAST,2024-03-23 11:52:08,2024-03-23 12:06:27,0.0,done,2024-03-23 12:09:15
OF-2024-04563,ART-U28,Usinage,115.2,Aluminium,Bleu,38,MCH-03,CNC_STD,2024-02-08 15:32:34,2024-02-08 16:45:11,0.0,done,2024-02-08 16:49:09
OF-2024-04564,ART-U28,Usinage,115.2,Aluminium,Bleu,17,MCH-04,CNC_STD,2024-08-08 19:26:51,2024-08-08 20:25:59,0.0,done,2024-08-08 20:28:36
OF-2024-04565,ART-S29,Soudure,90.9,Aluminium,Vert,42,MCH-08,MANUAL,2024-01-16 21:35:28,2024-01-17 01:20:21,39.3,done,2024-01-17 01:24:12
OF-2024-04566,ART-S29,Soudure,90.9,Aluminium,Vert,65,MCH-09,ROBOT_CELL,2024-07-21 17:37:10,2024-07-21 20:38:07,0.0,done,2024-07-21 20:40:29
OF-2024-04567,ART-S29,Soudure,90.9,Aluminium,Vert,75,MCH-07,MANUAL,07/06/2024 21:57,08/06/2024 03:13,0.0,done,08/06/2024 03:13
OF-2024-04568,ART-A26,Assemblage,183.1,Inox,Rouge,43,MCH-03,CNC_STD,2024-03-11 07:22:24,2024-03-11 08:56:15,10.6,done,2024-03-11 08:58:00
OF-2024-04569,ART-S25,Soudure,151.9,Acier,Bleu,33,MCH-07,MANUAL,01/05/2024 13:16,01/05/2024 16:59,0.0,done,01/05/2024 17:02
OF-2024-04570,ART-U16,Usinage,144.1,Aluminium,Noir,334,MCH-04,CNC_STD,2024-06-20 17:22:35,2024-06-21 02:53:23,0.0,done,2024-06-21 02:57:06
OF-2024-04571,ART-A18,Assemblage,15.6,Inox,Rouge,21,MCH-10,ROBOT_CELL,2024-01-06 06:09:19,2024-01-06 06:28:09,0.0,done,2024-01-06 06:29:07
OF-2024-04572,ART-A26,Assemblage,183.1,Inox,Rouge,104,MCH-10,ROBOT_CELL,2024-03-06 18:03:22,2024-03-06 20:34:32,0.0,done,2024-03-06 20:37:27
OF-2024-04573,ART-S25,Soudure,151.9,Acier,Bleu,391,MCH-09,ROBOT_CELL,2024-04-05 19:53:36,2024-04-06 21:33:06,383.0,done,2024-04-06 21:37:00
OF-2024-04574,  ART-S05 ,Soudure,38.9,Acier,Vert,77,MCH-07,MANUAL,28/07/2024 21:50,29/07/2024 00:55,0.0,done,29/07/2024 00:57
OF-2024-04575,ART-U16-MM,Usinage,144.1,Aluminium,Noir,60,MCH-02,CNC_FAST,2024-07-23 08:10:09,2024-07-23 09:50:27,15.0,done,2024-07-23 09:54:35
OF-2024-04576,ART-S29,Soudure,90.9,Aluminium,Vert,15,MCH-06,MANUAL,2024-03-29 06:49:07,2024-03-29 08:44:41,0.0,done,2024-03-29 08:49:33
OF-2024-04577,ART-U28,Usinage,115.2,Aluminium,Bleu,37,MCH-04,CNC_STD,2024-03-18 13:03:23,2024-03-18 14:24:51,0.0,done,2024-03-18 14:28:47
OF-2024-04578,ARTU32,Usinage,131.7,Aluminium,Gris,15,MCH-01,CNC_FAST,2024-03-11 16:24:36,2024-03-11 16:56:28,0.0,done,2024-03-11 16:58:34
OF-2024-04579,ART-S05,Soudure,38.9,Acier,Vert,78,MCH-09,ROBOT_CELL,2024-02-17 11:47:13,2024-02-17 14:11:18,0.0,done,2024-02-17 14:13:07
OF-2024-04580,ART-U16,Usinage,144.1,Aluminium,Noir,63,MCH-02,CNC_FAST,2024-07-10 08:30:25,2024-07-10 10:06:47,0.0,done,2024-07-10 10:10:20
OF-2024-04581,ART-U04,Usinage,186.4,Inox,Rouge,70,MCH-02,CNC_FAST,2024-04-05 08:20:58,2024-04-05 13:06:30,0.0,done,2024-04-05 13:11:03
OF-2024-04582,ART-S25,Soudure,151.9,Acier,Bleu,79,MCH-10,ROBOT_CELL,2024-05-11 10:39:42,2024-05-11 15:25:51,30.1,done,2024-05-11 15:29:56
OF-2024-04583,ART-A10,Assemblage,48.9,Aluminium,Jaune,46,MCH-09,ROBOT_CELL,2024-07-20 09:58:33,2024-07-20 10:42:03,0.0,done,2024-07-20 10:46:40
OF-2024-04584,ART-S33,Soudure,195.1,Inox,Gris,52,MCH-06,MANUAL,2024-04-23 09:09:06,2024-04-23 16:47:29,155.5,done,2024-04-23 16:48:25
OF-2024-04585,ART-A10,Assemblage,48.9,Aluminium,Jaune,22,MCH-03,CNC_STD,2024-06-12 13:08:53,2024-06-12 13:36:31,0.0,done,2024-06-12 13:40:32
OF-2024-04586,  ART-A06 ,Assemblage,21.3,Acier,Noir,18,MCH-03,CNC_STD,2024-02-20 20:05:50,2024-02-20 20:21:53,1.6,done,2024-02-20 20:22:31
OF-2024-04587,ART-U12,Usinage,23.0,Titane,Noir,48,MCH-04,CNC_STD,2024-06-08 20:31:44,2024-06-08 20:31:44,0.0,done,2024-06-08 21:33:09
OF-2024-04588,ART-S13,Soudure,74.7,Acier,Jaune,16,MCH-08,MANUAL,2024-05-30 09:11:53,2024-05-30 11:04:11,0.0,done,2024-05-30 11:05:33
OF-2024-04589,ART-F15,Finition,196.8,Titane,Jaune,7,MCH-01,CNC_FAST,2024-01-03 09:21:48,2024-01-03 09:41:04,4.3,done,2024-01-03 09:44:58
OF-2024-04590,ART-S13,Soudure,74.7,Acier,Jaune,15,MCH-11,ROBOT_CELL,2024-02-04 09:32:38,2024-02-04 10:33:27,0.0,done,2024-02-04 10:34:55
OF-2024-04591,ART-U28,Usinage,115.2,Aluminium,Bleu,60,MCH-05,CNC_STD,2024-04-20 12:21:35,2024-04-20 14:20:11,36.6,done,2024-04-20 14:21:51
OF-2024-04592,ART-F31,Finition,25.3,Inox,Gris,39,MCH-06,MANUAL,2024-07-18 13:42:01,2024-07-18 14:15:33,9.5,done,2024-07-18 14:18:59
OF-2024-04593,ART-A26,Assemblage,183.1,Inox,Rouge,121,MCH-05,CNC_STD,2024-01-08 13:12:20,2024-01-08 17:59:07,0.0,done,2024-01-08 18:02:22
OF-2024-04594,ART-S29,Soudure,90.9,Aluminium,Vert,57,MCH-07,MANUAL,15/07/2024 20:13,16/07/2024 01:13,0.0,done,16/07/2024 01:14
OF-2024-04595,ART-U04,Usinage,186.4,Inox,Rouge,61,MCH-01,CNC_FAST,2024-01-07 21:47:36,2024-01-08 01:14:38,0.0,done,2024-01-08 01:18:11
OF-2024-04596,  ART-U20 ,Usinage,23.4,Titane,Rouge,80,MCH-03,CNC_STD,2024-08-19 21:53:32,2024-08-19 23:56:56,0.0,done,2024-08-19 23:58:49
OF-2024-04597,ART-S01,Soudure,191.3,Titane,Bleu,54,MCH-09,ROBOT_CELL,2024-08-17 16:14:22,2024-08-17 22:23:11,28.2,done,2024-08-17 22:25:24
OF-2024-04598,ART-S29,Soudure,90.9,Aluminium,Vert,78,MCH-09,ROBOT_CELL,2024-05-23 19:12:04,2024-05-23 22:41:05,0.0,done,2024-05-23 22:45:58
OF-2024-04599,ART-U32,Usinage,131.7,Aluminium,Gris,6,MCH-01,CNC_FAST,2024-05-21 11:24:56,2024-05-21 11:47:37,0.0,done,2024-05-21 11:51:15
OF-2024-04600,ART-S29,Soudure,90.9,Aluminium,Vert,6,MCH-08,MANUAL,2024-01-26 15:38:13,2024-01-26 16:46:20,0.0,done,2024-01-26 16:50:49
OF-2024-04601,ART-A22,Assemblage,105.9,Aluminium,Noir,109,MCH-07,MANUAL,21/07/2024 08:25,21/07/2024 10:33,19.7,done,21/07/2024 10:36
OF-2024-04602,ART-A26,Assemblage,183.1,Inox,Rouge,364,MCH-04,CNC_STD,2024-01-21 19:23:17,2024-01-22 07:29:40,0.0,done,2024-01-22 07:30:53
OF-2024-04603,ART-S13,Soudure,74.7,Acier,Jaune,59,MCH-08,MANUAL,2024-05-09 19:23:37,2024-05-09 23:09:31,19.7,done,2024-05-09 23:12:24
OF-2024-04604,ART-F19,Finition,100.8,Aluminium,Gris,274,MCH-06,MANUAL,2024-08-17 11:40:40,2024-08-17 16:09:34,0.0,done,2024-08-17 16:10:31
OF-2024-04605,ART-A22,Assemblage,105.9,Aluminium,Noir,43,MCH-06,MANUAL,2024-06-27 18:39:02,2024-06-27 20:01:19,0.0,done,2024-06-27 20:02:54
OF-2024-04606,ART-U04,Usinage,186.4,Inox,Rouge,11,MCH-01,CNC_FAST,2024-05-08 13:10:32,2024-05-08 13:53:10,0.0,done,2024-05-08 13:57:34
OF-2024-04607,ART-A06,Assemblage,21.3,Acier,Noir,5,MCH-08,MANUAL,2024-02-07 10:21:33,2024-02-07 10:33:42,0.0,done,2024-02-07 10:34:41
OF-2024-04608,ART-U28,Usinage,115.2,Aluminium,Bleu,40,MCH-02,CNC_FAST,2024-07-04 21:45:43,2024-07-04 22:38:21,0.0,done,2024-07-04 22:40:55
OF-2024-04609,ART-F19,Finition,100.8,Aluminium,Gris,50,MCH-07,MANUAL,05/02/2024 06:25,05/02/2024 07:26,15.1,done,05/02/2024 07:28
OF-2024-04610,ART-U32,Usinage,131.7,Aluminium,Gris,21,MCH-05,CNC_STD,2024-01-20 13:48:54,2024-01-20 14:59:05,7.5,done,2024-01-20 15:02:35
OF-2024-04611,ART-F15,Finition,196.8,Titane,Jaune,53,MCH-01,CNC_FAST,2024-08-12 12:29:57,2024-08-12 14:00:37,0.0,done,2024-08-12 14:01:53
OF-2024-04612,ART-A26,Assemblage,183.1,Inox,Rouge,58,MCH-10,ROBOT_CELL,2024-06-10 08:10:53,2024-06-10 09:41:00,17.5,done,2024-06-10 09:43:24
OF-2024-04613,ART-F15,Finition,196.8,Titane,Jaune,34,MCH-06,MANUAL,2024-03-18 06:23:06,2024-03-18 08:28:09,0.0,done,2024-03-18 08:28:59
OF-2024-04614,ART-S29,Soudure,90.9,Aluminium,Vert,73,MCH-07,MANUAL,11/01/2024 18:44,12/01/2024 02:02,0.0,done,12/01/2024 02:06
OF-2024-04615,ART-A10,Assemblage,48.9,Aluminium,Jaune,355,MCH-07,MANUAL,10/08/2024 18:14,11/08/2024 00:42,0.0,done,11/08/2024 00:44
OF-2024-04616,ART-S29,Soudure,90.9,Aluminium,Vert,62,MCH-06,MANUAL,2024-03-13 21:09:40,2024-03-14 00:54:03,0.0,done,2024-03-14 00:56:50
OF-2024-04617,ART-S17,Soudure,16.0,Acier,Bleu,33,MCH-10,ROBOT_CELL,2024-07-07 19:25:48,2024-07-07 20:07:21,12.8,done,2024-07-07 20:11:18
OF-2024-04618,ART-U28,Usinage,115.2,Aluminium,Bleu,43,MCH-05,CNC_STD,2024-04-02 16:40:40,2024-04-02 17:59:19,0.0,done,2024-04-02 18:04:07
OF-2024-04619,ARTU20,Usinage,23.4,Titane,Rouge,359,MCH-04,CNC_STD,2024-04-17 20:23:48,2024-04-18 04:02:06,0.0,done,2024-04-18 04:06:57
OF-2024-04620,ART-U00,Usinage,184.0,Inox,Jaune,36,MCH-01,CNC_FAST,2024-02-07 11:14:35,2024-02-07 12:37:23,12.7,done,2024-02-07 12:38:29
OF-2024-04621,ART-F31,Finition,25.3,Inox,Gris,35,MCH-08,MANUAL,2024-04-07 16:39:38,2024-04-07 17:14:15,0.0,done,2024-04-07 17:15:43
OF-2024-04622,ART-U28,Usinage,115.2,Aluminium,Bleu,42,MCH-03,CNC_STD,2024-05-20 21:49:39,2024-05-20 23:00:24,0.0,done,2024-05-20 23:05:00
OF-2024-04623,ART-U28,Usinage,115.2,Aluminium,Bleu,191,MCH-05,CNC_STD,2024-01-09 18:16:34,2024-01-09 23:13:43,0.0,done,2024-01-09 23:18:07
OF-2024-04624,ART-S33,Soudure,195.1,Inox,Gris,66,MCH-06,MANUAL,2024-03-16 12:05:54,2024-03-16 21:38:11,92.2,done,2024-03-16 21:41:49
OF-2024-04625,ART-U28,Usinage,115.2,Aluminium,Bleu,155,MCH-01,CNC_FAST,2024-07-11 07:41:17,,0.0,running,2024-07-11 10:28:10
OF-2024-04626,ART-A02,Assemblage,36.9,Aluminium,Vert,14,MCH-06,MANUAL,2024-06-04 20:41:18,2024-06-04 21:04:40,0.0,done,2024-06-04 21:08:19
OF-2024-04627,ART-A26,Assemblage,183.1,Inox,Rouge,76,MCH-09,ROBOT_CELL,2024-04-22 16:08:38,2024-04-22 18:38:27,37.7,done,2024-04-22 18:40:03
OF-2024-04628,ART-S13,Soudure,74.7,Acier,Jaune,188,MCH-06,MANUAL,2024-08-05 20:56:27,2024-08-06 10:39:01,0.0,done,2024-08-06 10:42:08
OF-2024-04629,  ART-U20 ,Usinage,23.4,Titane,Rouge,55,MCH-04,CNC_STD,2024-05-15 18:14:56,2024-05-15 19:40:35,0.0,done,2024-05-15 19:45:28
OF-2024-04630,ART-U28,Usinage,115.2,Aluminium,Bleu,67,MCH-03,CNC_STD,2024-03-07 18:03:48,2024-03-07 19:42:01,0.0,done,2024-03-07 19:46:02
OF-2024-04631,ART-A18,Assemblage,15.6,Inox,Rouge,50,MCH-07,MANUAL,13/06/2024 15:48,13/06/2024 16:31,0.0,done,13/06/2024 16:34
OF-2024-04632,ART-U32,Usinage,131.7,Aluminium,Gris,200,MCH-01,CNC_FAST,2024-07-07 15:44:20,2024-07-07 19:24:16,19.0,done,2024-07-07 19:26:47
OF-2024-04633,ART-U16,Usinage,144.1,Aluminium,Noir,48,MCH-01,CNC_FAST,2024-08-28 17:46:27,2024-08-28 19:10:51,13.5,done,2024-08-28 19:14:53
OF-2024-04634,ART-S05,Soudure,38.9,Acier,Vert,51,MCH-09,ROBOT_CELL,2024-03-05 17:25:26,2024-03-05 18:42:40,0.0,done,2024-03-05 18:44:24
OF-2024-04635,  ART-U32 ,Usinage,131.7,Aluminium,Gris,15,MCH-05,CNC_STD,2024-01-09 14:39:10,2024-01-09 15:42:13,0.0,done,2024-01-09 15:46:30
OF-2024-04636,ART-F31,Finition,25.3,Inox,Gris,56,MCH-06,MANUAL,2024-08-04 09:32:25,2024-08-04 10:32:27,10.2,done,2024-08-04 10:36:38
OF-2024-04637,ART-U24,Usinage,173.0,Aluminium,Vert,7,MCH-05,CNC_STD,2024-03-04 18:58:36,2024-03-04 19:31:29,11.0,done,2024-03-04 19:32:43
OF-2024-04638,ART-F15,Finition,196.8,Titane,Jaune,10,MCH-01,CNC_FAST,2024-08-26 07:26:46,2024-08-26 07:49:56,0.0,done,2024-08-26 07:51:24
OF-2024-04639,ART-S05,Soudure,38.9,Acier,Vert,186,MCH-11,ROBOT_CELL,2024-07-06 13:38:04,2024-07-06 18:14:04,0.0,done,2024-07-06 18:15:10
OF-2024-04640,ART-A02,Assemblage,36.9,Aluminium,Vert,140,MCH-07,MANUAL,10/07/2024 12:23,10/07/2024 14:11,0.0,done,10/07/2024 14:15
OF-2024-04641,art-a06,Assemblage,21.3,Acier,Noir,70,MCH-08,MANUAL,2024-03-09 06:15:06,2024-03-09 07:35:03,22.4,done,2024-03-09 07:36:16
OF-2024-04642,ART-U32,Usinage,131.7,Aluminium,Gris,240,MCH-02,CNC_FAST,2024-01-07 09:44:46,2024-01-07 15:40:06,0.0,done,2024-01-07 15:43:40
OF-2024-04643,ART-U32,Usinage,131.7,Aluminium,Gris,56,MCH-01,CNC_FAST,2024-01-27 09:16:51,2024-01-27 10:47:21,26.3,done,2024-01-27 10:48:58
OF-2024-04644,ART-S29,Soudure,90.9,Aluminium,Vert,247,MCH-06,MANUAL,2024-07-14 18:33:07,2024-07-15 08:52:19,168.9,done,2024-07-15 08:53:11
OF-2024-04645,ART-S25,Soudure,151.9,Acier,Bleu,6,MCH-12,ROBOT_CELL,2024-06-24 13:32:27,2024-06-24 14:21:31,0.0,done,2024-06-24 14:25:47
OF-2024-04646,ART-S01,Soudure,191.3,Titane,Bleu,25,MCH-09,ROBOT_CELL,2024-06-05 16:55:06,2024-06-05 19:35:39,0.0,done,2024-06-05 19:38:42
OF-2024-04647,ART-A06,Assemblage,21.3,Acier,Noir,13,MCH-04,CNC_STD,2024-03-29 20:37:56,2024-03-29 22:28:57,0.0,done,2024-03-29 22:31:48
OF-2024-04648,art-u12,Usinage,23.0,Titane,Noir,238,MCH-02,CNC_FAST,2024-05-05 10:46:14,2024-05-05 13:54:23,39.5,done,2024-05-05 13:56:50
OF-2024-04649,ART-U28,Usinage,115.2,Aluminium,Bleu,26,MCH-04,CNC_STD,2024-02-03 12:27:18,2024-02-03 13:17:38,15.2,done,2024-02-03 13:19:12
OF-2024-04650,ART-U00,Usinage,184.0,Inox,Jaune,143,MCH-03,CNC_STD,2024-05-27 16:54:40,2024-05-28 01:47:26,0.0,done,2024-05-28 01:50:35
OF-2024-04651,ART-U28,Usinage,115.2,Aluminium,Bleu,59,MCH-03,CNC_STD,2024-05-02 15:57:59,2024-05-02 17:51:34,0.0,done,2024-05-02 17:55:03
OF-2024-04652,ART-S29,Soudure,90.9,Aluminium,Vert,175,MCH-08,MANUAL,2024-07-09 13:49:20,2024-07-10 02:04:11,0.0,done,2024-07-10 02:05:32
OF-2024-04653,ART-U28,Usinage,115.2,Aluminium,Bleu,21,MCH-05,CNC_STD,2024-02-04 07:26:57,,0.0,aborted,2024-02-04 08:17:04
OF-2024-04654,ART-F15,Finition,196.8,Titane,Jaune,324,MCH-07,MANUAL,23/04/2024 06:34,23/04/2024 19:48,80.6,done,23/04/2024 19:53
OF-2024-04655,ART-U08,Usinage,22.6,Inox,Noir,43,MCH-03,CNC_STD,2024-07-23 20:24:22,2024-07-23 21:20:53,0.0,done,2024-07-23 21:25:26
OF-2024-04656,ART-A26,Assemblage,183.1,Inox,Rouge,43,MCH-06,MANUAL,2024-06-17 10:53:37,2024-06-17 13:22:50,0.0,done,2024-06-17 13:26:20
OF-2024-04657,ART-U28,Usinage,115.2,Aluminium,Bleu,71,MCH-02,CNC_FAST,2024-04-09 07:38:26,2024-04-09 09:01:33,26.8,done,2024-04-09 09:03:55
OF-2024-04658,ART-F23,Finition,23.0,Acier,Gris,41,MCH-08,MANUAL,2024-03-23 17:22:38,2024-03-23 17:50:34,0.0,done,2024-03-23 17:53:11
OF-2024-04659,ART-A26,Assemblage,183.1,Inox,Rouge,39,MCH-04,CNC_STD,2024-07-25 16:16:22,2024-07-25 17:53:58,27.7,done,2024-07-25 17:55:40
OF-2024-04660,ART-U04,Usinage,186.4,Inox,Rouge,317,MCH-02,CNC_FAST,2024-03-04 14:50:00,2024-03-05 05:39:49,0.0,done,2024-03-05 05:44:43
OF-2024-04661,ART-U28,Usinage,115.2,Aluminium,Bleu,63,MCH-02,CNC_FAST,2024-06-27 19:56:06,2024-06-27 21:12:34,0.0,done,2024-06-27 21:13:11
OF-2024-04662,  ART-U16 ,Usinage,144.1,Aluminium,Noir,69,MCH-02,CNC_FAST,2024-07-27 15:12:53,2024-07-27 15:12:53,0.0,done,2024-07-27 16:59:07
OF-2024-04663,ART-A10,Assemblage,48.9,Aluminium,Jaune,122,MCH-06,MANUAL,2024-01-19 07:42:48,2024-01-19 10:42:19,0.0,done,2024-01-19 10:46:31
OF-2024-04664,ART-S21,Soudure,45.5,Inox,Vert,48,MCH-12,ROBOT_CELL,2024-06-10 17:55:53,2024-06-10 19:38:05,0.0,done,2024-06-10 19:42:34
OF-2024-04665,ART-F19-MM,Finition,100.8,Aluminium,Gris,73,MCH-08,MANUAL,2024-07-08 16:43:33,,0.0,aborted,2024-07-08 18:03:37
OF-2024-04666,ART-U28,Usinage,115.2,Aluminium,Bleu,46,MCH-04,CNC_STD,2024-07-05 11:46:25,2024-07-05 13:07:04,0.0,done,2024-07-05 13:10:58
OF-2024-04667,ART-F19,Finition,100.8,Aluminium,Gris,49,MCH-07,MANUAL,19/01/2024 15:09,19/01/2024 16:05,0.0,done,19/01/2024 16:06
OF-2024-04668,ART-F15,Finition,196.8,Titane,Jaune,26,MCH-08,MANUAL,2024-05-25 06:35:58,2024-05-25 07:58:42,0.0,done,2024-05-25 08:02:33
OF-2024-04669,ART-S25,Soudure,151.9,Acier,Bleu,65,MCH-09,ROBOT_CELL,2024-06-03 09:07:50,2024-06-03 13:21:42,52.1,done,2024-06-03 13:23:46
OF-2024-04670,ART-S13,Soudure,74.7,Acier,Jaune,40,MCH-07,MANUAL,26/03/2024 12:00,26/03/2024 16:25,58.6,done,26/03/2024 16:30
OF-2024-04671,ART-F15,Finition,196.8,Titane,Jaune,68,MCH-02,CNC_FAST,2024-05-30 11:14:58,2024-05-30 12:41:28,0.0,done,2024-05-30 12:44:47
OF-2024-04672,ART-A14,Assemblage,190.7,Acier,Noir,33,MCH-05,CNC_STD,2024-07-21 11:21:43,2024-07-21 12:23:32,0.0,done,2024-07-21 12:28:14
OF-2024-04673,ART-U28,Usinage,115.2,Aluminium,Bleu,44,MCH-02,CNC_FAST,2024-04-08 16:17:30,2024-04-08 17:17:07,0.0,done,2024-04-08 17:19:12
OF-2024-04674,ART-A22,Assemblage,105.9,Aluminium,Noir,47,MCH-08,MANUAL,2024-04-26 16:35:08,2024-04-26 18:08:20,13.8,done,2024-04-26 18:09:23
OF-2024-04675,ART-U00,Usinage,184.0,Inox,Jaune,15,MCH-02,CNC_FAST,2024-03-15 09:08:49,2024-03-15 10:00:13,0.0,done,2024-03-15 10:04:11
OF-2024-04676,ART-A02,Assemblage,36.9,Aluminium,Vert,199,MCH-10,ROBOT_CELL,2024-06-29 19:01:08,2024-06-29 20:20:35,0.0,done,2024-06-29 20:23:38
OF-2024-04677,  ART-U08 ,Usinage,22.6,Inox,Noir,35,MCH-04,CNC_STD,2024-06-04 07:40:40,2024-06-04 08:21:15,0.0,done,2024-06-04 08:25:38
OF-2024-04678,ART-U16,Usinage,144.1,Aluminium,Noir,53,MCH-05,CNC_STD,2024-01-06 09:54:39,2024-01-06 12:31:04,0.0,done,2024-01-06 12:32:23
OF-2024-04679,ART-A18,Assemblage,15.6,Inox,Rouge,16,MCH-07,MANUAL,10/07/2024 10:25,10/07/2024 10:47,5.8,done,10/07/2024 10:49
OF-2024-04680,ART-A02,Assemblage,36.9,Aluminium,Vert,61,MCH-04,CNC_STD,2024-05-04 15:34:15,2024-05-04 16:20:45,13.4,done,2024-05-04 16:24:00
OF-2024-04681,ART-F19,Finition,100.8,Aluminium,Gris,31,MCH-06,MANUAL,2024-08-27 07:25:49,2024-08-27 08:17:23,0.0,done,2024-08-27 08:18:03
OF-2024-04682,ART-U28,Usinage,115.2,Aluminium,Bleu,64,MCH-01,CNC_FAST,2024-01-04 12:14:11,2024-01-04 13:31:47,0.0,done,2024-01-04 13:33:27
OF-2024-04683,ART-A18,Assemblage,15.6,Inox,Rouge,41,MCH-05,CNC_STD,2024-07-24 20:32:36,2024-07-24 21:01:13,9.0,done,2024-07-24 21:03:11
OF-2024-04684,ART-U32,Usinage,131.7,Aluminium,Gris,11,MCH-05,CNC_STD,2024-08-11 18:01:21,2024-08-11 18:40:43,0.0,done,2024-08-11 18:43:24
OF-2024-04685,  ART-U32 ,Usinage,131.7,Aluminium,Gris,21,MCH-02,CNC_FAST,2024-01-14 09:16:34,2024-01-14 10:13:27,0.0,done,2024-01-14 10:17:33
OF-2024-04686,ART-S25,Soudure,151.9,Acier,Bleu,22,MCH-07,MANUAL,23/08/2024 14:46,23/08/2024 17:27,0.0,done,23/08/2024 17:31
OF-2024-04687,ART-S25,Soudure,151.9,Acier,Bleu,65,MCH-11,ROBOT_CELL,2024-03-04 19:35:47,2024-03-04 23:54:11,0.0,done,2024-03-04 23:55:00
OF-2024-04688,ART-U04,Usinage,186.4,Inox,Rouge,80,MCH-01,CNC_FAST,2024-07-07 20:28:48,2024-07-08 00:52:45,20.9,done,2024-07-08 00:55:47
OF-2024-04689,ART-S29,Soudure,90.9,Aluminium,Vert,42,MCH-08,MANUAL,2024-02-27 08:16:08,2024-02-27 11:03:48,0.0,done,2024-02-27 11:05:49
OF-2024-04690,ART-U04,Usinage,186.4,Inox,Rouge,29,MCH-02,CNC_FAST,2024-01-31 11:15:44,2024-01-31 13:05:08,0.0,done,2024-01-31 13:05:45
OF-2024-04691,ART-A26,Assemblage,183.1,Inox,Rouge,31,MCH-03,CNC_STD,2024-03-04 09:03:39,2024-03-04 10:20:41,0.0,done,2024-03-04 10:22:01
OF-2024-04692,art-u08,Usinage,22.6,Inox,Noir,186,MCH-05,CNC_STD,2024-01-29 16:12:08,2024-01-29 19:20:35,40.8,done,2024-01-29 19:21:30
OF-2024-04693,ART-F23,Finition,23.0,Acier,Gris,17,MCH-01,CNC_FAST,2024-08-08 20:06:03,2024-08-08 20:14:26,0.0,done,2024-08-08 20:19:11
OF-2024-04694,ART-A30,Assemblage,130.4,Acier,Gris,341,MCH-07,MANUAL,20/05/2024 15:58,,0.0,aborted,21/05/2024 02:57
OF-2024-04695,ART-F27,Finition,162.2,Titane,Rouge,199,MCH-02,CNC_FAST,2024-06-14 21:20:57,2024-06-15 00:43:50,0.0,done,2024-06-15 00:45:29
OF-2024-04696,ARTU16,Usinage,144.1,Aluminium,Noir,27,MCH-05,CNC_STD,2024-07-01 09:19:10,2024-07-01 10:32:16,0.0,done,2024-07-01 10:33:28
OF-2024-04697,ART-U16,Usinage,144.1,Aluminium,Noir,250,MCH-03,CNC_STD,2024-03-19 19:54:19,2024-03-20 04:09:50,0.0,done,2024-03-20 04:11:18
OF-2024-04698,ART-A06,Assemblage,21.3,Acier,Noir,77,MCH-07,MANUAL,05/05/2024 11:55,05/05/2024 13:11,0.0,done,05/05/2024 13:13
OF-2024-04699,ART-S25,Soudure,151.9,Acier,Bleu,14,MCH-07,MANUAL,05/03/2024 09:39,05/03/2024 11:45,0.0,done,05/03/2024 11:50
OF-2024-04700,ART-A26,Assemblage,183.1,Inox,Rouge,50,MCH-09,ROBOT_CELL,2024-01-28 08:04:08,2024-01-28 09:39:48,0.0,done,2024-01-28 09:44:01
OF-2024-04701,ART-U04,Usinage,186.4,Inox,Rouge,31,MCH-02,CNC_FAST,2024-02-25 13:54:46,,0.0,running,2024-02-25 15:49:55
OF-2024-04702,ART-U28,Usinage,115.2,Aluminium,Bleu,78,MCH-02,CNC_FAST,2024-07-11 15:25:04,2024-07-11 16:56:01,0.0,done,2024-07-11 16:58:26
OF-2024-04703,ART-F39,Finition,157.5,Titane,Jaune,23,MCH-02,CNC_FAST,2024-07-26 10:25:31,2024-07-26 10:51:06,0.0,done,2024-07-26 10:54:20
OF-2024-04704,  ART-U32 ,Usinage,131.7,Aluminium,Gris,224,MCH-05,CNC_STD,2024-07-13 11:39:18,2024-07-13 19:09:05,0.0,done,2024-07-13 19:10:07
OF-2024-04705,ART-F11,Finition,147.9,Acier,Gris,8,MCH-07,MANUAL,30/01/2024 21:39,30/01/2024 22:06,0.0,done,30/01/2024 22:10
OF-2024-04706,ART-U32,Usinage,131.7,Aluminium,Gris,13,MCH-03,CNC_STD,2024-01-09 16:17:01,2024-01-09 17:01:13,2.9,done,2024-01-09 17:03:44
OF-2024-04707,art-u16,Usinage,144.1,Aluminium,Noir,46,MCH-01,CNC_FAST,2024-01-16 07:49:59,2024-01-16 09:06:11,0.0,done,2024-01-16 09:11:10
OF-2024-04708,ART-U20,Usinage,23.4,Titane,Rouge,70,MCH-05,CNC_STD,2024-05-21 06:47:23,2024-05-21 08:33:42,23.6,done,2024-05-21 08:36:41
OF-2024-04709,ART-U28,Usinage,115.2,Aluminium,Bleu,35,MCH-01,CNC_FAST,2024-01-29 11:51:08,2024-01-29 12:43:34,0.0,done,2024-01-29 12:44:18
OF-2024-04710,ART-U28,Usinage,115.2,Aluminium,Bleu,27,MCH-03,CNC_STD,2024-04-07 11:19:36,2024-04-07 12:20:12,0.0,done,2024-04-07 12:21:33
OF-2024-04711,ART-U08-MM,Usinage,22.6,Inox,Noir,69,MCH-01,CNC_FAST,2024-06-11 13:59:18,2024-06-11 14:58:42,0.0,done,2024-06-11 15:00:38
OF-2024-04712,ART-A30,Assemblage,130.4,Acier,Gris,60,MCH-05,CNC_STD,2024-02-20 16:29:47,2024-02-20 16:29:47,0.0,done,2024-02-20 18:06:44
OF-2024-04713,ART-A26,Assemblage,183.1,Inox,Rouge,31,MCH-07,MANUAL,23/02/2024 17:21,23/02/2024 18:53,11.9,done,23/02/2024 18:55
OF-2024-04714,ART-U04,Usinage,186.4,Inox,Rouge,67,MCH-04,CNC_STD,2024-05-04 17:52:14,2024-05-04 22:44:43,0.0,done,2024-05-04 22:45:30
OF-2024-04715,ART-S29,Soudure,90.9,Aluminium,Vert,26,MCH-07,MANUAL,07/06/2024 20:59,07/06/2024 23:29,0.0,done,07/06/2024 23:32
OF-2024-04716,ART-F19,Finition,100.8,Aluminium,Gris,67,MCH-06,MANUAL,2024-07-13 15:09:38,2024-07-13 16:18:58,0.0,done,2024-07-13 16:19:56
OF-2024-04717,ART-A06,Assemblage,21.3,Acier,Noir,11,MCH-05,CNC_STD,2024-05-27 10:24:36,2024-05-27 10:39:19,3.0,done,2024-05-27 10:39:53
OF-2024-04718,ART-U32,Usinage,131.7,Aluminium,Gris,157,MCH-01,CNC_FAST,2024-08-16 12:30:04,2024-08-16 16:17:31,0.0,done,2024-08-16 16:19:37
OF-2024-04719,ART-U28,Usinage,115.2,Aluminium,Bleu,40,MCH-04,CNC_STD,2024-02-16 13:32:19,2024-02-16 14:38:31,12.7,done,2024-02-16 14:41:35
OF-2024-04720,  ART-U32 ,Usinage,131.7,Aluminium,Gris,39,MCH-01,CNC_FAST,2024-03-28 13:33:46,2024-03-28 14:39:39,12.0,done,2024-03-28 14:41:06
OF-2024-04721,ART-A26,Assemblage,183.1,Inox,Rouge,58,MCH-09,ROBOT_CELL,2024-07-16 15:16:50,2024-07-16 17:08:03,0.0,done,2024-07-16 17:10:35
OF-2024-04722,ART-U04,Usinage,186.4,Inox,Rouge,48,MCH-01,CNC_FAST,2024-04-05 15:01:54,2024-04-05 17:15:42,33.1,done,2024-04-05 17:18:41
OF-2024-04723,ART-A10,Assemblage,48.9,Aluminium,Jaune,274,MCH-05,CNC_STD,2024-05-09 09:07:24,2024-05-09 12:33:23,0.0,done,2024-05-09 12:34:31
OF-2024-04724,ART-F15,Finition,196.8,Titane,Jaune,66,MCH-01,CNC_FAST,2024-07-11 07:20:07,2024-07-11 08:48:36,29.0,done,2024-07-11 08:49:25
OF-2024-04725,  ART-U16 ,Usinage,144.1,Aluminium,Noir,71,MCH-01,CNC_FAST,2024-01-04 19:49:27,2024-01-04 21:37:35,0.0,done,2024-01-04 21:42:19
OF-2024-04726,ART-A26,Assemblage,183.1,Inox,Rouge,204,MCH-03,CNC_STD,2024-06-14 08:09:10,2024-06-14 14:10:47,108.2,done,2024-06-14 14:12:33
OF-2024-04727,ART-U28,Usinage,115.2,Aluminium,Bleu,120,MCH-01,CNC_FAST,2024-04-09 08:59:52,2024-04-09 11:00:04,0.0,done,2024-04-09 11:00:56
OF-2024-04728,ART-S09,Soudure,11.4,Acier,Jaune,328,MCH-06,MANUAL,2024-08-28 17:34:44,2024-08-29 03:07:26,0.0,done,2024-08-29 03:11:49
OF-2024-04729,ART-F19,Finition,100.8,Aluminium,Gris,32,MCH-01,CNC_FAST,2024-04-21 17:57:52,2024-04-21 18:16:17,0.0,done,2024-04-21 18:19:53
OF-2024-04730,ART-S29,Soudure,90.9,Aluminium,Vert,41,MCH-07,MANUAL,12/08/2024 12:07,12/08/2024 15:33,0.0,done,12/08/2024 15:37
OF-2024-04731,  ART-F11 ,Finition,147.9,Acier,Gris,73,MCH-06,MANUAL,2024-01-19 17:51:36,2024-01-19 19:33:47,10.8,done,2024-01-19 19:37:40
OF-2024-04732,ART-S25,Soudure,151.9,Acier,Bleu,33,MCH-11,ROBOT_CELL,2024-08-27 13:23:26,2024-08-27 15:43:50,25.5,done,2024-08-27 15:44:59
OF-2024-04733,ART-U28,Usinage,115.2,Aluminium,Bleu,238,MCH-03,CNC_STD,2024-08-26 06:53:14,2024-08-26 12:01:28,0.0,done,2024-08-26 12:04:10
OF-2024-04734,ART-S25,Soudure,151.9,Acier,Bleu,330,MCH-11,ROBOT_CELL,2024-03-24 10:01:41,2024-03-25 02:28:05,0.0,done,2024-03-25 02:30:29
OF-2024-04735,ART-U20,Usinage,23.4,Titane,Rouge,62,MCH-05,CNC_STD,2024-05-09 17:06:29,2024-05-09 18:49:16,0.0,done,2024-05-09 18:53:39
OF-2024-04736,ART-U28,Usinage,115.2,Aluminium,Bleu,58,MCH-05,CNC_STD,2024-08-03 09:20:55,,32.0,aborted,2024-08-03 11:11:22
OF-2024-04737,ART-U28,Usinage,115.2,Aluminium,Bleu,263,MCH-02,CNC_FAST,2024-04-11 10:27:03,2024-04-11 14:32:02,85.5,done,2024-04-11 14:35:21
OF-2024-04738,art-u08,Usinage,22.6,Inox,Noir,48,MCH-04,CNC_STD,2024-04-27 20:39:52,2024-04-27 21:47:28,0.0,done,2024-04-27 21:49:40
OF-2024-04739,ART-F27,Finition,162.2,Titane,Rouge,262,MCH-02,CNC_FAST,2024-07-14 19:40:34,2024-07-15 00:20:24,0.0,done,2024-07-15 00:25:15
OF-2024-04740,ART-U28,Usinage,115.2,Aluminium,Bleu,13,MCH-02,CNC_FAST,2024-07-11 10:20:57,2024-07-11 10:50:13,0.0,done,2024-07-11 10:51:43
OF-2024-04741,ART-S29,Soudure,90.9,Aluminium,Vert,74,MCH-07,MANUAL,02/03/2024 13:46,02/03/2024 18:20,0.0,done,02/03/2024 18:24
OF-2024-04742,ART-U24,Usinage,173.0,Aluminium,Vert,365,MCH-02,CNC_FAST,2024-06-18 20:39:05,2024-06-19 04:30:59,106.1,done,2024-06-19 04:32:13
OF-2024-04743,ART-S33,Soudure,195.1,Inox,Gris,46,MCH-09,ROBOT_CELL,2024-02-11 17:52:08,2024-02-11 22:04:39,0.0,done,2024-02-11 22:05:32
OF-2024-04744,ART-A22,Assemblage,105.9,Aluminium,Noir,57,MCH-09,ROBOT_CELL,2024-01-29 09:44:09,2024-01-29 10:55:54,13.3,done,2024-01-29 11:00:45
OF-2024-04745,ART-A26,Assemblage,183.1,Inox,Rouge,77,MCH-07,MANUAL,05/07/2024 08:20,05/07/2024 12:13,0.0,done,05/07/2024 12:17
OF-2024-04746,ART-U32,Usinage,131.7,Aluminium,Gris,77,MCH-01,CNC_FAST,2024-03-27 09:27:48,2024-03-27 11:06:58,0.0,done,2024-03-27 11:10:48
OF-2024-04747,ART-S01,Soudure,191.3,Titane,Bleu,50,MCH-07,MANUAL,02/02/2024 21:06,03/02/2024 06:37,0.0,done,03/02/2024 06:42
OF-2024-04748,ART-U04,Usinage,186.4,Inox,Rouge,67,MCH-05,CNC_STD,2024-04-25 14:17:06,2024-04-25 20:22:33,0.0,done,2024-04-25 20:26:23
OF-2024-04749,ART-S33,Soudure,195.1,Inox,Gris,47,MCH-11,ROBOT_CELL,2024-06-30 18:05:08,2024-06-30 22:25:01,0.0,done,2024-06-30 22:29:55
OF-2024-04750,ARTF19,Finition,100.8,Aluminium,Gris,33,MCH-01,CNC_FAST,2024-07-28 06:27:01,2024-07-28 06:48:41,0.0,done,2024-07-28 06:51:08
OF-2024-04751,ART-U24,Usinage,173.0,Aluminium,Vert,6,MCH-03,CNC_STD,2024-07-09 14:02:47,2024-07-09 14:33:43,0.0,done,2024-07-09 14:35:07
OF-2024-04752,ART-A10,Assemblage,48.9,Aluminium,Jaune,111,MCH-07,MANUAL,17/06/2024 17:58,17/06/2024 20:07,0.0,done,17/06/2024 20:10
OF-2024-04753,ART-F19,Finition,100.8,Aluminium,Gris,78,MCH-08,MANUAL,2024-06-18 13:14:31,2024-06-18 14:23:47,0.0,done,2024-06-18 14:28:03
OF-2024-04754,ART-U04,Usinage,186.4,Inox,Rouge,20,MCH-04,CNC_STD,2024-03-12 13:19:32,2024-03-12 14:52:58,0.0,done,2024-03-12 14:54:04
OF-2024-04755,ART-U16,Usinage,144.1,Aluminium,Noir,283,MCH-01,CNC_FAST,2024-06-30 16:13:22,2024-06-30 21:59:24,66.9,done,2024-06-30 22:03:56
OF-2024-04756,ART-S33,Soudure,195.1,Inox,Gris,44,MCH-07,MANUAL,30/06/2024 11:33,30/06/2024 18:26,77.3,done,30/06/2024 18:29
OF-2024-04757,ART-A26,Assemblage,183.1,Inox,Rouge,293,MCH-04,CNC_STD,2024-02-09 16:52:16,2024-02-10 06:20:29,0.0,done,2024-02-10 06:22:29
OF-2024-04758,ARTU20,Usinage,23.4,Titane,Rouge,249,MCH-02,CNC_FAST,2024-08-24 18:49:25,2024-08-24 22:32:00,0.0,done,2024-08-24 22:32:35
OF-2024-04759,ART-A22,Assemblage,105.9,Aluminium,Noir,17,MCH-04,CNC_STD,2024-05-23 14:54:02,2024-05-23 15:34:05,0.0,done,2024-05-23 15:36:33
OF-2024-04760,ART-U24,Usinage,173.0,Aluminium,Vert,34,MCH-05,CNC_STD,2024-03-21 08:54:10,,28.5,running,2024-03-21 10:17:48
OF-2024-04761,  ART-S17 ,Soudure,16.0,Acier,Bleu,133,MCH-06,MANUAL,2024-08-07 12:08:42,2024-08-07 16:44:27,0.0,done,2024-08-07 16:48:33
OF-2024-04762,ART-A18,Assemblage,15.6,Inox,Rouge,27,MCH-05,CNC_STD,2024-02-14 16:53:32,2024-02-14 17:13:35,0.0,done,2024-02-14 17:14:30
OF-2024-04763,ART-S33,Soudure,195.1,Inox,Gris,53,MCH-09,ROBOT_CELL,2024-04-25 17:15:45,2024-04-25 20:23:35,26.8,done,2024-04-25 20:24:38
OF-2024-04764,ART-S29,Soudure,90.9,Aluminium,Vert,11,MCH-06,MANUAL,2024-05-07 13:42:24,2024-05-07 14:59:04,26.6,done,2024-05-07 15:03:07
OF-2024-04765,ART-U28,Usinage,115.2,Aluminium,Bleu,154,MCH-02,CNC_FAST,2024-07-07 15:05:25,2024-07-07 18:08:48,55.2,done,2024-07-07 18:12:36
OF-2024-04766,ART-A02,Assemblage,36.9,Aluminium,Vert,324,MCH-11,ROBOT_CELL,2024-01-01 15:33:49,2024-01-01 17:40:48,0.0,done,2024-01-01 17:44:13
OF-2024-04767,ART-F15,Finition,196.8,Titane,Jaune,42,MCH-01,CNC_FAST,2024-05-11 16:52:48,2024-05-11 17:48:51,0.0,done,2024-05-11 17:49:49
OF-2024-04768,ART-A26,Assemblage,183.1,Inox,Rouge,35,MCH-05,CNC_STD,2024-01-02 08:15:04,2024-01-02 09:50:14,0.0,done,2024-01-02 09:54:18
OF-2024-04769,ART-F03,Finition,55.9,Titane,Jaune,28,MCH-01,CNC_FAST,2024-05-30 15:58:28,2024-05-30 16:19:26,0.0,done,2024-05-30 16:23:55
OF-2024-04770,ART-F15,Finition,196.8,Titane,Jaune,269,MCH-06,MANUAL,2024-02-24 14:40:31,2024-02-25 04:52:19,81.9,done,2024-02-25 04:56:08
OF-2024-04771,ART-A26,Assemblage,183.1,Inox,Rouge,17,MCH-04,CNC_STD,2024-04-19 07:52:20,2024-04-19 08:33:13,12.4,done,2024-04-19 08:35:29
OF-2024-04772,ART-S05,Soudure,38.9,Acier,Vert,324,MCH-11,ROBOT_CELL,2024-03-09 14:58:00,2024-03-09 21:05:00,69.6,done,2024-03-09 21:08:12
OF-2024-04773,ART-S13,Soudure,74.7,Acier,Jaune,65,MCH-11,ROBOT_CELL,2024-04-17 12:29:46,2024-04-17 15:47:46,41.1,done,2024-04-17 15:51:29
OF-2024-04774,ART-U04,Usinage,186.4,Inox,Rouge,62,MCH-01,CNC_FAST,2024-06-29 09:26:51,2024-06-29 12:22:47,38.7,done,2024-06-29 12:26:58
OF-2024-04775,ART-U28,Usinage,115.2,Aluminium,Bleu,54,MCH-01,CNC_FAST,2024-08-27 15:29:25,2024-08-27 16:57:22,9.5,done,2024-08-27 17:01:39
OF-2024-04776,ART-S29,Soudure,90.9,Aluminium,Vert,10,MCH-06,MANUAL,2024-07-03 11:45:25,2024-07-03 12:57:44,0.0,done,2024-07-03 13:00:08
OF-2024-04777,ARTF07,Finition,147.0,Acier,Gris,236,MCH-02,CNC_FAST,2024-07-30 13:13:42,2024-07-30 15:26:11,43.6,done,2024-07-30 15:31:05
OF-2024-04778,ART-F19,Finition,100.8,Aluminium,Gris,30,MCH-01,CNC_FAST,2024-03-16 21:56:58,2024-03-16 22:15:07,0.0,done,2024-03-16 22:17:55
OF-2024-04779,ART-A26,Assemblage,183.1,Inox,Rouge,61,MCH-06,MANUAL,2024-06-25 20:54:44,2024-06-25 23:27:48,0.0,done,2024-06-25 23:31:02
OF-2024-04780,ARTF11,Finition,147.9,Acier,Gris,395,MCH-07,MANUAL,11/05/2024 06:26,11/05/2024 13:31,64.6,done,11/05/2024 13:33
OF-2024-04781,ART-U00,Usinage,184.0,Inox,Jaune,21,MCH-03,CNC_STD,2024-05-29 21:49:19,2024-05-29 23:15:54,0.0,done,2024-05-29 23:16:42
OF-2024-04782,ART-A26,Assemblage,183.1,Inox,Rouge,295,MCH-04,CNC_STD,2024-03-26 21:28:25,2024-03-30 22:00:31,0.0,done,2024-03-30 22:03:45
OF-2024-04783,ART-A30-MM,Assemblage,130.4,Acier,Gris,333,MCH-07,MANUAL,24/06/2024 11:54,24/06/2024 22:55,0.0,done,24/06/2024 22:59
OF-2024-04784,ART-U28,Usinage,115.2,Aluminium,Bleu,125,MCH-02,CNC_FAST,2024-06-09 13:26:09,2024-06-09 15:41:11,0.0,done,2024-06-09 15:42:52
OF-2024-04785,ART-A26,Assemblage,183.1,Inox,Rouge,56,MCH-10,ROBOT_CELL,2024-05-27 06:21:21,2024-05-27 08:07:11,0.0,done,2024-05-27 08:10:35
OF-2024-04786,ART-U32,Usinage,131.7,Aluminium,Gris,139,MCH-05,CNC_STD,2024-06-30 12:34:19,2024-06-30 17:44:33,0.0,done,2024-06-30 17:49:25
OF-2024-04787,ART-U24,Usinage,173.0,Aluminium,Vert,59,MCH-02,CNC_FAST,2024-06-19 18:44:27,2024-06-19 20:12:39,0.0,done,2024-06-19 20:13:25
OF-2024-04788,ART-S17,Soudure,16.0,Acier,Bleu,17,MCH-07,MANUAL,28/04/2024 14:26,28/04/2024 15:34,0.0,done,28/04/2024 15:39
OF-2024-04789,ART-S13,Soudure,74.7,Acier,Jaune,213,MCH-06,MANUAL,2024-04-21 17:37:49,2024-04-22 07:43:05,0.0,done,2024-04-22 07:46:13
OF-2024-04790,  ART-S05 ,Soudure,38.9,Acier,Vert,54,MCH-07,MANUAL,24/03/2024 12:00,24/03/2024 14:25,0.0,done,24/03/2024 14:26
OF-2024-04791,ART-U04,Usinage,186.4,Inox,Rouge,54,MCH-02,CNC_FAST,2024-08-26 21:27:01,2024-08-27 00:45:06,15.1,done,2024-08-27 00:46:59
OF-2024-04792,ART-U16,Usinage,144.1,Aluminium,Noir,35,MCH-02,CNC_FAST,2024-04-05 11:28:13,2024-04-05 12:28:51,0.0,done,2024-04-05 12:31:01
OF-2024-04793,ART-U28,Usinage,115.2,Aluminium,Bleu,13,MCH-01,CNC_FAST,2024-02-03 13:33:21,2024-02-03 14:04:06,0.0,done,2024-02-03 14:06:58
OF-2024-04794,ART-U24,Usinage,173.0,Aluminium,Vert,77,MCH-02,CNC_FAST,2024-06-26 21:10:58,2024-06-26 23:07:25,17.4,done,2024-06-26 23:08:57
OF-2024-04795,ART-U32,Usinage,131.7,Aluminium,Gris,14,MCH-02,CNC_FAST,2024-01-19 08:56:27,2024-01-19 09:36:14,7.6,done,2024-01-19 09:36:55
OF-2024-04796,  ART-U32 ,Usinage,131.7,Aluminium,Gris,56,MCH-04,CNC_STD,2024-04-08 22:06:56,2024-04-08 23:57:54,11.1,done,2024-04-08 23:59:54
OF-2024-04797,ART-U20,Usinage,23.4,Titane,Rouge,38,MCH-03,CNC_STD,2024-03-12 16:52:38,2024-03-12 18:11:32,0.0,done,2024-03-12 18:14:20
OF-2024-04798,art-u16,Usinage,144.1,Aluminium,Noir,60,MCH-02,CNC_FAST,2024-06-18 11:27:54,2024-06-18 12:57:22,16.6,done,2024-06-18 12:59:49
OF-2024-04799,ART-S29,Soudure,90.9,Aluminium,Vert,50,MCH-09,ROBOT_CELL,2024-01-12 15:08:13,2024-01-12 18:04:32,28.7,done,2024-01-12 18:07:36
OF-2024-04800,ART-A26,Assemblage,183.1,Inox,Rouge,102,MCH-07,MANUAL,11/05/2024 10:47,11/05/2024 15:40,78.5,done,11/05/2024 15:43
OF-2024-04801,ART-S29,Soudure,90.9,Aluminium,Vert,62,MCH-11,ROBOT_CELL,2024-03-25 08:03:22,2024-03-25 10:24:12,29.6,done,2024-03-25 10:25:14
OF-2024-04802,ART-F19,Finition,100.8,Aluminium,Gris,52,MCH-02,CNC_FAST,2024-06-24 06:51:48,2024-06-24 07:19:34,0.0,done,2024-06-24 07:23:43
OF-2024-04803,ART-F15,Finition,196.8,Titane,Jaune,23,MCH-06,MANUAL,2024-05-20 08:44:46,2024-05-20 10:12:57,0.0,done,2024-05-20 10:17:30
OF-2024-04804,ART-S29,Soudure,90.9,Aluminium,Vert,44,MCH-09,ROBOT_CELL,2024-08-25 16:48:34,2024-08-25 18:40:15,20.4,done,2024-08-25 18:42:19
OF-2024-04805,ART-S25,Soudure,151.9,Acier,Bleu,227,MCH-06,MANUAL,2024-02-07 11:07:30,2024-02-08 13:09:41,0.0,done,2024-02-08 13:14:17
OF-2024-04806,ART-U08,Usinage,22.6,Inox,Noir,78,MCH-04,CNC_STD,2024-02-24 12:13:55,2024-02-24 13:44:05,0.0,done,2024-02-24 13:45:18
OF-2024-04807,ART-U08,Usinage,22.6,Inox,Noir,51,MCH-02,CNC_FAST,2024-01-30 12:51:04,2024-01-30 13:43:26,0.0,done,2024-01-30 13:45:50
OF-2024-04808,ART-S21,Soudure,45.5,Inox,Vert,18,MCH-06,MANUAL,2024-08-24 11:38:51,2024-08-24 13:32:25,0.0,done,2024-08-24 13:33:29
OF-2024-04809,ART-S29,Soudure,90.9,Aluminium,Vert,79,MCH-10,ROBOT_CELL,2024-04-27 14:13:39,2024-04-27 17:41:35,0.0,done,2024-04-27 17:45:42
OF-2024-04810,ART-U04,Usinage,186.4,Inox,Rouge,66,MCH-05,CNC_STD,2024-03-24 19:17:01,2024-03-25 00:17:46,0.0,done,2024-03-25 00:18:44
OF-2024-04811,ART-U04,Usinage,186.4,Inox,Rouge,26,MCH-03,CNC_STD,2024-05-29 18:46:39,2024-05-29 20:56:57,0.0,done,2024-05-29 21:00:22
OF-2024-04812,ART-A10,Assemblage,48.9,Aluminium,Jaune,148,MCH-12,ROBOT_CELL,2024-06-27 09:21:02,2024-06-27 11:27:50,0.0,done,2024-06-27 11:32:25
OF-2024-04813,ART-S21,Soudure,45.5,Inox,Vert,39,MCH-08,MANUAL,2024-04-30 19:09:07,2024-04-30 21:54:42,0.0,done,2024-04-30 21:55:29
OF-2024-04814,ART-A06,Assemblage,21.3,Acier,Noir,12,MCH-07,MANUAL,09/08/2024 11:29,09/08/2024 11:49,6.7,done,09/08/2024 11:50
OF-2024-04815,ART-A26,Assemblage,183.1,Inox,Rouge,13,MCH-05,CNC_STD,2024-08-02 06:55:30,2024-08-02 07:41:58,0.0,done,2024-08-02 07:43:12
OF-2024-04816,ART-U04,Usinage,186.4,Inox,Rouge,143,MCH-01,CNC_FAST,2024-05-25 09:29:53,2024-05-25 15:03:33,0.0,done,2024-05-25 15:08:09
OF-2024-04817,ART-F27,Finition,162.2,Titane,Rouge,198,MCH-02,CNC_FAST,2024-07-12 18:11:31,2024-07-12 21:31:19,0.0,done,2024-07-12 21:34:45
OF-2024-04818,ART-U28,Usinage,115.2,Aluminium,Bleu,47,MCH-02,CNC_FAST,2024-02-06 07:11:54,2024-02-06 08:17:40,0.0,done,2024-02-06 08:21:36
OF-2024-04819,ART-U16,Usinage,144.1,Aluminium,Noir,55,MCH-04,CNC_STD,2024-05-20 14:48:03,2024-05-20 16:37:25,0.0,done,2024-05-20 16:40:14
OF-2024-04820,ART-S21,Soudure,45.5,Inox,Vert,53,MCH-10,ROBOT_CELL,2024-08-29 11:06:25,,0.0,running,2024-08-29 13:31:12
OF-2024-04821,ART-A26,Assemblage,183.1,Inox,Rouge,316,MCH-11,ROBOT_CELL,2024-01-20 07:37:24,2024-01-20 16:11:46,0.0,done,2024-01-20 16:13:01
OF-2024-04822,ART-U28,Usinage,115.2,Aluminium,Bleu,57,MCH-02,CNC_FAST,2024-03-28 14:25:54,2024-03-28 15:27:53,0.0,done,2024-03-28 15:30:00
OF-2024-04823,ART-U04,Usinage,186.4,Inox,Rouge,13,MCH-02,CNC_FAST,2024-08-29 16:18:03,2024-08-29 17:13:57,0.0,done,2024-08-29 17:17:47
OF-2024-04824,ART-U28,Usinage,115.2,Aluminium,Bleu,302,MCH-03,CNC_STD,2024-02-27 20:12:26,2024-02-28 02:35:18,0.0,done,2024-02-28 02:38:44
OF-2024-04825,ART-S37,Soudure,181.1,Acier,Gris,24,MCH-07,MANUAL,24/05/2024 06:12,24/05/2024 09:17,0.0,done,24/05/2024 09:19
OF-2024-04826,ART-S13,Soudure,74.7,Acier,Jaune,309,MCH-10,ROBOT_CELL,2024-02-25 11:43:31,2024-02-26 01:10:08,124.8,done,2024-02-26 01:12:07
OF-2024-04827,ART-A06,Assemblage,21.3,Acier,Noir,342,MCH-07,MANUAL,26/07/2024 08:35,26/07/2024 12:27,28.2,done,26/07/2024 12:32
OF-2024-04828,ART-A22,Assemblage,105.9,Aluminium,Noir,75,MCH-04,CNC_STD,2024-02-18 18:04:30,2024-02-18 19:08:01,0.0,done,2024-02-18 19:11:00
OF-2024-04829,ART-A02,Assemblage,36.9,Aluminium,Vert,109,MCH-07,MANUAL,16/07/2024 07:48,16/07/2024 09:29,11.3,done,16/07/2024 09:30
OF-2024-04830,ART-F27,Finition,162.2,Titane,Rouge,54,MCH-02,CNC_FAST,2024-08-25 09:56:21,2024-08-25 10:49:46,8.5,done,2024-08-25 10:50:26
OF-2024-04831,ART-U00,Usinage,184.0,Inox,Jaune,43,MCH-03,CNC_STD,2024-05-30 14:27:00,2024-05-30 16:41:10,31.3,done,2024-05-30 16:43:48
OF-2024-04832,ART-F23,Finition,23.0,Acier,Gris,8,MCH-02,CNC_FAST,2024-01-03 15:49:51,2024-01-03 15:57:25,0.0,done,2024-01-03 15:58:03
OF-2024-04833,ART-S29,Soudure,90.9,Aluminium,Vert,12,MCH-07,MANUAL,30/04/2024 10:20,30/04/2024 11:51,0.0,done,30/04/2024 11:56
OF-2024-04834,  ART-U16 ,Usinage,144.1,Aluminium,Noir,59,MCH-05,CNC_STD,2024-02-23 18:43:38,2024-02-23 20:51:52,0.0,done,2024-02-23 20:52:47
OF-2024-04835,ART-F23,Finition,23.0,Acier,Gris,5,MCH-01,CNC_FAST,2024-03-30 10:34:09,2024-03-30 10:39:53,0.4,done,2024-03-30 10:41:49
OF-2024-04836,ARTU20,Usinage,23.4,Titane,Rouge,68,MCH-02,CNC_FAST,2024-01-10 15:06:03,2024-01-10 17:00:53,8.7,done,2024-01-10 17:05:41
OF-2024-04837,ART-A26,Assemblage,183.1,Inox,Rouge,150,MCH-12,ROBOT_CELL,2024-08-30 11:52:33,2024-08-30 16:03:22,13.1,done,2024-08-30 16:05:06
OF-2024-04838,ART-F03,Finition,55.9,Titane,Jaune,46,MCH-01,CNC_FAST,2024-04-20 17:16:41,2024-04-20 17:55:38,9.3,done,2024-04-20 17:58:33
OF-2024-04839,ART-F19,Finition,100.8,Aluminium,Gris,35,MCH-07,MANUAL,15/08/2024 06:51,15/08/2024 07:47,0.0,done,15/08/2024 07:51
OF-2024-04840,ART-F07,Finition,147.0,Acier,Gris,33,MCH-07,MANUAL,25/05/2024 10:16,25/05/2024 11:15,4.5,done,25/05/2024 11:19
OF-2024-04841,ART-S29,Soudure,90.9,Aluminium,Vert,356,MCH-09,ROBOT_CELL,2024-02-17 12:31:43,2024-02-18 01:52:21,0.0,done,2024-02-18 01:55:40
OF-2024-04842,ART-A26,Assemblage,183.1,Inox,Rouge,17,MCH-09,ROBOT_CELL,2024-08-12 18:19:08,2024-08-12 19:01:57,0.0,done,2024-08-12 19:06:53
OF-2024-04843,ART-F19,Finition,100.8,Aluminium,Gris,29,MCH-06,MANUAL,2024-08-25 12:48:15,2024-08-25 13:31:08,6.0,done,2024-08-25 13:35:40
OF-2024-04844,ART-F11,Finition,147.9,Acier,Gris,37,MCH-06,MANUAL,2024-07-29 11:22:19,2024-07-29 12:20:04,8.1,done,2024-07-29 12:23:41
OF-2024-04845,ART-U28,Usinage,115.2,Aluminium,Bleu,78,MCH-04,CNC_STD,2024-06-16 17:48:17,2024-06-16 20:00:08,0.0,done,2024-06-16 20:03:14
OF-2024-04846,ART-U04,Usinage,186.4,Inox,Rouge,102,MCH-04,CNC_STD,2024-08-09 10:29:08,2024-08-09 17:53:56,0.0,done,2024-08-09 17:57:03
OF-2024-04847,ART-U28,Usinage,115.2,Aluminium,Bleu,63,MCH-03,CNC_STD,2024-03-08 13:08:50,2024-03-08 15:10:12,0.0,done,2024-03-08 15:13:00
OF-2024-04848,ART-S29,Soudure,90.9,Aluminium,Vert,326,MCH-07,MANUAL,18/04/2024 06:13,,0.0,aborted,18/04/2024 23:18
OF-2024-04849,ART-A06,Assemblage,21.3,Acier,Noir,166,MCH-06,MANUAL,2024-03-14 07:13:52,2024-03-14 09:25:11,11.6,done,2024-03-14 09:29:31
OF-2024-04850,ART-S09,Soudure,11.4,Acier,Jaune,358,MCH-10,ROBOT_CELL,2024-03-14 15:02:38,2024-03-14 20:19:07,28.9,done,2024-03-14 20:21:27
OF-2024-04851,ART-S33,Soudure,195.1,Inox,Gris,202,MCH-08,MANUAL,2024-04-21 09:37:59,2024-04-22 14:37:35,0.0,done,2024-04-22 14:42:01
OF-2024-04852,  ART-F11 ,Finition,147.9,Acier,Gris,79,MCH-06,MANUAL,2024-08-27 17:38:42,2024-08-27 19:32:41,0.0,done,2024-08-27 19:33:58
OF-2024-04853,ART-S25,Soudure,151.9,Acier,Bleu,13,MCH-10,ROBOT_CELL,2024-03-01 16:21:12,2024-03-01 17:34:48,22.9,done,2024-03-01 17:36:47
OF-2024-04854,ART-U04,Usinage,186.4,Inox,Rouge,80,MCH-01,CNC_FAST,2024-04-15 11:42:23,2024-04-15 15:32:22,0.0,done,2024-04-15 15:33:36
OF-2024-04855,ART-U00,Usinage,184.0,Inox,Jaune,6,MCH-01,CNC_FAST,2024-03-29 11:08:39,2024-03-29 11:36:02,0.0,done,2024-03-29 11:38:32
OF-2024-04856,ART-F19,Finition,100.8,Aluminium,Gris,348,MCH-07,MANUAL,29/03/2024 15:12,29/03/2024 20:10,0.0,done,29/03/2024 20:15
OF-2024-04857,ART-S25,Soudure,151.9,Acier,Bleu,19,MCH-12,ROBOT_CELL,2024-08-22 15:42:16,2024-08-22 17:38:01,0.0,done,2024-08-22 17:38:43
OF-2024-04858,ART-A14,Assemblage,190.7,Acier,Noir,240,MCH-08,MANUAL,2024-04-04 18:30:31,2024-04-05 03:59:25,65.2,done,2024-04-05 03:59:56
OF-2024-04859,ART-S33,Soudure,195.1,Inox,Gris,78,MCH-06,MANUAL,2024-06-30 11:35:05,2024-07-01 01:23:10,0.0,done,2024-07-01 01:23:48
OF-2024-04860,ART-S29,Soudure,90.9,Aluminium,Vert,262,MCH-10,ROBOT_CELL,2024-03-23 21:11:16,2024-03-24 05:26:29,86.8,done,2024-03-24 05:28:32
OF-2024-04861,ART-U04,Usinage,186.4,Inox,Rouge,38,MCH-04,CNC_STD,2024-04-15 18:21:32,2024-04-15 21:08:13,0.0,done,2024-04-15 21:10:59
OF-2024-04862,ART-U24,Usinage,173.0,Aluminium,Vert,138,MCH-01,CNC_FAST,2024-07-16 10:33:31,2024-07-16 13:39:10,57.8,done,2024-07-16 13:39:52
OF-2024-04863,ART-F19,Finition,100.8,Aluminium,Gris,34,MCH-06,MANUAL,2024-06-21 11:09:14,2024-06-21 11:45:03,0.0,done,2024-06-21 11:48:22
OF-2024-04864,ART-U04,Usinage,186.4,Inox,Rouge,113,MCH-01,CNC_FAST,2024-06-07 10:34:24,2024-06-07 16:37:33,0.0,done,2024-06-07 16:40:40
OF-2024-04865,ART-S33,Soudure,195.1,Inox,Gris,263,MCH-09,ROBOT_CELL,2024-03-09 15:51:41,2024-03-10 11:54:48,256.4,done,2024-03-10 11:55:48
OF-2024-04866,ART-A26,Assemblage,183.1,Inox,Rouge,362,MCH-08,MANUAL,2024-06-08 10:58:33,2024-06-09 05:13:37,119.1,done,2024-06-09 05:14:55
OF-2024-04867,ART-A06,Assemblage,21.3,Acier,Noir,64,MCH-05,CNC_STD,2024-04-17 14:36:33,2024-04-17 15:18:18,0.0,done,2024-04-17 15:20:07
OF-2024-04868,ART-U08,Usinage,22.6,Inox,Noir,61,MCH-03,CNC_STD,2024-01-18 16:08:25,2024-01-18 17:35:40,0.0,done,2024-01-18 17:37:35
OF-2024-04869,ART-U32,Usinage,131.7,Aluminium,Gris,43,MCH-05,CNC_STD,2024-03-16 18:51:15,2024-03-16 20:26:30,30.8,done,2024-03-16 20:27:33
OF-2024-04870,ART-S09,Soudure,11.4,Acier,Jaune,73,MCH-08,MANUAL,2024-08-13 09:32:43,2024-08-13 12:15:47,0.0,done,2024-08-13 12:19:51
OF-2024-04871,ART-U16-MM,Usinage,144.1,Aluminium,Noir,75,MCH-01,CNC_FAST,2024-03-18 09:56:08,2024-03-18 11:05:21,0.0,done,2024-03-18 11:07:23
OF-2024-04872,ART-U28,Usinage,115.2,Aluminium,Bleu,34,MCH-04,CNC_STD,2024-06-21 21:40:01,2024-06-21 22:47:36,20.4,done,2024-06-21 22:50:50
OF-2024-04873,ART-U28,Usinage,115.2,Aluminium,Bleu,363,MCH-01,CNC_FAST,2024-05-17 16:58:43,2024-05-17 22:37:11,104.1,done,2024-05-17 22:41:07
OF-2024-04874,ART-S25,Soudure,151.9,Acier,Bleu,30,MCH-11,ROBOT_CELL,2024-08-21 12:34:26,2024-08-21 14:46:12,33.5,done,2024-08-21 14:50:00
OF-2024-04875,ART-F19,Finition,100.8,Aluminium,Gris,80,MCH-02,CNC_FAST,2024-02-09 06:56:18,2024-02-09 07:35:31,0.0,done,2024-02-09 07:36:38
OF-2024-04876,ART-F03,Finition,55.9,Titane,Jaune,397,MCH-01,CNC_FAST,2024-05-05 09:00:00,,51.1,aborted,2024-05-05 12:53:49
OF-2024-04877,ART-S05,Soudure,38.9,Acier,Vert,70,MCH-07,MANUAL,19/03/2024 21:29,20/03/2024 00:29,14.4,done,20/03/2024 00:30
OF-2024-04878,ART-U32,Usinage,131.7,Aluminium,Gris,66,MCH-04,CNC_STD,2024-01-27 12:34:58,2024-01-27 15:04:06,0.0,done,2024-01-27 15:05:11
OF-2024-04879,ART-U00,Usinage,184.0,Inox,Jaune,24,MCH-02,CNC_FAST,2024-08-28 17:16:10,2024-08-28 18:17:21,0.0,done,2024-08-28 18:18:55
OF-2024-04880,art-f19,Finition,100.8,Aluminium,Gris,39,MCH-02,CNC_FAST,2024-06-17 16:48:47,2024-06-17 17:07:44,0.0,done,2024-06-17 17:11:45
OF-2024-04881,ART-F15,Finition,196.8,Titane,Jaune,66,MCH-06,MANUAL,2024-07-16 06:22:05,2024-07-16 09:39:59,0.0,done,2024-07-16 09:44:46
OF-2024-04882,ART-F27,Finition,162.2,Titane,Rouge,63,MCH-07,MANUAL,19/06/2024 14:06,,13.3,aborted,19/06/2024 16:18
OF-2024-04883,ART-A10,Assemblage,48.9,Aluminium,Jaune,66,MCH-08,MANUAL,2024-02-13 15:25:31,2024-02-13 16:45:48,23.7,done,2024-02-13 16:49:41
OF-2024-04884,ART-U28,Usinage,115.2,Aluminium,Bleu,49,MCH-01,CNC_FAST,2024-07-01 16:07:33,,0.0,running,2024-07-01 17:17:24
OF-2024-04885,ART-U28,Usinage,115.2,Aluminium,Bleu,79,MCH-02,CNC_FAST,2024-06-10 14:25:45,2024-06-10 15:50:25,0.0,done,2024-06-10 15:51:47
OF-2024-04886,ART-S33,Soudure,195.1,Inox,Gris,8,MCH-08,MANUAL,2024-07-26 16:02:54,2024-07-26 17:37:59,6.0,done,2024-07-26 17:40:44
OF-2024-04887,ART-A30,Assemblage,130.4,Acier,Gris,45,MCH-08,MANUAL,2024-04-10 06:18:26,2024-04-10 08:25:58,0.0,done,2024-04-10 08:26:53
OF-2024-04888,ART-U16,Usinage,144.1,Aluminium,Noir,394,MCH-01,CNC_FAST,2024-07-17 14:47:22,2024-07-17 23:14:59,0.0,done,2024-07-17 23:19:09
OF-2024-04889,ART-U12-MM,Usinage,23.0,Titane,Noir,309,MCH-02,CNC_FAST,2024-01-18 12:10:33,2024-01-18 17:55:20,0.0,done,2024-01-18 17:57:23
OF-2024-04890,ART-A10,Assemblage,48.9,Aluminium,Jaune,28,MCH-07,MANUAL,23/02/2024 15:50,23/02/2024 16:38,0.0,done,23/02/2024 16:39
OF-2024-04891,ART-S13,Soudure,74.7,Acier,Jaune,294,MCH-07,MANUAL,22/02/2024 21:40,23/02/2024 15:43,0.0,done,23/02/2024 15:48
OF-2024-04892,ART-A26,Assemblage,183.1,Inox,Rouge,41,MCH-04,CNC_STD,2024-06-13 12:26:01,2024-06-13 13:46:42,6.8,done,2024-06-13 13:50:54
OF-2024-04893,ART-S25,Soudure,151.9,Acier,Bleu,58,MCH-07,MANUAL,14/02/2024 13:05,14/02/2024 12:51,0.0,done,14/02/2024 20:36
OF-2024-04894,ART-F07,Finition,147.0,Acier,Gris,56,MCH-01,CNC_FAST,2024-05-13 12:59:00,2024-05-13 13:51:08,0.0,done,2024-05-13 13:54:25
OF-2024-04895,ART-U04,Usinage,186.4,Inox,Rouge,390,MCH-05,CNC_STD,2024-08-10 19:05:20,2024-08-11 22:38:02,0.0,done,2024-08-11 22:40:30
OF-2024-04896,ARTU16,Usinage,144.1,Aluminium,Noir,131,MCH-01,CNC_FAST,2024-06-05 21:16:28,2024-06-06 00:16:15,39.3,done,2024-06-06 00:18:36
OF-2024-04897,ART-U08,Usinage,22.6,Inox,Noir,284,MCH-04,CNC_STD,2024-08-21 11:29:31,2024-08-21 16:30:35,0.0,done,2024-08-21 16:34:31
OF-2024-04898,ART-U16,Usinage,144.1,Aluminium,Noir,105,MCH-05,CNC_STD,2024-02-14 21:09:40,2024-02-15 01:09:52,83.6,done,2024-02-15 01:12:01
OF-2024-04899,ART-U16,Usinage,144.1,Aluminium,Noir,73,MCH-01,CNC_FAST,2024-04-27 17:26:51,2024-04-27 19:16:47,0.0,done,2024-04-27 19:17:47
OF-2024-04900,ART-S25,Soudure,151.9,Acier,Bleu,67,MCH-06,MANUAL,2024-08-20 14:19:20,,0.0,running,2024-08-20 21:46:58
OF-2024-04901,ART-U04,Usinage,186.4,Inox,Rouge,8,MCH-02,CNC_FAST,2024-04-13 11:37:52,2024-04-13 12:25:04,0.0,done,2024-04-13 12:29:22
OF-2024-04902,ART-U16,Usinage,144.1,Aluminium,Noir,37,MCH-03,CNC_STD,2024-04-01 21:29:46,2024-04-01 22:49:14,0.0,done,2024-04-01 22:52:45
OF-2024-04903,ART-A22,Assemblage,105.9,Aluminium,Noir,28,MCH-09,ROBOT_CELL,2024-08-16 07:12:27,2024-08-16 07:44:48,0.0,done,2024-08-16 07:47:05
OF-2024-04904,ART-A22,Assemblage,105.9,Aluminium,Noir,282,MCH-11,ROBOT_CELL,2024-04-10 21:52:48,2024-04-11 00:40:30,0.0,done,2024-04-11 00:43:46
OF-2024-04905,ART-U04,Usinage,186.4,Inox,Rouge,394,MCH-01,CNC_FAST,2024-03-23 14:41:30,2024-03-24 09:26:41,0.0,done,2024-03-24 09:30:26
OF-2024-04906,ART-S25,Soudure,151.9,Acier,Bleu,35,MCH-07,MANUAL,04/07/2024 18:49,04/07/2024 23:15,0.0,done,04/07/2024 23:17
OF-2024-04907,ART-A02,Assemblage,36.9,Aluminium,Vert,57,MCH-05,CNC_STD,2024-01-18 09:53:27,2024-01-18 10:35:05,7.5,done,2024-01-18 10:36:28
OF-2024-04908,ART-U24,Usinage,173.0,Aluminium,Vert,74,MCH-01,CNC_FAST,2024-02-19 09:06:51,2024-02-19 11:25:31,0.0,done,2024-02-19 11:30:09
OF-2024-04909,ART-F27,Finition,162.2,Titane,Rouge,19,MCH-06,MANUAL,2024-07-20 12:01:57,2024-07-20 13:06:04,0.0,done,2024-07-20 13:06:44
OF-2024-04910,ART-U04,Usinage,186.4,Inox,Rouge,25,MCH-04,CNC_STD,2024-03-30 21:02:48,2024-03-31 09:06:58,172.0,done,2024-03-31 09:11:31
OF-2024-04911,ART-U32,Usinage,131.7,Aluminium,Gris,52,MCH-04,CNC_STD,2024-02-10 13:37:56,2024-02-10 15:50:51,24.3,done,2024-02-10 15:53:57
OF-2024-04912,ART-A30,Assemblage,130.4,Acier,Gris,58,MCH-10,ROBOT_CELL,2024-02-20 07:34:06,2024-02-20 08:56:38,0.0,done,2024-02-20 08:57:43
OF-2024-04913,ART-F27,Finition,162.2,Titane,Rouge,51,MCH-08,MANUAL,2024-01-14 10:47:23,2024-01-14 12:52:30,0.0,done,2024-01-14 12:56:11
OF-2024-04914,ART-U00,Usinage,184.0,Inox,Jaune,16,MCH-01,CNC_FAST,2024-06-15 13:54:19,2024-06-15 14:33:58,0.0,done,2024-06-15 14:37:22
OF-2024-04915,ART-U20,Usinage,23.4,Titane,Rouge,178,MCH-01,CNC_FAST,2024-01-07 13:21:37,2024-01-07 16:53:27,0.0,done,2024-01-07 16:57:18
OF-2024-04916,ART-U08,Usinage,22.6,Inox,Noir,31,MCH-02,CNC_FAST,2024-02-15 10:10:56,2024-02-15 10:46:21,0.0,done,2024-02-15 10:51:20
OF-2024-04917,ART-U16,Usinage,144.1,Aluminium,Noir,14,MCH-05,CNC_STD,2024-06-24 08:24:36,2024-06-24 09:08:50,13.3,done,2024-06-24 09:09:34
OF-2024-04918,ART-A26,Assemblage,183.1,Inox,Rouge,164,MCH-03,CNC_STD,2024-08-16 18:11:58,2024-08-17 01:15:13,0.0,done,2024-08-17 01:16:28
OF-2024-04919,ART-U16,Usinage,144.1,Aluminium,Noir,20,MCH-04,CNC_STD,2024-07-09 13:22:44,2024-07-09 14:14:19,15.2,done,2024-07-09 14:19:08
OF-2024-04920,ART-F03,Finition,55.9,Titane,Jaune,133,MCH-08,MANUAL,2024-05-10 06:48:13,2024-05-10 09:32:17,15.0,done,2024-05-10 09:34:51
OF-2024-04921,ART-S13,Soudure,74.7,Acier,Jaune,41,MCH-11,ROBOT_CELL,2024-06-08 17:54:48,2024-06-08 20:04:54,34.8,done,2024-06-08 20:05:27
OF-2024-04922,ART-S29,Soudure,90.9,Aluminium,Vert,64,MCH-09,ROBOT_CELL,2024-05-02 07:20:08,2024-05-02 10:38:45,29.1,done,2024-05-02 10:39:27
OF-2024-04923,ART-U32,Usinage,131.7,Aluminium,Gris,25,MCH-02,CNC_FAST,2024-04-04 08:17:27,2024-04-04 08:54:31,8.8,done,2024-04-04 08:56:28
OF-2024-04924,ART-S05,Soudure,38.9,Acier,Vert,62,MCH-06,MANUAL,2024-08-08 14:06:29,2024-08-08 17:15:04,0.0,done,2024-08-08 17:17:31
OF-2024-04925,ART-F15,Finition,196.8,Titane,Jaune,255,MCH-02,CNC_FAST,2024-03-30 12:38:52,,46.3,running,2024-03-30 17:24:32
OF-2024-04926,  ART-F19 ,Finition,100.8,Aluminium,Gris,65,MCH-06,MANUAL,2024-04-17 19:51:24,2024-04-17 20:51:53,7.0,done,2024-04-17 20:53:27
OF-2024-04927,ART-S29,Soudure,90.9,Aluminium,Vert,14,MCH-06,MANUAL,2024-07-28 06:18:47,2024-07-28 07:52:41,24.9,done,2024-07-28 07:54:30
OF-2024-04928,ART-S25,Soudure,151.9,Acier,Bleu,71,MCH-12,ROBOT_CELL,2024-05-21 19:46:45,2024-05-22 00:41:58,0.0,done,2024-05-22 00:46:54
OF-2024-04929,ART-U04,Usinage,186.4,Inox,Rouge,60,MCH-04,CNC_STD,2024-06-26 18:13:40,2024-06-26 22:15:59,0.0,done,2024-06-26 22:20:15
OF-2024-04930,ART-S05,Soudure,38.9,Acier,Vert,51,MCH-07,MANUAL,24/05/2024 11:45,24/05/2024 14:05,17.2,done,24/05/2024 14:07
OF-2024-04931,ART-S21,Soudure,45.5,Inox,Vert,257,MCH-06,MANUAL,2024-02-06 14:50:10,2024-02-07 09:22:14,0.0,done,2024-02-07 09:25:50
OF-2024-04932,ART-S25,Soudure,151.9,Acier,Bleu,197,MCH-12,ROBOT_CELL,2024-08-10 14:27:05,2024-08-11 03:46:40,0.0,done,2024-08-11 03:50:32
OF-2024-04933,ART-A26,Assemblage,183.1,Inox,Rouge,25,MCH-10,ROBOT_CELL,2024-08-11 19:21:26,2024-08-11 20:13:25,0.0,done,2024-08-11 20:14:14
OF-2024-04934,ART-U20,Usinage,23.4,Titane,Rouge,267,MCH-03,CNC_STD,2024-02-12 11:43:57,2024-02-12 20:05:50,78.8,done,2024-02-12 20:09:33
OF-2024-04935,ART-U20,Usinage,23.4,Titane,Rouge,47,MCH-02,CNC_FAST,2024-06-09 06:48:21,2024-06-09 07:49:54,0.0,done,2024-06-09 07:54:51
OF-2024-04936,ART-U04,Usinage,186.4,Inox,Rouge,5,MCH-05,CNC_STD,2024-06-13 13:37:23,2024-06-13 14:14:03,0.0,done,2024-06-13 14:18:44
OF-2024-04937,ART-S33,Soudure,195.1,Inox,Gris,32,MCH-08,MANUAL,2024-01-23 10:11:27,2024-01-23 15:27:22,30.4,done,2024-01-23 15:30:20
OF-2024-04938,  ART-F19 ,Finition,100.8,Aluminium,Gris,7,MCH-06,MANUAL,2024-01-28 21:18:09,2024-01-28 21:35:52,0.0,done,2024-01-28 21:40:29
OF-2024-04939,  ART-U16 ,Usinage,144.1,Aluminium,Noir,10,MCH-01,CNC_FAST,2024-02-03 19:38:49,2024-02-03 20:06:45,7.1,done,2024-02-03 20:08:50
OF-2024-04940,ART-S29,Soudure,90.9,Aluminium,Vert,230,MCH-08,MANUAL,2024-08-20 15:25:38,2024-08-21 09:36:19,0.0,done,2024-08-21 09:37:41
OF-2024-04941,ART-U16,Usinage,144.1,Aluminium,Noir,48,MCH-01,CNC_FAST,2024-08-11 10:21:50,2024-08-11 11:26:03,0.0,done,2024-08-11 11:26:34
OF-2024-04942,art-u16,Usinage,144.1,Aluminium,Noir,18,MCH-03,CNC_STD,2024-02-10 13:45:54,2024-02-10 14:41:59,0.0,done,2024-02-10 14:46:18
OF-2024-04943,ART-A26,Assemblage,183.1,Inox,Rouge,122,MCH-03,CNC_STD,2024-06-16 20:33:14,2024-06-17 00:51:29,0.0,done,2024-06-17 00:55:01
OF-2024-04944,ART-U28,Usinage,115.2,Aluminium,Bleu,58,MCH-02,CNC_FAST,2024-06-02 11:27:08,2024-06-02 12:38:22,20.4,done,2024-06-02 12:41:29
OF-2024-04945,ART-S13,Soudure,74.7,Acier,Jaune,355,MCH-08,MANUAL,2024-02-12 11:09:00,2024-02-13 18:27:02,343.5,done,2024-02-13 18:30:11
OF-2024-04946,ART-A10,Assemblage,48.9,Aluminium,Jaune,274,MCH-03,CNC_STD,2024-05-09 11:15:51,2024-05-09 14:47:37,0.0,done,2024-05-09 14:52:06
OF-2024-04947,ART-U24,Usinage,173.0,Aluminium,Vert,36,MCH-04,CNC_STD,2024-02-05 17:23:07,2024-02-05 19:11:53,28.9,done,2024-02-05 19:16:28
OF-2024-04948,ART-U00,Usinage,184.0,Inox,Jaune,299,MCH-03,CNC_STD,2024-05-12 19:36:54,2024-05-13 10:54:13,0.0,done,2024-05-13 10:57:27
OF-2024-04949,ART-U28,Usinage,115.2,Aluminium,Bleu,28,MCH-02,CNC_FAST,2024-07-23 15:31:55,2024-07-23 16:21:50,0.0,done,2024-07-23 16:24:26
OF-2024-04950,ART-A10,Assemblage,48.9,Aluminium,Jaune,326,MCH-07,MANUAL,03/04/2024 12:13,03/04/2024 17:32,0.0,done,03/04/2024 17:35
OF-2024-04951,ART-F19,Finition,100.8,Aluminium,Gris,384,MCH-07,MANUAL,18/07/2024 06:44,,0.0,aborted,18/07/2024 12:42
OF-2024-04952,ART-U16,Usinage,144.1,Aluminium,Noir,36,MCH-04,CNC_STD,2024-01-26 11:13:49,2024-01-26 12:43:18,0.0,done,2024-01-26 12:44:33
OF-2024-04953,ART-F15,Finition,196.8,Titane,Jaune,5,MCH-06,MANUAL,2024-07-17 21:24:57,2024-07-17 22:02:10,2.6,done,2024-07-17 22:03:58
OF-2024-04954,ART-S29,Soudure,90.9,Aluminium,Vert,324,MCH-06,MANUAL,2024-06-01 20:11:05,2024-06-02 14:56:57,0.0,done,2024-06-02 15:00:24
OF-2024-04955,ART-U04,Usinage,186.4,Inox,Rouge,18,MCH-02,CNC_FAST,2024-06-02 17:57:54,2024-06-02 19:20:26,18.1,done,2024-06-02 19:23:04
OF-2024-04956,ART-U00,Usinage,184.0,Inox,Jaune,9,MCH-01,CNC_FAST,2024-06-11 06:49:47,2024-06-11 07:21:28,0.0,done,2024-06-11 07:24:08
OF-2024-04957,ART-A02,Assemblage,36.9,Aluminium,Vert,31,MCH-08,MANUAL,2024-08-08 16:08:05,2024-08-08 16:47:28,13.2,done,2024-08-08 16:50:30
OF-2024-04958,  ART-U16 ,Usinage,144.1,Aluminium,Noir,288,MCH-01,CNC_FAST,2024-06-25 20:35:30,2024-06-26 03:17:44,58.6,done,2024-06-26 03:21:55
OF-2024-04959,ART-U32,Usinage,131.7,Aluminium,Gris,23,MCH-05,CNC_STD,2024-01-29 09:46:07,2024-01-29 10:49:03,0.0,done,2024-01-29 10:52:43
OF-2024-04960,ART-F15,Finition,196.8,Titane,Jaune,13,MCH-02,CNC_FAST,2024-07-18 12:26:37,2024-07-18 12:50:15,4.4,done,2024-07-18 12:54:31
OF-2024-04961,ART-U00,Usinage,184.0,Inox,Jaune,36,MCH-05,CNC_STD,2024-05-16 09:57:52,2024-05-16 11:57:51,0.0,done,2024-05-16 12:00:34
OF-2024-04962,ART-S01,Soudure,191.3,Titane,Bleu,57,MCH-09,ROBOT_CELL,2024-05-08 12:29:00,2024-05-08 17:17:19,22.3,done,2024-05-08 17:21:58
OF-2024-04963,ART-S13,Soudure,74.7,Acier,Jaune,349,MCH-06,MANUAL,2024-05-04 08:11:32,2024-05-05 04:02:25,0.0,done,2024-05-05 04:04:24
OF-2024-04964,ART-U08,Usinage,22.6,Inox,Noir,124,MCH-01,CNC_FAST,2024-07-03 20:46:29,2024-07-03 22:11:29,15.8,done,2024-07-03 22:12:29
OF-2024-04965,ART-U24,Usinage,173.0,Aluminium,Vert,12,MCH-04,CNC_STD,2024-03-14 11:54:27,2024-03-14 12:32:57,0.0,done,2024-03-14 12:33:34
OF-2024-04966,ART-S13,Soudure,74.7,Acier,Jaune,72,MCH-08,MANUAL,2024-03-06 19:04:41,2024-03-06 23:40:38,71.3,done,2024-03-06 23:43:04
OF-2024-04967,ART-U08,Usinage,22.6,Inox,Noir,59,MCH-04,CNC_STD,2024-04-03 21:29:47,2024-04-04 03:55:54,0.0,done,2024-04-04 03:57:27
OF-2024-04968,  ART-F11 ,Finition,147.9,Acier,Gris,10,MCH-02,CNC_FAST,2024-01-18 08:29:38,2024-01-18 08:45:12,3.9,done,2024-01-18 08:46:33
OF-2024-04969,ART-U28,Usinage,115.2,Aluminium,Bleu,54,MCH-03,CNC_STD,2024-01-09 13:36:35,2024-01-09 15:31:29,25.4,done,2024-01-09 15:34:02
OF-2024-04970,ART-F23,Finition,23.0,Acier,Gris,304,MCH-01,CNC_FAST,2024-04-15 14:14:19,2024-04-15 15:14:08,0.0,done,2024-04-15 15:17:14
OF-2024-04971,art-u16,Usinage,144.1,Aluminium,Noir,67,MCH-01,CNC_FAST,2024-04-25 07:25:38,2024-04-25 09:07:48,0.0,done,2024-04-25 09:10:51
OF-2024-04972,ART-U32,Usinage,131.7,Aluminium,Gris,244,MCH-01,CNC_FAST,2024-05-07 08:31:31,2024-05-07 14:03:40,0.0,done,2024-05-07 14:04:20
OF-2024-04973,art-u32,Usinage,131.7,Aluminium,Gris,298,MCH-01,CNC_FAST,2024-05-28 06:41:22,2024-05-28 12:02:56,0.0,done,2024-05-28 12:06:58
OF-2024-04974,ART-A26,Assemblage,183.1,Inox,Rouge,37,MCH-05,CNC_STD,2024-06-13 13:28:35,2024-06-13 15:19:31,20.2,done,2024-06-13 15:23:59
OF-2024-04975,ART-S09,Soudure,11.4,Acier,Jaune,76,MCH-07,MANUAL,05/05/2024 10:57,05/05/2024 13:33,0.0,done,05/05/2024 13:38
OF-2024-04976,ARTU32,Usinage,131.7,Aluminium,Gris,14,MCH-01,CNC_FAST,2024-01-09 19:01:11,2024-01-09 19:34:00,7.8,done,2024-01-09 19:38:04
OF-2024-04977,ART-F15,Finition,196.8,Titane,Jaune,52,MCH-01,CNC_FAST,2024-01-01 07:50:31,2024-01-01 08:57:56,10.2,done,2024-01-01 08:59:57
OF-2024-04978,ART-U32,Usinage,131.7,Aluminium,Gris,53,MCH-01,CNC_FAST,2024-03-21 12:13:15,,22.9,running,2024-03-21 13:35:49
OF-2024-04979,ART-U24,Usinage,173.0,Aluminium,Vert,376,MCH-05,CNC_STD,2024-04-19 21:39:44,2024-04-20 07:52:26,0.0,done,2024-04-20 07:55:27
OF-2024-04980,ART-S29,Soudure,90.9,Aluminium,Vert,42,MCH-08,MANUAL,2024-03-27 07:15:48,2024-03-27 10:20:34,0.0,done,2024-03-27 10:21:05
OF-2024-04981,ART-S25,Soudure,151.9,Acier,Bleu,66,MCH-07,MANUAL,16/06/2024 07:09,16/06/2024 13:37,0.0,done,16/06/2024 13:38
OF-2024-04982,ART-U32,Usinage,131.7,Aluminium,Gris,238,MCH-02,CNC_FAST,2024-08-07 16:31:26,2024-08-07 21:13:09,60.2,done,2024-08-07 21:15:09
OF-2024-04983,ART-S05,Soudure,38.9,Acier,Vert,31,MCH-09,ROBOT_CELL,2024-06-09 13:20:01,,0.0,aborted,2024-06-09 14:17:19
OF-2024-04984,ART-U20,Usinage,23.4,Titane,Rouge,240,MCH-04,CNC_STD,2024-06-23 13:11:36,2024-06-23 19:12:56,100.4,done,2024-06-23 19:17:19
OF-2024-04985,ART-F15,Finition,196.8,Titane,Jaune,55,MCH-02,CNC_FAST,2024-02-23 20:11:41,2024-02-23 21:53:27,0.0,done,2024-02-23 21:55:33
OF-2024-04986,ART-F27,Finition,162.2,Titane,Rouge,121,MCH-06,MANUAL,2024-03-09 16:42:33,2024-03-09 20:35:02,0.0,done,2024-03-09 20:35:51
OF-2024-04987,ART-U12,Usinage,23.0,Titane,Noir,333,MCH-05,CNC_STD,2024-04-13 10:21:37,2024-04-13 18:16:44,0.0,done,2024-04-13 18:17:36
OF-2024-04988,ART-S29,Soudure,90.9,Aluminium,Vert,16,MCH-08,MANUAL,2024-08-27 15:01:37,2024-08-27 16:48:48,7.1,done,2024-08-27 16:49:28
OF-2024-04989,ART-S21,Soudure,45.5,Inox,Vert,26,MCH-10,ROBOT_CELL,2024-02-01 14:06:34,2024-02-01 15:32:37,0.0,done,2024-02-01 15:35:26
OF-2024-04990,ART-A26,Assemblage,183.1,Inox,Rouge,77,MCH-08,MANUAL,2024-02-26 11:38:26,2024-02-26 16:06:56,80.3,done,2024-02-26 16:07:41
OF-2024-04991,ART-A14,Assemblage,190.7,Acier,Noir,399,MCH-04,CNC_STD,2024-02-13 08:10:10,2024-02-13 19:15:08,114.7,done,2024-02-13 19:17:54
OF-2024-04992,ARTF07,Finition,147.0,Acier,Gris,13,MCH-07,MANUAL,27/04/2024 12:53,27/04/2024 13:20,0.0,done,27/04/2024 13:24
OF-2024-04993,ART-U12,Usinage,23.0,Titane,Noir,38,MCH-02,CNC_FAST,2024-08-26 09:10:04,2024-08-26 09:55:20,8.5,done,2024-08-26 09:59:51
OF-2024-04994,  ART-U16 ,Usinage,144.1,Aluminium,Noir,78,MCH-03,CNC_STD,2024-04-29 14:11:23,2024-04-29 16:51:20,0.0,done,2024-04-29 16:53:00
OF-2024-04995,ART-S25,Soudure,151.9,Acier,Bleu,396,MCH-11,ROBOT_CELL,2024-01-06 08:50:32,2024-01-07 08:17:59,448.3,done,2024-01-07 08:20:35
OF-2024-04996,ART-U24,Usinage,173.0,Aluminium,Vert,393,MCH-02,CNC_FAST,2024-07-24 13:43:54,2024-07-24 22:38:07,33.3,done,2024-07-24 22:42:25
OF-2024-04997,ART-A06,Assemblage,21.3,Acier,Noir,73,MCH-03,CNC_STD,2024-01-24 11:04:53,2024-01-24 11:53:20,0.0,done,2024-01-24 11:57:41
OF-2024-04998,ART-U16,Usinage,144.1,Aluminium,Noir,36,MCH-05,CNC_STD,2024-01-21 16:07:51,2024-01-21 17:44:38,0.0,done,2024-01-21 17:45:27
OF-2024-04999,ART-U24,Usinage,173.0,Aluminium,Vert,202,MCH-02,CNC_FAST,2024-01-30 09:34:47,2024-01-30 14:38:19,0.0,done,2024-01-30 14:42:24
OF-2024-05000,ART-U04,Usinage,186.4,Inox,Rouge,242,MCH-01,CNC_FAST,2024-04-25 16:26:02,2024-04-26 03:14:30,0.0,done,2024-04-26 03:17:22
OF-2024-05001,ART-A14,Assemblage,190.7,Acier,Noir,135,MCH-09,ROBOT_CELL,2024-02-09 20:08:50,2024-02-09 23:20:48,52.4,done,2024-02-09 23:22:05
OF-2024-05002,ART-U16,Usinage,144.1,Aluminium,Noir,67,MCH-05,CNC_STD,2024-01-31 17:39:21,2024-01-31 20:02:51,44.0,done,2024-01-31 20:04:00
OF-2024-05003,ART-A06,Assemblage,21.3,Acier,Noir,51,MCH-03,CNC_STD,2024-05-13 18:53:16,2024-05-13 19:28:37,9.3,done,2024-05-13 19:31:40
OF-2024-05004,art-u08,Usinage,22.6,Inox,Noir,66,MCH-01,CNC_FAST,2024-03-26 13:34:27,2024-03-26 14:26:25,0.0,done,2024-03-26 14:30:20
OF-2024-05005,ART-F19,Finition,100.8,Aluminium,Gris,38,MCH-01,CNC_FAST,2024-02-11 06:30:24,2024-02-11 06:50:01,0.0,done,2024-02-11 06:51:07
OF-2024-05006,  ART-U16 ,Usinage,144.1,Aluminium,Noir,343,MCH-04,CNC_STD,2024-01-31 10:20:37,2024-01-31 19:49:44,0.0,done,2024-01-31 19:53:28
OF-2024-05007,ART-S29,Soudure,90.9,Aluminium,Vert,371,MCH-08,MANUAL,2024-06-07 13:52:07,2024-06-08 11:14:50,435.9,done,2024-06-08 11:16:55
OF-2024-05008,ART-U08,Usinage,22.6,Inox,Noir,326,MCH-03,CNC_STD,2024-06-19 13:08:51,2024-06-19 18:41:44,0.0,done,2024-06-19 18:42:50
OF-2024-05009,ART-U16,Usinage,144.1,Aluminium,Noir,188,MCH-02,CNC_FAST,2024-08-08 14:24:08,2024-08-08 19:28:42,15.3,done,2024-08-08 19:33:30
OF-2024-05010,ART-S29,Soudure,90.9,Aluminium,Vert,69,MCH-12,ROBOT_CELL,2024-08-18 10:39:19,2024-08-18 13:45:33,0.0,done,2024-08-18 13:50:06
OF-2024-05011,ART-U20,Usinage,23.4,Titane,Rouge,225,MCH-02,CNC_FAST,2024-04-20 14:59:16,2024-04-20 18:29:44,25.7,done,2024-04-20 18:32:05
OF-2024-05012,ART-U28,Usinage,115.2,Aluminium,Bleu,78,MCH-05,CNC_STD,2024-03-08 12:11:32,2024-03-08 14:22:48,0.0,done,2024-03-08 14:27:40
OF-2024-05013,ART-U04,Usinage,186.4,Inox,Rouge,49,MCH-05,CNC_STD,2024-01-01 06:18:50,2024-01-01 06:18:50,70.5,done,2024-01-01 09:58:13
OF-2024-05014,ART-F19,Finition,100.8,Aluminium,Gris,276,MCH-06,MANUAL,2024-06-13 19:03:58,2024-06-13 23:34:46,0.0,done,2024-06-13 23:39:15
OF-2024-05015,ART-F15,Finition,196.8,Titane,Jaune,43,MCH-06,MANUAL,2024-08-25 08:26:03,2024-08-25 11:04:15,0.0,done,2024-08-25 11:08:00
OF-2024-05016,ART-F15,Finition,196.8,Titane,Jaune,23,MCH-01,CNC_FAST,2024-01-18 11:18:35,2024-01-18 11:54:04,0.0,done,2024-01-18 11:58:16
OF-2024-05017,ART-U16,Usinage,144.1,Aluminium,Noir,18,MCH-04,CNC_STD,2024-01-29 16:24:51,2024-01-29 17:44:30,0.0,done,2024-01-29 17:47:54
OF-2024-05018,ART-U32,Usinage,131.7,Aluminium,Gris,231,MCH-01,CNC_FAST,2024-04-27 14:42:41,2024-04-27 18:50:31,80.1,done,2024-04-27 18:54:24
OF-2024-05019,ART-U28,Usinage,115.2,Aluminium,Bleu,45,MCH-05,CNC_STD,2024-07-30 13:16:12,2024-07-30 14:37:09,10.7,done,2024-07-30 14:39:01
OF-2024-05020,ART-S13,Soudure,74.7,Acier,Jaune,17,MCH-10,ROBOT_CELL,2024-01-18 14:40:55,2024-01-18 16:06:27,0.0,done,2024-01-18 16:07:01
OF-2024-05021,  ART-F07 ,Finition,147.0,Acier,Gris,26,MCH-02,CNC_FAST,2024-07-26 06:56:41,2024-07-26 07:23:12,0.0,done,2024-07-26 07:23:59
OF-2024-05022,ART-F31,Finition,25.3,Inox,Gris,5,MCH-07,MANUAL,12/07/2024 10:10,12/07/2024 10:25,1.1,done,12/07/2024 10:26
OF-2024-05023,ART-A06,Assemblage,21.3,Acier,Noir,67,MCH-03,CNC_STD,2024-06-14 19:51:32,2024-06-14 20:33:37,12.4,done,2024-06-14 20:37:04
OF-2024-05024,  ART-U08 ,Usinage,22.6,Inox,Noir,67,MCH-01,CNC_FAST,2024-03-04 15:47:21,2024-03-04 16:41:23,8.7,done,2024-03-04 16:45:48
OF-2024-05025,ART-S25,Soudure,151.9,Acier,Bleu,45,MCH-07,MANUAL,06/08/2024 19:58,07/08/2024 02:07,0.0,done,07/08/2024 02:10
OF-2024-05026,ART-S01,Soudure,191.3,Titane,Bleu,77,MCH-07,MANUAL,12/02/2024 14:35,13/02/2024 04:48,0.0,done,13/02/2024 04:53
OF-2024-05027,ART-U04,Usinage,186.4,Inox,Rouge,6,MCH-03,CNC_STD,2024-04-06 11:08:27,2024-04-06 12:01:17,0.0,done,2024-04-06 12:05:26
OF-2024-05028,ART-U32,Usinage,131.7,Aluminium,Gris,43,MCH-01,CNC_FAST,2024-01-01 21:48:20,2024-01-01 23:13:30,18.9,done,2024-01-01 23:15:32
OF-2024-05029,ART-A22,Assemblage,105.9,Aluminium,Noir,17,MCH-06,MANUAL,2024-06-15 12:42:13,2024-06-15 12:42:13,0.0,done,2024-06-15 13:27:33
OF-2024-05030,ART-U04,Usinage,186.4,Inox,Rouge,73,MCH-05,CNC_STD,2024-05-18 15:44:43,2024-05-18 20:59:04,0.0,done,2024-05-18 21:01:28
OF-2024-05031,ART-F27,Finition,162.2,Titane,Rouge,15,MCH-01,CNC_FAST,2024-04-10 10:19:23,2024-04-10 10:40:48,0.0,done,2024-04-10 10:44:39
OF-2024-05032,ART-U20,Usinage,23.4,Titane,Rouge,6,MCH-03,CNC_STD,2024-07-14 19:19:32,2024-07-14 19:46:18,0.0,done,2024-07-14 19:46:53
OF-2024-05033,ART-U08,Usinage,22.6,Inox,Noir,20,MCH-05,CNC_STD,2024-05-17 16:00:57,2024-05-17 16:39:33,12.4,done,2024-05-17 16:43:55
OF-2024-05034,ART-A06,Assemblage,21.3,Acier,Noir,54,MCH-12,ROBOT_CELL,2024-05-06 16:33:08,2024-05-06 17:12:10,0.0,done,2024-05-06 17:15:52
OF-2024-05035,ART-U08,Usinage,22.6,Inox,Noir,57,MCH-01,CNC_FAST,2024-04-17 09:33:17,2024-04-17 10:25:54,17.3,done,2024-04-17 10:30:51
OF-2024-05036,ART-S29,Soudure,90.9,Aluminium,Vert,76,MCH-09,ROBOT_CELL,2024-05-08 08:21:12,2024-05-08 11:48:16,53.3,done,2024-05-08 11:52:38
OF-2024-05037,ART-S25,Soudure,151.9,Acier,Bleu,80,MCH-12,ROBOT_CELL,2024-07-20 11:08:42,2024-07-20 16:01:30,57.0,done,2024-07-20 16:03:04
OF-2024-05038,ART-U28,Usinage,115.2,Aluminium,Bleu,38,MCH-03,CNC_STD,2024-02-19 17:45:54,2024-02-19 19:09:41,24.1,done,2024-02-19 19:12:04
OF-2024-05039,ART-A06-MM,Assemblage,21.3,Acier,Noir,74,MCH-03,CNC_STD,2024-03-12 20:23:07,,11.2,aborted,2024-03-12 21:06:58
OF-2024-05040,ART-U24,Usinage,173.0,Aluminium,Vert,392,MCH-02,CNC_FAST,2024-05-15 06:04:14,2024-05-15 13:43:13,114.1,done,2024-05-15 13:45:31
OF-2024-05041,ART-U28,Usinage,115.2,Aluminium,Bleu,12,MCH-05,CNC_STD,2024-07-01 13:42:49,2024-07-01 14:13:15,0.0,done,2024-07-01 14:18:00
OF-2024-05042,ART-U08,Usinage,22.6,Inox,Noir,53,MCH-05,CNC_STD,2024-07-11 12:17:08,2024-07-11 13:16:27,0.0,done,2024-07-11 13:18:58
OF-2024-05043,ART-U28,Usinage,115.2,Aluminium,Bleu,64,MCH-05,CNC_STD,2024-08-18 09:23:17,2024-08-18 10:53:48,0.0,done,2024-08-18 10:56:49
OF-2024-05044,ART-S21,Soudure,45.5,Inox,Vert,14,MCH-09,ROBOT_CELL,2024-04-06 16:42:54,2024-04-06 17:30:32,14.2,done,2024-04-06 17:33:38
OF-2024-05045,ART-U28,Usinage,115.2,Aluminium,Bleu,49,MCH-03,CNC_STD,2024-05-03 19:50:56,2024-05-03 21:29:53,6.7,done,2024-05-03 21:34:00
OF-2024-05046,ART-A30,Assemblage,130.4,Acier,Gris,68,MCH-04,CNC_STD,2024-03-20 15:55:54,2024-03-20 18:36:43,17.7,done,2024-03-20 18:38:46
OF-2024-05047,ART-S29,Soudure,90.9,Aluminium,Vert,10,MCH-07,MANUAL,23/07/2024 10:14,23/07/2024 11:44,25.1,done,23/07/2024 11:45
OF-2024-05048,ART-U32,Usinage,131.7,Aluminium,Gris,68,MCH-01,CNC_FAST,2024-03-31 21:14:25,2024-03-31 23:09:08,32.9,done,2024-03-31 23:10:47
OF-2024-05049,ART-U28,Usinage,115.2,Aluminium,Bleu,27,MCH-01,CNC_FAST,2024-01-21 12:50:19,2024-01-21 13:41:49,8.7,done,2024-01-21 13:45:03
OF-2024-05050,ART-F15,Finition,196.8,Titane,Jaune,10,MCH-08,MANUAL,2024-06-01 11:42:47,,0.0,aborted,2024-06-01 12:21:44
OF-2024-05051,ART-F03,Finition,55.9,Titane,Jaune,45,MCH-07,MANUAL,28/08/2024 11:24,28/08/2024 12:42,0.0,done,28/08/2024 12:43
OF-2024-05052,ART-U32,Usinage,131.7,Aluminium,Gris,73,MCH-01,CNC_FAST,2024-02-02 19:35:43,2024-02-02 19:21:43,26.3,done,2024-02-02 21:29:59
OF-2024-05053,ART-U08,Usinage,22.6,Inox,Noir,245,MCH-05,CNC_STD,2024-07-22 21:59:44,2024-07-23 01:48:19,71.9,done,2024-07-23 01:51:08
OF-2024-05054,ART-S29,Soudure,90.9,Aluminium,Vert,74,MCH-11,ROBOT_CELL,2024-01-11 21:40:45,2024-01-12 01:11:57,40.4,done,2024-01-12 01:15:35
OF-2024-05055,ART-U28,Usinage,115.2,Aluminium,Bleu,65,MCH-01,CNC_FAST,2024-06-20 17:58:13,2024-06-20 17:58:13,12.5,done,2024-06-20 19:02:24
OF-2024-05056,ART-F27,Finition,162.2,Titane,Rouge,42,MCH-01,CNC_FAST,2024-07-15 13:02:20,2024-07-15 13:51:13,8.4,done,2024-07-15 13:53:33
OF-2024-05057,ART-U16,Usinage,144.1,Aluminium,Noir,51,MCH-04,CNC_STD,2024-03-07 06:31:14,2024-03-07 08:35:20,0.0,done,2024-03-07 08:37:45
OF-2024-05058,ARTU12,Usinage,23.0,Titane,Noir,25,MCH-02,CNC_FAST,2024-08-30 15:40:40,2024-08-30 16:07:32,6.8,done,2024-08-30 16:11:05
OF-2024-05059,ART-S05,Soudure,38.9,Acier,Vert,67,MCH-10,ROBOT_CELL,2024-01-19 13:22:42,2024-01-19 15:14:12,0.0,done,2024-01-19 15:19:03
OF-2024-05060,ARTU20,Usinage,23.4,Titane,Rouge,15,MCH-04,CNC_STD,2024-05-15 09:39:34,,11.0,aborted,2024-05-15 10:18:25
OF-2024-05061,ART-U16,Usinage,144.1,Aluminium,Noir,16,MCH-04,CNC_STD,2024-08-21 20:07:37,2024-08-21 21:22:39,0.0,done,2024-08-21 21:25:19
OF-2024-05062,ART-F15,Finition,196.8,Titane,Jaune,19,MCH-07,MANUAL,21/07/2024 07:01,21/07/2024 08:13,11.6,done,21/07/2024 08:14
OF-2024-05063,ART-U04,Usinage,186.4,Inox,Rouge,268,MCH-05,CNC_STD,2024-05-18 08:58:27,2024-05-19 03:46:24,232.1,done,2024-05-19 03:50:35
OF-2024-05064,ART-S21,Soudure,45.5,Inox,Vert,63,MCH-12,ROBOT_CELL,2024-07-14 18:36:32,2024-07-14 21:04:58,23.7,done,2024-07-14 21:09:02
OF-2024-05065,art-u32,Usinage,131.7,Aluminium,Gris,45,MCH-05,CNC_STD,2024-01-17 19:31:59,2024-01-17 21:33:04,31.3,done,2024-01-17 21:34:41
OF-2024-05066,ART-A22,Assemblage,105.9,Aluminium,Noir,59,MCH-06,MANUAL,2024-07-22 07:30:18,2024-07-22 08:51:39,0.0,done,2024-07-22 08:56:05
OF-2024-05067,ART-A22,Assemblage,105.9,Aluminium,Noir,17,MCH-10,ROBOT_CELL,2024-02-27 17:19:12,2024-02-27 17:42:57,0.0,done,2024-02-27 17:46:18
OF-2024-05068,ART-A06,Assemblage,21.3,Acier,Noir,7,MCH-08,MANUAL,2024-06-25 18:15:18,2024-06-25 18:37:07,0.0,done,2024-06-25 18:39:38
OF-2024-05069,ART-F23,Finition,23.0,Acier,Gris,74,MCH-01,CNC_FAST,2024-01-09 15:25:35,2024-01-09 15:25:35,0.0,done,2024-01-09 15:53:56
OF-2024-05070,ART-F27,Finition,162.2,Titane,Rouge,7,MCH-01,CNC_FAST,2024-06-19 09:08:06,2024-06-19 09:24:59,0.0,done,2024-06-19 09:27:44
OF-2024-05071,ART-U28,Usinage,115.2,Aluminium,Bleu,71,MCH-02,CNC_FAST,2024-03-11 19:53:26,2024-03-11 21:06:42,0.0,done,2024-03-11 21:09:55
OF-2024-05072,ART-U16,Usinage,144.1,Aluminium,Noir,10,MCH-02,CNC_FAST,2024-04-25 09:27:48,,0.0,aborted,2024-04-25 09:52:53
OF-2024-05073,ART-S33,Soudure,195.1,Inox,Gris,32,MCH-07,MANUAL,27/02/2024 13:08,27/02/2024 18:03,85.8,done,27/02/2024 18:04
OF-2024-05074,ART-A06,Assemblage,21.3,Acier,Noir,58,MCH-09,ROBOT_CELL,2024-03-16 09:38:10,2024-03-16 10:11:35,0.0,done,2024-03-16 10:15:52
OF-2024-05075,art-a06,Assemblage,21.3,Acier,Noir,78,MCH-09,ROBOT_CELL,2024-06-06 10:29:21,2024-06-06 11:13:10,6.4,done,2024-06-06 11:17:17
OF-2024-05076,ART-A22,Assemblage,105.9,Aluminium,Noir,294,MCH-06,MANUAL,2024-01-03 21:09:24,2024-01-04 05:10:46,127.4,done,2024-01-04 05:11:53
OF-2024-05077,ART-A06,Assemblage,21.3,Acier,Noir,29,MCH-06,MANUAL,2024-05-24 14:09:37,2024-05-24 14:37:47,0.0,done,2024-05-24 14:38:19
OF-2024-05078,ART-S33,Soudure,195.1,Inox,Gris,17,MCH-09,ROBOT_CELL,2024-04-10 09:00:10,2024-04-10 11:08:23,0.0,done,2024-04-10 11:12:35
OF-2024-05079,ART-S29,Soudure,90.9,Aluminium,Vert,20,MCH-09,ROBOT_CELL,2024-04-26 11:20:46,2024-04-26 12:19:18,14.8,done,2024-04-26 12:20:02
OF-2024-05080,ART-S21,Soudure,45.5,Inox,Vert,40,MCH-08,MANUAL,2024-01-05 17:02:54,2024-01-05 20:56:22,22.8,done,2024-01-05 20:59:45
OF-2024-05081,ART-A26,Assemblage,183.1,Inox,Rouge,29,MCH-11,ROBOT_CELL,2024-07-28 14:54:34,2024-07-28 16:02:00,0.0,done,2024-07-28 16:02:33
OF-2024-05082,ART-U04,Usinage,186.4,Inox,Rouge,101,MCH-03,CNC_STD,2024-02-03 16:16:36,2024-02-03 23:02:02,0.0,done,2024-02-03 23:05:49
OF-2024-05083,ART-U04,Usinage,186.4,Inox,Rouge,396,MCH-03,CNC_STD,2024-01-28 21:26:54,2024-01-29 20:40:07,371.0,done,2024-01-29 20:41:04
OF-2024-05084,ART-F15,Finition,196.8,Titane,Jaune,31,MCH-01,CNC_FAST,2024-05-26 11:50:30,2024-05-26 12:44:12,0.0,done,2024-05-26 12:47:55
OF-2024-05085,ART-S29,Soudure,90.9,Aluminium,Vert,357,MCH-12,ROBOT_CELL,2024-08-09 21:17:35,2024-08-10 11:15:49,0.0,done,2024-08-10 11:16:43
OF-2024-05086,ARTF19,Finition,100.8,Aluminium,Gris,56,MCH-08,MANUAL,2024-02-03 14:05:42,2024-02-03 15:00:30,0.0,done,2024-02-03 15:02:00
OF-2024-05087,ART-S25,Soudure,151.9,Acier,Bleu,367,MCH-11,ROBOT_CELL,2024-02-17 07:05:41,2024-02-18 09:06:18,503.8,done,2024-02-18 09:07:29
OF-2024-05088,ART-S29,Soudure,90.9,Aluminium,Vert,277,MCH-09,ROBOT_CELL,2024-05-25 17:12:51,2024-05-26 03:33:41,0.0,done,2024-05-26 03:38:00
OF-2024-05089,ART-S33,Soudure,195.1,Inox,Gris,43,MCH-09,ROBOT_CELL,2024-01-18 14:16:53,2024-01-18 18:26:17,14.0,done,2024-01-18 18:31:15
OF-2024-05090,ART-U32,Usinage,131.7,Aluminium,Gris,11,MCH-01,CNC_FAST,2024-02-11 21:53:51,2024-02-11 22:19:33,0.0,done,2024-02-11 22:24:14
OF-2024-05091,ART-U04,Usinage,186.4,Inox,Rouge,77,MCH-02,CNC_FAST,2024-06-08 20:08:04,2024-06-08 23:32:58,45.6,done,2024-06-08 23:34:36
OF-2024-05092,art-s05,Soudure,38.9,Acier,Vert,33,MCH-06,MANUAL,2024-04-04 16:23:30,2024-04-04 17:58:43,24.8,done,2024-04-04 18:01:49
OF-2024-05093,ART-U00,Usinage,184.0,Inox,Jaune,68,MCH-01,CNC_FAST,2024-04-23 07:20:54,2024-04-23 09:47:59,0.0,done,2024-04-23 09:52:34
OF-2024-05094,ART-S33,Soudure,195.1,Inox,Gris,42,MCH-11,ROBOT_CELL,2024-03-02 10:33:13,2024-03-02 14:28:14,0.0,done,2024-03-02 14:30:35
OF-2024-05095,ART-S25,Soudure,151.9,Acier,Bleu,357,MCH-10,ROBOT_CELL,2024-03-21 17:31:31,2024-03-22 11:49:48,0.0,done,2024-03-22 11:51:13
OF-2024-05096,ART-S13,Soudure,74.7,Acier,Jaune,9,MCH-09,ROBOT_CELL,2024-02-24 09:50:36,2024-02-24 10:28:02,0.0,done,2024-02-24 10:31:17
OF-2024-05097,ART-F19,Finition,100.8,Aluminium,Gris,25,MCH-08,MANUAL,2024-04-21 19:20:23,2024-04-21 19:55:52,0.0,done,2024-04-21 19:58:43
OF-2024-05098,ART-A18,Assemblage,15.6,Inox,Rouge,45,MCH-11,ROBOT_CELL,2024-04-28 10:08:47,2024-04-28 10:34:18,2.1,done,2024-04-28 10:36:24
OF-2024-05099,  ART-U16 ,Usinage,144.1,Aluminium,Noir,76,MCH-03,CNC_STD,2024-07-04 16:49:29,2024-07-04 19:19:34,18.7,done,2024-07-04 19:24:29
OF-2024-05100,ART-S37,Soudure,181.1,Acier,Gris,47,MCH-06,MANUAL,2024-03-19 15:28:51,2024-03-19 22:18:11,0.0,done,2024-03-19 22:19:52
OF-2024-05101,ART-A22,Assemblage,105.9,Aluminium,Noir,21,MCH-08,MANUAL,2024-01-17 13:17:26,2024-01-17 14:01:12,0.0,done,2024-01-17 14:02:10
OF-2024-05102,ART-A26,Assemblage,183.1,Inox,Rouge,5,MCH-10,ROBOT_CELL,2024-04-06 07:47:13,2024-04-06 08:04:52,0.0,done,2024-04-06 08:08:20
OF-2024-05103,ART-U32,Usinage,131.7,Aluminium,Gris,342,MCH-04,CNC_STD,2024-08-23 21:32:12,2024-08-24 08:51:50,191.3,done,2024-08-24 08:54:55
OF-2024-05104,ART-S33,Soudure,195.1,Inox,Gris,79,MCH-10,ROBOT_CELL,2024-02-12 07:44:43,2024-02-12 14:10:47,0.0,done,2024-02-12 14:11:47
OF-2024-05105,ART-U16,Usinage,144.1,Aluminium,Noir,25,MCH-05,CNC_STD,2024-02-10 09:56:36,2024-02-10 11:10:24,0.0,done,2024-02-10 11:12:52
OF-2024-05106,ART-S09,Soudure,11.4,Acier,Jaune,68,MCH-08,MANUAL,2024-08-24 13:10:48,2024-08-24 15:24:25,23.5,done,2024-08-24 15:28:55
OF-2024-05107,ART-A02,Assemblage,36.9,Aluminium,Vert,73,MCH-10,ROBOT_CELL,2024-04-15 11:25:54,2024-04-15 12:10:41,4.0,done,2024-04-15 12:13:50
OF-2024-05108,ART-A06,Assemblage,21.3,Acier,Noir,185,MCH-10,ROBOT_CELL,2024-05-25 21:21:35,2024-05-25 22:41:27,0.0,done,2024-05-25 22:42:53
OF-2024-05109,ART-S25,Soudure,151.9,Acier,Bleu,22,MCH-09,ROBOT_CELL,2024-05-04 06:13:08,2024-05-04 08:02:05,0.0,done,2024-05-04 08:03:15
OF-2024-05110,ART-U28,Usinage,115.2,Aluminium,Bleu,244,MCH-03,CNC_STD,2024-07-08 18:10:16,2024-07-09 00:07:52,0.0,done,2024-07-09 00:08:53
OF-2024-05111,ART-U28,Usinage,115.2,Aluminium,Bleu,49,MCH-04,CNC_STD,2024-03-21 09:49:22,2024-03-22 01:00:37,62.3,done,2024-03-22 01:02:23
OF-2024-05112,ART-S13,Soudure,74.7,Acier,Jaune,40,MCH-07,MANUAL,10/07/2024 07:59,,0.0,aborted,10/07/2024 11:43
OF-2024-05113,ART-S29,Soudure,90.9,Aluminium,Vert,146,MCH-07,MANUAL,14/04/2024 06:13,14/04/2024 15:24,52.1,done,14/04/2024 15:28
OF-2024-05114,ART-F27,Finition,162.2,Titane,Rouge,370,MCH-01,CNC_FAST,2024-07-21 14:14:24,2024-07-21 20:33:35,23.4,done,2024-07-21 20:37:35
OF-2024-05115,ART-A18,Assemblage,15.6,Inox,Rouge,13,MCH-05,CNC_STD,2024-01-27 07:40:47,2024-01-27 07:55:47,0.0,done,2024-01-27 07:58:25
OF-2024-05116,ART-S29,Soudure,90.9,Aluminium,Vert,63,MCH-10,ROBOT_CELL,2024-04-06 09:39:22,2024-04-06 12:22:56,40.6,done,2024-04-06 12:25:17
OF-2024-05117,ARTS05,Soudure,38.9,Acier,Vert,18,MCH-06,MANUAL,2024-07-21 16:49:33,2024-07-21 18:00:27,12.2,done,2024-07-21 18:02:44
OF-2024-05118,ART-F15,Finition,196.8,Titane,Jaune,150,MCH-01,CNC_FAST,2024-07-27 08:05:25,2024-07-27 11:00:16,50.8,done,2024-07-27 11:01:40
OF-2024-05119,ART-S21,Soudure,45.5,Inox,Vert,42,MCH-06,MANUAL,2024-07-02 21:16:30,2024-07-03 00:41:48,15.6,done,2024-07-03 00:44:12
OF-2024-05120,ART-S13,Soudure,74.7,Acier,Jaune,28,MCH-11,ROBOT_CELL,2024-03-12 13:57:07,2024-03-12 15:20:20,14.3,done,2024-03-12 15:21:48
OF-2024-05121,ART-A10,Assemblage,48.9,Aluminium,Jaune,56,MCH-04,CNC_STD,2024-02-16 18:28:58,2024-02-16 19:22:28,0.0,done,2024-02-16 19:27:06
OF-2024-05122,ART-U24,Usinage,173.0,Aluminium,Vert,15,MCH-05,CNC_STD,2024-01-21 11:14:26,2024-01-21 11:58:17,0.0,done,2024-01-21 12:02:19
OF-2024-05123,ART-S29,Soudure,90.9,Aluminium,Vert,223,MCH-10,ROBOT_CELL,2024-03-20 17:49:10,2024-03-20 17:34:10,0.0,done,2024-03-21 01:35:32
OF-2024-05124,ART-S13,Soudure,74.7,Acier,Jaune,29,MCH-06,MANUAL,2024-01-22 17:07:56,2024-01-22 20:08:39,0.0,done,2024-01-22 20:09:51
OF-2024-05125,ARTU32,Usinage,131.7,Aluminium,Gris,65,MCH-05,CNC_STD,2024-02-17 12:12:32,,0.0,aborted,2024-02-17 14:40:20
OF-2024-05126,ART-S29,Soudure,90.9,Aluminium,Vert,398,MCH-08,MANUAL,2024-07-02 18:23:17,2024-07-03 14:01:38,0.0,done,2024-07-03 14:02:32
OF-2024-05127,ART-S25,Soudure,151.9,Acier,Bleu,16,MCH-07,MANUAL,29/01/2024 18:57,29/01/2024 21:49,0.0,done,29/01/2024 21:51
OF-2024-05128,ART-F27,Finition,162.2,Titane,Rouge,75,MCH-02,CNC_FAST,2024-07-30 14:53:28,2024-07-30 16:12:01,0.0,done,2024-07-30 16:13:36
OF-2024-05129,ART-S29,Soudure,90.9,Aluminium,Vert,52,MCH-09,ROBOT_CELL,2024-02-15 18:26:25,2024-02-15 20:35:24,15.1,done,2024-02-15 20:36:45
OF-2024-05130,ART-A02,Assemblage,36.9,Aluminium,Vert,53,MCH-10,ROBOT_CELL,2024-06-13 16:42:18,2024-06-13 17:11:57,0.0,done,2024-06-13 17:15:15
OF-2024-05131,ART-A02,Assemblage,36.9,Aluminium,Vert,9,MCH-12,ROBOT_CELL,2024-08-17 18:27:12,2024-08-17 18:40:58,0.0,done,2024-08-17 18:45:18
OF-2024-05132,ART-A18,Assemblage,15.6,Inox,Rouge,236,MCH-08,MANUAL,2024-05-22 22:14:50,2024-05-23 01:00:43,58.0,done,2024-05-23 01:01:25
OF-2024-05133,ART-S21,Soudure,45.5,Inox,Vert,260,MCH-09,ROBOT_CELL,2024-06-25 08:15:18,2024-06-25 19:08:34,0.0,done,2024-06-25 19:10:38
OF-2024-05134,ART-A02,Assemblage,36.9,Aluminium,Vert,33,MCH-10,ROBOT_CELL,2024-01-23 07:09:49,2024-01-23 07:30:14,4.6,done,2024-01-23 07:33:53
OF-2024-05135,ART-S29,Soudure,90.9,Aluminium,Vert,64,MCH-11,ROBOT_CELL,2024-05-31 15:57:57,2024-05-31 18:25:56,21.0,done,2024-05-31 18:28:25
OF-2024-05136,ART-S33,Soudure,195.1,Inox,Gris,63,MCH-06,MANUAL,2024-05-05 06:47:01,2024-05-05 15:16:49,0.0,done,2024-05-05 15:18:58
OF-2024-05137,ART-A06,Assemblage,21.3,Acier,Noir,63,MCH-11,ROBOT_CELL,2024-05-11 20:13:48,2024-05-11 20:53:12,0.0,done,2024-05-11 20:55:18
OF-2024-05138,ART-F15,Finition,196.8,Titane,Jaune,42,MCH-06,MANUAL,2024-02-19 20:07:50,2024-02-19 22:31:37,8.5,done,2024-02-19 22:34:28
OF-2024-05139,ART-S33,Soudure,195.1,Inox,Gris,32,MCH-09,ROBOT_CELL,2024-05-30 10:10:50,2024-05-30 12:33:53,0.0,done,2024-05-30 12:34:39
OF-2024-05140,ART-S13,Soudure,74.7,Acier,Jaune,195,MCH-08,MANUAL,2024-03-07 12:10:18,2024-03-07 22:42:52,86.6,done,2024-03-07 22:46:49
OF-2024-05141,ART-S17,Soudure,16.0,Acier,Bleu,79,MCH-06,MANUAL,2024-05-17 14:48:22,2024-05-17 17:23:17,0.0,done,2024-05-17 17:27:58
OF-2024-05142,ART-F27,Finition,162.2,Titane,Rouge,41,MCH-02,CNC_FAST,2024-04-08 19:11:45,,0.0,running,2024-04-08 19:57:20
OF-2024-05143,ART-U16,Usinage,144.1,Aluminium,Noir,20,MCH-05,CNC_STD,2024-01-02 18:24:51,2024-01-02 19:26:59,21.1,done,2024-01-02 19:29:55
OF-2024-05144,art-f19,Finition,100.8,Aluminium,Gris,64,MCH-02,CNC_FAST,2024-07-30 20:14:23,2024-07-30 20:48:56,0.0,done,2024-07-30 20:53:16
OF-2024-05145,ART-S29,Soudure,90.9,Aluminium,Vert,333,MCH-09,ROBOT_CELL,2024-05-10 08:27:45,2024-05-10 19:44:58,236.3,done,2024-05-10 19:48:11
OF-2024-05146,ART-S05,Soudure,38.9,Acier,Vert,29,MCH-06,MANUAL,2024-08-28 17:08:05,2024-08-28 18:59:39,0.0,done,2024-08-28 19:04:04
OF-2024-05147,ART-F19,Finition,100.8,Aluminium,Gris,59,MCH-07,MANUAL,30/04/2024 14:01,30/04/2024 15:03,0.0,done,30/04/2024 15:04
OF-2024-05148,ART-A10,Assemblage,48.9,Aluminium,Jaune,13,MCH-07,MANUAL,29/02/2024 17:22,,1.7,aborted,29/02/2024 17:47
OF-2024-05149,ART-S29,Soudure,90.9,Aluminium,Vert,70,MCH-06,MANUAL,2024-05-24 21:28:44,2024-05-25 03:08:27,0.0,done,2024-05-25 03:09:44
OF-2024-05150,ART-U00,Usinage,184.0,Inox,Jaune,115,MCH-05,CNC_STD,2024-04-05 17:33:57,2024-04-05 17:33:57,16.0,done,2024-04-05 22:07:41
OF-2024-05151,ART-U00,Usinage,184.0,Inox,Jaune,18,MCH-01,CNC_FAST,2024-02-04 12:11:26,2024-02-04 12:59:59,5.0,done,2024-02-04 13:03:08
OF-2024-05152,ART-S05-MM,Soudure,38.9,Acier,Vert,14,MCH-06,MANUAL,2024-03-11 21:33:23,2024-03-11 22:25:49,0.0,done,2024-03-11 22:27:56
OF-2024-05153,ART-A06,Assemblage,21.3,Acier,Noir,272,MCH-07,MANUAL,02/07/2024 10:05,02/07/2024 13:18,0.0,done,02/07/2024 13:22
OF-2024-05154,ART-A26,Assemblage,183.1,Inox,Rouge,60,MCH-10,ROBOT_CELL,2024-04-05 15:46:45,2024-04-05 17:22:52,0.0,done,2024-04-05 17:24:07
OF-2024-05155,ART-S09,Soudure,11.4,Acier,Jaune,63,MCH-06,MANUAL,2024-07-02 18:55:01,2024-07-02 20:25:37,0.0,done,2024-07-02 20:28:05
OF-2024-05156,ART-U00,Usinage,184.0,Inox,Jaune,80,MCH-05,CNC_STD,2024-03-13 07:06:19,2024-03-13 11:26:42,34.6,done,2024-03-13 11:28:12
OF-2024-05157,ART-U04,Usinage,186.4,Inox,Rouge,137,MCH-03,CNC_STD,2024-07-19 10:35:35,2024-07-19 18:55:47,167.2,done,2024-07-19 18:56:35
OF-2024-05158,ART-S29,Soudure,90.9,Aluminium,Vert,50,MCH-06,MANUAL,2024-06-29 07:53:52,2024-06-29 11:32:03,0.0,done,2024-06-29 11:32:39
OF-2024-05159,ART-U28,Usinage,115.2,Aluminium,Bleu,49,MCH-04,CNC_STD,2024-05-26 15:10:38,2024-05-26 16:47:56,0.0,done,2024-05-26 16:51:30
OF-2024-05160,ART-F15,Finition,196.8,Titane,Jaune,48,MCH-08,MANUAL,2024-08-22 12:46:30,2024-08-22 15:03:16,16.6,done,2024-08-22 15:06:56
OF-2024-05161,ARTF07,Finition,147.0,Acier,Gris,18,MCH-02,CNC_FAST,2024-02-27 16:21:50,2024-02-27 16:41:38,0.0,done,2024-02-27 16:42:40
OF-2024-05162,ART-U24,Usinage,173.0,Aluminium,Vert,214,MCH-01,CNC_FAST,2024-02-29 19:12:55,2024-03-01 00:28:49,0.0,done,2024-03-01 00:29:26
OF-2024-05163,ART-U24,Usinage,173.0,Aluminium,Vert,357,MCH-02,CNC_FAST,2024-06-15 11:19:54,2024-06-15 18:13:54,102.1,done,2024-06-15 18:14:45
OF-2024-05164,ART-F15,Finition,196.8,Titane,Jaune,7,MCH-01,CNC_FAST,2024-06-12 15:47:57,2024-06-12 16:06:20,0.0,done,2024-06-12 16:10:06
OF-2024-05165,ART-S09,Soudure,11.4,Acier,Jaune,26,MCH-11,ROBOT_CELL,2024-06-15 13:43:42,2024-06-15 14:30:34,0.0,done,2024-06-15 14:31:20
OF-2024-05166,ART-U08,Usinage,22.6,Inox,Noir,67,MCH-01,CNC_FAST,2024-08-24 20:43:05,2024-08-24 21:51:36,14.9,done,2024-08-24 21:54:30
OF-2024-05167,ART-U08,Usinage,22.6,Inox,Noir,20,MCH-04,CNC_STD,2024-03-06 19:36:33,2024-03-06 20:07:45,1.8,done,2024-03-06 20:11:32
OF-2024-05168,ART-F27,Finition,162.2,Titane,Rouge,308,MCH-06,MANUAL,2024-07-20 21:31:09,2024-07-21 07:18:51,94.2,done,2024-07-21 07:20:25
OF-2024-05169,art-u32,Usinage,131.7,Aluminium,Gris,6,MCH-01,CNC_FAST,2024-08-01 19:28:23,2024-08-01 19:48:10,0.0,done,2024-08-01 19:48:42
OF-2024-05170,ART-S29,Soudure,90.9,Aluminium,Vert,249,MCH-11,ROBOT_CELL,2024-02-15 18:45:38,2024-02-16 03:04:22,0.0,done,2024-02-16 03:05:40
OF-2024-05171,ART-U16,Usinage,144.1,Aluminium,Noir,17,MCH-04,CNC_STD,2024-07-11 20:06:39,2024-07-11 20:50:09,0.0,done,2024-07-11 20:54:30
OF-2024-05172,  ART-U32 ,Usinage,131.7,Aluminium,Gris,56,MCH-05,CNC_STD,2024-01-30 16:36:02,2024-01-30 18:51:22,0.0,done,2024-01-30 18:54:40
OF-2024-05173,  ART-A06 ,Assemblage,21.3,Acier,Noir,318,MCH-07,MANUAL,19/07/2024 11:26,19/07/2024 14:25,0.0,done,19/07/2024 14:29
OF-2024-05174,ART-U28,Usinage,115.2,Aluminium,Bleu,78,MCH-03,CNC_STD,2024-04-06 13:33:22,2024-04-06 15:25:15,0.0,done,2024-04-06 15:27:55
OF-2024-05175,ART-A10,Assemblage,48.9,Aluminium,Jaune,46,MCH-07,MANUAL,23/05/2024 06:23,23/05/2024 07:36,17.3,done,23/05/2024 07:37
OF-2024-05176,ART-U24,Usinage,173.0,Aluminium,Vert,394,MCH-02,CNC_FAST,2024-01-19 20:31:49,2024-01-20 04:14:33,142.3,done,2024-01-20 04:15:55
OF-2024-05177,ART-U24,Usinage,173.0,Aluminium,Vert,8,MCH-02,CNC_FAST,2024-08-07 17:14:15,2024-08-07 17:40:58,0.0,done,2024-08-07 17:45:31
OF-2024-05178,ART-S13,Soudure,74.7,Acier,Jaune,247,MCH-09,ROBOT_CELL,2024-01-06 12:21:47,2024-01-07 01:29:34,134.3,done,2024-01-07 01:34:20
OF-2024-05179,ART-A22,Assemblage,105.9,Aluminium,Noir,321,MCH-07,MANUAL,15/05/2024 12:54,15/05/2024 18:59,119.4,done,15/05/2024 19:03
OF-2024-05180,ART-S29,Soudure,90.9,Aluminium,Vert,46,MCH-12,ROBOT_CELL,2024-06-25 21:10:33,2024-06-25 23:51:06,0.0,done,2024-06-25 23:51:38
OF-2024-05181,ART-U16,Usinage,144.1,Aluminium,Noir,55,MCH-02,CNC_FAST,2024-07-11 21:14:22,2024-07-11 22:35:50,0.0,done,2024-07-11 22:38:49
OF-2024-05182,ART-U32,Usinage,131.7,Aluminium,Gris,34,MCH-02,CNC_FAST,2024-04-24 18:03:11,2024-04-24 18:57:35,0.0,done,2024-04-24 19:00:02
OF-2024-05183,ART-S25,Soudure,151.9,Acier,Bleu,18,MCH-09,ROBOT_CELL,2024-01-21 07:12:31,2024-01-21 09:09:27,0.0,done,2024-01-21 09:12:26
OF-2024-05184,ART-S29,Soudure,90.9,Aluminium,Vert,368,MCH-10,ROBOT_CELL,2024-08-22 18:34:05,2024-08-23 07:36:13,0.0,done,2024-08-23 07:40:39
OF-2024-05185,ART-F19,Finition,100.8,Aluminium,Gris,17,MCH-08,MANUAL,2024-06-13 06:34:02,2024-06-13 07:00:55,1.4,done,2024-06-13 07:03:14
OF-2024-05186,ART-U32,Usinage,131.7,Aluminium,Gris,33,MCH-04,CNC_STD,2024-01-04 12:39:23,2024-01-04 14:22:35,0.0,done,2024-01-04 14:27:08
OF-2024-05187,ART-U08,Usinage,22.6,Inox,Noir,141,MCH-05,CNC_STD,2024-06-11 21:18:05,2024-06-11 23:32:51,0.0,done,2024-06-11 23:37:36
OF-2024-05188,ART-U16,Usinage,144.1,Aluminium,Noir,76,MCH-02,CNC_FAST,2024-06-18 14:53:50,2024-06-18 16:34:41,30.5,done,2024-06-18 16:39:31
OF-2024-05189,ART-U04,Usinage,186.4,Inox,Rouge,13,MCH-01,CNC_FAST,2024-06-25 06:52:43,2024-06-25 07:41:15,3.3,done,2024-06-25 07:43:16
OF-2024-05190,ART-A38,Assemblage,165.3,Titane,Noir,195,MCH-11,ROBOT_CELL,2024-08-20 08:59:21,2024-08-20 17:41:13,128.6,done,2024-08-20 17:45:34
OF-2024-05191,ART-S13,Soudure,74.7,Acier,Jaune,322,MCH-07,MANUAL,01/03/2024 15:14,02/03/2024 17:25,491.1,done,02/03/2024 17:27
OF-2024-05192,ART-U00,Usinage,184.0,Inox,Jaune,144,MCH-01,CNC_FAST,2024-02-09 20:04:27,2024-02-10 01:21:44,0.0,done,2024-02-10 01:26:06
OF-2024-05193,ART-F19-MM,Finition,100.8,Aluminium,Gris,58,MCH-07,MANUAL,16/08/2024 20:28,16/08/2024 21:40,0.0,done,16/08/2024 21:43
OF-2024-05194,ART-U04,Usinage,186.4,Inox,Rouge,27,MCH-02,CNC_FAST,2024-04-14 14:09:10,2024-04-14 15:16:05,0.0,done,2024-04-14 15:16:45
OF-2024-05195,ART-U16,Usinage,144.1,Aluminium,Noir,56,MCH-01,CNC_FAST,2024-05-27 07:56:37,2024-05-27 09:12:15,14.0,done,2024-05-27 09:15:55
OF-2024-05196,ART-A06,Assemblage,21.3,Acier,Noir,55,MCH-08,MANUAL,2024-05-19 06:58:02,2024-05-19 07:52:03,0.0,done,2024-05-19 07:53:59
OF-2024-05197,ART-S21,Soudure,45.5,Inox,Vert,341,MCH-12,ROBOT_CELL,2024-08-25 10:11:22,2024-08-26 00:45:26,0.0,done,2024-08-26 00:46:52
OF-2024-05198,ART-U04,Usinage,186.4,Inox,Rouge,49,MCH-03,CNC_STD,2024-03-16 13:41:41,2024-03-16 18:18:42,0.0,done,2024-03-16 18:21:28
OF-2024-05199,ART-S25,Soudure,151.9,Acier,Bleu,34,MCH-12,ROBOT_CELL,2024-05-06 16:19:36,2024-05-06 19:55:01,19.7,done,2024-05-06 19:56:48
OF-2024-05200,ART-S25,Soudure,151.9,Acier,Bleu,390,MCH-07,MANUAL,28/05/2024 14:11,,0.0,running,30/05/2024 00:07
OF-2024-05201,ART-F15,Finition,196.8,Titane,Jaune,219,MCH-02,CNC_FAST,2024-05-09 21:08:20,2024-05-10 01:01:58,0.0,done,2024-05-10 01:02:45
OF-2024-05202,ART-F27,Finition,162.2,Titane,Rouge,246,MCH-07,MANUAL,07/06/2024 13:43,07/06/2024 20:52,0.0,done,07/06/2024 20:56
OF-2024-05203,ART-S01,Soudure,191.3,Titane,Bleu,40,MCH-12,ROBOT_CELL,2024-04-30 13:58:05,2024-04-30 19:08:50,0.0,done,2024-04-30 19:12:30
OF-2024-05204,ART-F27,Finition,162.2,Titane,Rouge,38,MCH-07,MANUAL,28/03/2024 12:51,28/03/2024 14:43,16.7,done,28/03/2024 14:46
OF-2024-05205,ART-U16,Usinage,144.1,Aluminium,Noir,47,MCH-05,CNC_STD,2024-07-11 11:19:08,2024-07-11 12:58:06,0.0,done,2024-07-11 13:00:16
OF-2024-05206,ART-S13,Soudure,74.7,Acier,Jaune,327,MCH-12,ROBOT_CELL,2024-08-12 21:07:14,2024-08-13 12:14:37,0.0,done,2024-08-13 12:19:34
OF-2024-05207,ART-U04,Usinage,186.4,Inox,Rouge,187,MCH-04,CNC_STD,2024-06-27 17:55:28,2024-06-28 06:32:01,185.6,done,2024-06-28 06:32:49
OF-2024-05208,ART-A26,Assemblage,183.1,Inox,Rouge,77,MCH-04,CNC_STD,2024-06-12 19:18:28,2024-06-12 22:04:46,0.0,done,2024-06-12 22:07:20
OF-2024-05209,ART-F31,Finition,25.3,Inox,Gris,37,MCH-08,MANUAL,2024-01-24 12:37:53,2024-01-24 13:20:42,11.4,done,2024-01-24 13:24:47
OF-2024-05210,ART-U24,Usinage,173.0,Aluminium,Vert,274,MCH-03,CNC_STD,2024-06-23 09:31:39,2024-06-23 17:51:14,0.0,done,2024-06-23 17:52:39
OF-2024-05211,ART-U28,Usinage,115.2,Aluminium,Bleu,25,MCH-02,CNC_FAST,2024-07-24 15:36:32,2024-07-24 16:20:21,10.7,done,2024-07-24 16:21:23
OF-2024-05212,ART-A26,Assemblage,183.1,Inox,Rouge,68,MCH-03,CNC_STD,2024-02-01 13:06:54,2024-02-01 15:44:23,0.0,done,2024-02-01 15:46:51
OF-2024-05213,ART-U28,Usinage,115.2,Aluminium,Bleu,24,MCH-05,CNC_STD,2024-06-14 08:55:48,2024-06-14 09:41:12,0.0,done,2024-06-14 09:45:45
OF-2024-05214,ART-S33,Soudure,195.1,Inox,Gris,46,MCH-11,ROBOT_CELL,2024-02-07 12:57:02,2024-02-07 18:14:42,0.0,done,2024-02-07 18:19:21
OF-2024-05215,ART-A02,Assemblage,36.9,Aluminium,Vert,193,MCH-09,ROBOT_CELL,2024-06-10 12:44:40,2024-06-10 14:27:15,0.0,done,2024-06-10 14:31:55
OF-2024-05216,ART-A06,Assemblage,21.3,Acier,Noir,68,MCH-09,ROBOT_CELL,2024-06-02 14:09:21,2024-06-02 14:48:19,0.0,done,2024-06-02 14:48:53
OF-2024-05217,ART-U28,Usinage,115.2,Aluminium,Bleu,11,MCH-03,CNC_STD,2024-07-04 19:55:45,2024-07-04 20:31:39,0.0,done,2024-07-04 20:36:20
OF-2024-05218,ART-F19-MM,Finition,100.8,Aluminium,Gris,69,MCH-08,MANUAL,2024-01-18 20:50:30,2024-01-18 22:00:33,0.0,done,2024-01-18 22:01:19
OF-2024-05219,ART-S29,Soudure,90.9,Aluminium,Vert,307,MCH-12,ROBOT_CELL,2024-08-24 14:47:01,2024-08-25 01:25:17,86.7,done,2024-08-25 01:28:32
OF-2024-05220,ART-U28,Usinage,115.2,Aluminium,Bleu,25,MCH-01,CNC_FAST,2024-06-24 13:46:47,2024-06-24 14:32:19,0.0,done,2024-06-24 14:34:04
OF-2024-05221,ART-U00,Usinage,184.0,Inox,Jaune,229,MCH-05,CNC_STD,2024-05-13 08:00:58,2024-05-13 17:37:45,0.0,done,2024-05-13 17:41:55
OF-2024-05222,ART-F15,Finition,196.8,Titane,Jaune,244,MCH-08,MANUAL,2024-04-10 20:05:54,2024-04-11 06:41:21,0.0,done,2024-04-11 06:44:35
OF-2024-05223,ART-S29,Soudure,90.9,Aluminium,Vert,307,MCH-08,MANUAL,2024-06-11 18:18:21,,0.0,aborted,2024-06-12 18:03:17
OF-2024-05224,ART-F27,Finition,162.2,Titane,Rouge,11,MCH-02,CNC_FAST,2024-06-27 09:17:28,2024-06-27 09:39:16,0.0,done,2024-06-27 09:40:23
OF-2024-05225,ART-A02,Assemblage,36.9,Aluminium,Vert,66,MCH-09,ROBOT_CELL,2024-02-21 11:37:32,2024-02-21 11:37:32,0.0,done,2024-02-21 12:16:57
OF-2024-05226,ART-F15,Finition,196.8,Titane,Jaune,31,MCH-06,MANUAL,2024-02-03 11:24:37,2024-02-03 13:17:42,0.0,done,2024-02-03 13:18:14
OF-2024-05227,ART-S25,Soudure,151.9,Acier,Bleu,13,MCH-11,ROBOT_CELL,2024-04-21 09:52:29,2024-04-21 11:07:51,0.0,done,2024-04-21 11:09:00
OF-2024-05228,ART-U00,Usinage,184.0,Inox,Jaune,35,MCH-02,CNC_FAST,2024-05-31 12:26:46,2024-05-31 14:04:26,0.0,done,2024-05-31 14:07:52
OF-2024-05229,ART-S25,Soudure,151.9,Acier,Bleu,14,MCH-07,MANUAL,07/01/2024 22:03,08/01/2024 00:32,14.1,done,08/01/2024 00:36
OF-2024-05230,ART-U04,Usinage,186.4,Inox,Rouge,53,MCH-04,CNC_STD,2024-04-15 13:33:15,2024-04-15 17:12:14,60.8,done,2024-04-15 17:15:16
OF-2024-05231,ART-A02,Assemblage,36.9,Aluminium,Vert,357,MCH-04,CNC_STD,2024-06-09 15:02:25,2024-06-09 17:34:15,0.0,done,2024-06-09 17:37:29
OF-2024-05232,ART-F07,Finition,147.0,Acier,Gris,65,MCH-02,CNC_FAST,2024-05-31 14:18:37,2024-05-31 15:01:11,0.0,done,2024-05-31 15:04:00
OF-2024-05233,ART-U32,Usinage,131.7,Aluminium,Gris,186,MCH-04,CNC_STD,2024-03-20 12:33:11,,0.0,aborted,2024-03-20 19:04:13
OF-2024-05234,ART-A10,Assemblage,48.9,Aluminium,Jaune,61,MCH-11,ROBOT_CELL,2024-03-18 17:27:02,2024-03-18 18:10:28,2.8,done,2024-03-18 18:15:22
OF-2024-05235,ART-F15,Finition,196.8,Titane,Jaune,67,MCH-06,MANUAL,2024-08-27 10:26:50,2024-08-27 14:15:24,44.9,done,2024-08-27 14:17:49
OF-2024-05236,ART-U28,Usinage,115.2,Aluminium,Bleu,178,MCH-03,CNC_STD,2024-01-02 10:16:29,2024-01-02 15:16:37,53.2,done,2024-01-02 15:17:17
OF-2024-05237,ART-U16,Usinage,144.1,Aluminium,Noir,8,MCH-04,CNC_STD,2024-02-25 12:47:01,2024-02-25 13:20:11,0.0,done,2024-02-25 13:24:34
OF-2024-05238,ART-F15,Finition,196.8,Titane,Jaune,22,MCH-02,CNC_FAST,2024-01-14 14:03:55,2024-01-14 14:44:23,0.0,done,2024-01-14 14:45:10
OF-2024-05239,ART-S25,Soudure,151.9,Acier,Bleu,246,MCH-07,MANUAL,15/01/2024 18:36,16/01/2024 22:05,0.0,done,16/01/2024 22:09
OF-2024-05240,ART-U00,Usinage,184.0,Inox,Jaune,55,MCH-03,CNC_STD,2024-05-06 13:37:38,2024-05-06 17:30:08,0.0,done,2024-05-06 17:32:00
OF-2024-05241,ART-A30,Assemblage,130.4,Acier,Gris,275,MCH-03,CNC_STD,2024-03-16 21:26:28,2024-03-17 04:09:27,0.0,done,2024-03-17 04:11:46
OF-2024-05242,ART-F11,Finition,147.9,Acier,Gris,52,MCH-02,CNC_FAST,2024-07-26 12:14:47,2024-07-26 12:48:18,2.8,done,2024-07-26 12:51:30
OF-2024-05243,ART-F15,Finition,196.8,Titane,Jaune,109,MCH-07,MANUAL,24/04/2024 07:13,24/04/2024 10:52,67.3,done,24/04/2024 10:54
OF-2024-05244,ART-A10,Assemblage,48.9,Aluminium,Jaune,303,MCH-08,MANUAL,2024-02-16 11:08:58,2024-02-16 16:38:28,0.0,done,2024-02-16 16:40:53
OF-2024-05245,ART-F15,Finition,196.8,Titane,Jaune,43,MCH-07,MANUAL,05/05/2024 06:17,05/05/2024 08:10,0.0,done,05/05/2024 08:15
OF-2024-05246,ART-U28,Usinage,115.2,Aluminium,Bleu,78,MCH-04,CNC_STD,2024-03-15 16:42:50,2024-03-15 18:45:44,0.0,done,2024-03-15 18:47:34
OF-2024-05247,ART-U16,Usinage,144.1,Aluminium,Noir,31,MCH-01,CNC_FAST,2024-03-28 15:12:03,2024-03-28 16:05:33,6.5,done,2024-03-28 16:06:51
OF-2024-05248,ART-S05,Soudure,38.9,Acier,Vert,74,MCH-06,MANUAL,2024-01-13 08:31:56,2024-01-13 11:44:04,0.0,done,2024-01-13 11:48:36
OF-2024-05249,ART-S13,Soudure,74.7,Acier,Jaune,196,MCH-10,ROBOT_CELL,2024-04-08 16:27:10,2024-04-08 23:42:10,144.2,done,2024-04-08 23:43:18
OF-2024-05250,ART-A26,Assemblage,183.1,Inox,Rouge,5,MCH-06,MANUAL,2024-04-13 10:46:46,2024-04-13 11:24:19,4.9,done,2024-04-13 11:26:30
OF-2024-05251,ART-A10,Assemblage,48.9,Aluminium,Jaune,246,MCH-03,CNC_STD,2024-01-04 06:21:50,2024-01-04 10:25:38,23.6,done,2024-01-04 10:29:32
OF-2024-05252,ART-U24,Usinage,173.0,Aluminium,Vert,49,MCH-02,CNC_FAST,2024-07-14 09:20:22,2024-07-14 10:40:53,0.0,done,2024-07-14 10:45:52
OF-2024-05253,ART-S29,Soudure,90.9,Aluminium,Vert,19,MCH-09,ROBOT_CELL,2024-05-12 07:49:58,2024-05-12 08:45:14,0.0,done,2024-05-12 08:47:28
OF-2024-05254,ART-U16,Usinage,144.1,Aluminium,Noir,32,MCH-02,CNC_FAST,2024-03-31 07:44:34,2024-03-31 08:30:19,0.0,done,2024-03-31 08:31:13
OF-2024-05255,ART-S13,Soudure,74.7,Acier,Jaune,16,MCH-10,ROBOT_CELL,2024-03-17 15:55:26,2024-03-17 17:00:58,0.0,done,2024-03-17 17:03:28
OF-2024-05256,  ART-F19 ,Finition,100.8,Aluminium,Gris,62,MCH-02,CNC_FAST,2024-05-26 21:06:52,2024-05-26 21:37:34,10.7,done,2024-05-26 21:41:25
OF-2024-05257,ART-F27,Finition,162.2,Titane,Rouge,36,MCH-08,MANUAL,2024-06-21 11:58:35,2024-06-21 13:17:11,23.5,done,2024-06-21 13:17:57
OF-2024-05258,ART-U32,Usinage,131.7,Aluminium,Gris,60,MCH-01,CNC_FAST,2024-07-09 20:11:16,2024-07-09 21:33:10,0.0,done,2024-07-09 21:38:04
OF-2024-05259,ART-A30-MM,Assemblage,130.4,Acier,Gris,66,MCH-09,ROBOT_CELL,2024-07-19 17:31:27,2024-07-19 19:20:40,0.0,done,2024-07-19 19:21:25
OF-2024-05260,ART-A38,Assemblage,165.3,Titane,Noir,32,MCH-08,MANUAL,2024-08-28 15:22:35,2024-08-28 17:57:43,31.9,done,2024-08-28 17:58:53
OF-2024-05261,ART-F03,Finition,55.9,Titane,Jaune,47,MCH-01,CNC_FAST,2024-06-13 18:24:42,2024-06-13 19:03:00,0.0,done,2024-06-13 19:07:20
OF-2024-05262,ART-U12,Usinage,23.0,Titane,Noir,184,MCH-04,CNC_STD,2024-01-09 14:28:21,2024-01-09 19:19:54,60.2,done,2024-01-09 19:21:05
OF-2024-05263,ART-U32,Usinage,131.7,Aluminium,Gris,6,MCH-05,CNC_STD,2024-05-03 19:24:25,2024-05-03 19:54:24,0.0,done,2024-05-03 19:57:29
OF-2024-05264,ART-U32,Usinage,131.7,Aluminium,Gris,254,MCH-02,CNC_FAST,2024-02-03 07:24:14,2024-02-03 12:19:48,39.1,done,2024-02-03 12:23:02
OF-2024-05265,ART-F11,Finition,147.9,Acier,Gris,77,MCH-02,CNC_FAST,2024-08-16 15:38:27,2024-08-16 16:32:28,0.0,done,2024-08-16 16:36:47
OF-2024-05266,ART-U20,Usinage,23.4,Titane,Rouge,13,MCH-02,CNC_FAST,2024-02-23 07:14:03,2024-02-23 07:35:37,0.0,done,2024-02-23 07:39:41
OF-2024-05267,ART-A14,Assemblage,190.7,Acier,Noir,69,MCH-06,MANUAL,2024-07-04 06:21:34,2024-07-04 09:14:39,12.7,done,2024-07-04 09:17:20
OF-2024-05268,ART-U32,Usinage,131.7,Aluminium,Gris,56,MCH-05,CNC_STD,2024-08-18 19:41:09,2024-08-18 21:51:43,33.6,done,2024-08-18 21:55:40
OF-2024-05269,ART-S25,Soudure,151.9,Acier,Bleu,7,MCH-07,MANUAL,09/04/2024 15:05,09/04/2024 16:42,0.0,done,09/04/2024 16:44
OF-2024-05270,ART-S25,Soudure,151.9,Acier,Bleu,19,MCH-07,MANUAL,10/07/2024 06:58,10/07/2024 09:58,0.0,done,10/07/2024 10:01
OF-2024-05271,ART-U28,Usinage,115.2,Aluminium,Bleu,178,MCH-01,CNC_FAST,2024-02-21 18:39:50,2024-02-21 21:57:15,0.0,done,2024-02-21 22:01:16
OF-2024-05272,ART-F27,Finition,162.2,Titane,Rouge,33,MCH-08,MANUAL,2024-08-26 08:46:45,2024-08-26 10:28:13,0.0,done,2024-08-26 10:31:22
OF-2024-05273,ART-A38,Assemblage,165.3,Titane,Noir,51,MCH-11,ROBOT_CELL,2024-08-21 13:43:22,2024-08-21 15:59:01,39.7,done,2024-08-21 16:01:09
OF-2024-05274,ART-U32,Usinage,131.7,Aluminium,Gris,79,MCH-03,CNC_STD,2024-06-28 13:21:37,2024-06-28 15:43:01,35.0,done,2024-06-28 15:44:27
OF-2024-05275,ART-F11,Finition,147.9,Acier,Gris,46,MCH-06,MANUAL,2024-07-06 09:03:02,2024-07-06 10:27:28,0.0,done,2024-07-06 10:28:27
OF-2024-05276,ART-A18,Assemblage,15.6,Inox,Rouge,38,MCH-09,ROBOT_CELL,2024-04-05 17:21:24,2024-04-05 17:40:03,0.0,done,2024-04-05 17:41:36
OF-2024-05277,ART-A10,Assemblage,48.9,Aluminium,Jaune,68,MCH-05,CNC_STD,2024-04-24 20:27:36,2024-04-24 21:28:45,11.5,done,2024-04-24 21:31:29
OF-2024-05278,ART-U32,Usinage,131.7,Aluminium,Gris,67,MCH-05,CNC_STD,2024-05-19 19:12:51,2024-05-19 21:29:07,0.0,done,2024-05-19 21:31:22
OF-2024-05279,art-a06,Assemblage,21.3,Acier,Noir,34,MCH-11,ROBOT_CELL,2024-04-20 16:12:06,2024-04-20 16:32:58,4.5,done,2024-04-20 16:36:27
OF-2024-05280,ART-S25,Soudure,151.9,Acier,Bleu,18,MCH-08,MANUAL,2024-03-14 19:11:30,2024-03-14 21:28:57,47.7,done,2024-03-14 21:32:29
OF-2024-05281,ART-F19,Finition,100.8,Aluminium,Gris,138,MCH-08,MANUAL,2024-01-02 18:41:48,2024-01-02 21:29:45,0.0,done,2024-01-02 21:33:26
OF-2024-05282,ART-U04,Usinage,186.4,Inox,Rouge,120,MCH-03,CNC_STD,2024-04-27 10:41:10,2024-04-27 18:45:55,50.2,done,2024-04-27 18:47:45
OF-2024-05283,ART-S25,Soudure,151.9,Acier,Bleu,21,MCH-11,ROBOT_CELL,2024-08-21 19:18:54,2024-08-21 21:09:41,22.9,done,2024-08-21 21:14:38
OF-2024-05284,ART-S13,Soudure,74.7,Acier,Jaune,23,MCH-06,MANUAL,2024-03-29 11:12:52,2024-03-29 13:07:18,0.0,done,2024-03-29 13:11:59
OF-2024-05285,ARTU32,Usinage,131.7,Aluminium,Gris,65,MCH-01,CNC_FAST,2024-02-09 06:45:18,2024-02-09 08:36:48,18.8,done,2024-02-09 08:39:13
OF-2024-05286,ART-U04,Usinage,186.4,Inox,Rouge,34,MCH-03,CNC_STD,2024-05-08 17:45:10,2024-05-08 20:09:01,0.0,done,2024-05-08 20:14:00
OF-2024-05287,  ART-U16 ,Usinage,144.1,Aluminium,Noir,78,MCH-01,CNC_FAST,2024-06-30 20:43:29,2024-06-30 22:20:50,0.0,done,2024-06-30 22:25:24
OF-2024-05288,ART-A26,Assemblage,183.1,Inox,Rouge,30,MCH-10,ROBOT_CELL,2024-01-31 13:45:23,,0.0,running,2024-01-31 14:56:00
OF-2024-05289,ART-A06,Assemblage,21.3,Acier,Noir,13,MCH-04,CNC_STD,2024-03-13 09:05:36,2024-03-13 09:23:18,3.9,done,2024-03-13 09:25:25
OF-2024-05290,ART-U28,Usinage,115.2,Aluminium,Bleu,51,MCH-05,CNC_STD,2024-01-31 19:54:30,2024-01-31 21:13:53,7.8,done,2024-01-31 21:16:57
OF-2024-05291,art-u12,Usinage,23.0,Titane,Noir,46,MCH-02,CNC_FAST,2024-03-03 06:56:36,2024-03-03 07:38:09,7.1,done,2024-03-03 07:40:34
OF-2024-05292,ART-A10,Assemblage,48.9,Aluminium,Jaune,288,MCH-07,MANUAL,17/05/2024 07:07,17/05/2024 13:00,0.0,done,17/05/2024 13:02
OF-2024-05293,ART-S21,Soudure,45.5,Inox,Vert,26,MCH-10,ROBOT_CELL,2024-01-25 12:38:52,2024-01-25 13:55:27,0.0,done,2024-01-25 13:58:25
OF-2024-05294,ART-S05,Soudure,38.9,Acier,Vert,41,MCH-09,ROBOT_CELL,2024-03-01 08:55:13,2024-03-01 10:01:22,0.0,done,2024-03-01 10:03:28
OF-2024-05295,ART-F03,Finition,55.9,Titane,Jaune,9,MCH-08,MANUAL,2024-07-09 21:16:31,2024-07-09 21:41:10,0.0,done,2024-07-09 21:41:57
OF-2024-05296,ART-U04,Usinage,186.4,Inox,Rouge,65,MCH-01,CNC_FAST,2024-03-09 13:27:16,2024-03-09 17:17:37,0.0,done,2024-03-09 17:22:03
OF-2024-05297,ART-U24,Usinage,173.0,Aluminium,Vert,53,MCH-01,CNC_FAST,2024-05-31 19:27:28,2024-05-31 20:45:19,0.0,done,2024-05-31 20:46:35
OF-2024-05298,ART-U32,Usinage,131.7,Aluminium,Gris,69,MCH-01,CNC_FAST,2024-03-03 10:07:37,2024-03-03 11:52:47,0.0,done,2024-03-03 11:57:00
OF-2024-05299,art-u08,Usinage,22.6,Inox,Noir,15,MCH-01,CNC_FAST,2024-02-21 19:09:35,2024-02-21 19:30:00,5.3,done,2024-02-21 19:34:35
OF-2024-05300,ART-A02,Assemblage,36.9,Aluminium,Vert,65,MCH-03,CNC_STD,2024-06-16 06:27:41,2024-06-16 07:04:27,3.2,done,2024-06-16 07:05:09
OF-2024-05301,ART-U32,Usinage,131.7,Aluminium,Gris,129,MCH-04,CNC_STD,2024-06-27 12:04:35,2024-06-27 17:03:26,52.6,done,2024-06-27 17:05:13
OF-2024-05302,ART-S17,Soudure,16.0,Acier,Bleu,198,MCH-08,MANUAL,2024-06-07 21:05:10,2024-06-08 03:09:47,82.1,done,2024-06-08 03:11:56
OF-2024-05303,ART-U00,Usinage,184.0,Inox,Jaune,55,MCH-05,CNC_STD,2024-05-04 21:50:21,2024-05-05 01:23:45,0.0,done,2024-05-05 01:26:41
OF-2024-05304,ART-U04,Usinage,186.4,Inox,Rouge,267,MCH-03,CNC_STD,2024-01-21 06:17:49,2024-01-22 00:30:23,0.0,done,2024-01-22 00:34:21
OF-2024-05305,ART-S29,Soudure,90.9,Aluminium,Vert,15,MCH-12,ROBOT_CELL,2024-06-15 21:08:01,2024-06-15 22:09:12,15.8,done,2024-06-15 22:11:28
OF-2024-05306,ART-U28,Usinage,115.2,Aluminium,Bleu,328,MCH-02,CNC_FAST,2024-02-10 06:42:11,2024-02-10 12:19:01,0.0,done,2024-02-10 12:20:47
OF-2024-05307,ART-A22,Assemblage,105.9,Aluminium,Noir,76,MCH-08,MANUAL,2024-03-14 18:40:19,2024-03-14 20:21:32,0.0,done,2024-03-14 20:25:41
OF-2024-05308,ARTA06,Assemblage,21.3,Acier,Noir,22,MCH-08,MANUAL,2024-08-31 14:11:08,2024-08-31 14:44:06,10.3,done,2024-08-31 14:46:27
OF-2024-05309,ART-F27,Finition,162.2,Titane,Rouge,38,MCH-07,MANUAL,14/01/2024 21:35,14/01/2024 23:08,0.0,done,14/01/2024 23:13
OF-2024-05310,ART-U32-MM,Usinage,131.7,Aluminium,Gris,17,MCH-01,CNC_FAST,2024-05-31 19:16:09,2024-05-31 19:59:43,0.0,done,2024-05-31 20:02:24
OF-2024-05311,ART-S13,Soudure,74.7,Acier,Jaune,77,MCH-09,ROBOT_CELL,2024-04-21 10:51:23,2024-04-21 14:17:14,43.7,done,2024-04-21 14:20:16
OF-2024-05312,ART-F39,Finition,157.5,Titane,Jaune,47,MCH-08,MANUAL,2024-08-18 15:59:52,2024-08-18 18:16:32,0.0,done,2024-08-18 18:19:45
OF-2024-05313,ART-U00,Usinage,184.0,Inox,Jaune,27,MCH-04,CNC_STD,2024-05-11 10:54:40,2024-05-11 12:49:04,21.4,done,2024-05-11 12:50:14
OF-2024-05314,ART-U16,Usinage,144.1,Aluminium,Noir,155,MCH-04,CNC_STD,2024-05-08 18:18:14,2024-05-08 23:17:23,93.7,done,2024-05-08 23:17:54
OF-2024-05315,ART-S05,Soudure,38.9,Acier,Vert,66,MCH-11,ROBOT_CELL,2024-02-16 12:26:02,2024-02-16 14:01:52,0.0,done,2024-02-16 14:06:38
OF-2024-05316,  ART-S05 ,Soudure,38.9,Acier,Vert,50,MCH-12,ROBOT_CELL,2024-06-19 21:18:07,2024-06-19 22:45:20,0.0,done,2024-06-19 22:46:18
OF-2024-05317,ART-S25,Soudure,151.9,Acier,Bleu,30,MCH-09,ROBOT_CELL,2024-01-07 22:16:20,2024-01-08 00:42:05,21.0,done,2024-01-08 00:43:14
OF-2024-05318,ART-U12,Usinage,23.0,Titane,Noir,12,MCH-03,CNC_STD,2024-08-20 13:45:44,2024-08-20 14:11:15,0.0,done,2024-08-20 14:15:12
OF-2024-05319,ARTF11,Finition,147.9,Acier,Gris,53,MCH-08,MANUAL,2024-01-11 16:40:04,2024-01-11 17:58:36,0.0,done,2024-01-11 18:03:30
OF-2024-05320,ART-U32,Usinage,131.7,Aluminium,Gris,177,MCH-03,CNC_STD,2024-08-24 11:00:18,2024-08-24 17:19:30,0.0,done,2024-08-24 17:23:57
OF-2024-05321,ART-F27,Finition,162.2,Titane,Rouge,76,MCH-07,MANUAL,25/08/2024 15:11,25/08/2024 17:34,0.0,done,25/08/2024 17:36
OF-2024-05322,ART-S29,Soudure,90.9,Aluminium,Vert,158,MCH-10,ROBOT_CELL,2024-01-31 07:04:36,2024-01-31 14:27:30,89.1,done,2024-01-31 14:28:12
OF-2024-05323,ART-U20,Usinage,23.4,Titane,Rouge,64,MCH-03,CNC_STD,2024-07-04 20:06:26,2024-07-04 21:40:09,0.0,done,2024-07-04 21:40:45
OF-2024-05324,ART-F11,Finition,147.9,Acier,Gris,193,MCH-08,MANUAL,2024-08-19 12:04:08,2024-08-19 16:21:30,0.0,done,2024-08-19 16:26:24
OF-2024-05325,ART-S33,Soudure,195.1,Inox,Gris,76,MCH-07,MANUAL,11/02/2024 08:05,11/02/2024 20:57,0.0,done,11/02/2024 21:00
OF-2024-05326,ART-U24,Usinage,173.0,Aluminium,Vert,77,MCH-03,CNC_STD,2024-06-22 18:13:48,2024-06-22 21:10:19,35.6,done,2024-06-22 21:11:01
OF-2024-05327,ARTU32,Usinage,131.7,Aluminium,Gris,48,MCH-02,CNC_FAST,2024-01-25 10:10:53,2024-01-25 11:25:26,0.0,done,2024-01-25 11:29:23
OF-2024-05328,ART-A10,Assemblage,48.9,Aluminium,Jaune,21,MCH-03,CNC_STD,2024-04-04 21:33:49,2024-04-04 21:59:59,0.0,done,2024-04-04 22:01:21
OF-2024-05329,ART-S29,Soudure,90.9,Aluminium,Vert,400,MCH-08,MANUAL,2024-03-13 07:17:22,2024-03-14 11:25:43,336.4,done,2024-03-14 11:30:29
OF-2024-05330,ART-U04,Usinage,186.4,Inox,Rouge,53,MCH-05,CNC_STD,2024-01-23 18:35:48,2024-01-23 22:22:20,53.9,done,2024-01-23 22:23:02
OF-2024-05331,ART-U08,Usinage,22.6,Inox,Noir,73,MCH-02,CNC_FAST,2024-07-20 08:12:47,2024-07-20 08:54:43,0.0,done,2024-07-20 08:59:06
OF-2024-05332,ART-A26,Assemblage,183.1,Inox,Rouge,42,MCH-11,ROBOT_CELL,2024-03-14 13:43:35,2024-03-14 15:12:34,0.0,done,2024-03-14 15:13:45
OF-2024-05333,ART-U00,Usinage,184.0,Inox,Jaune,13,MCH-01,CNC_FAST,2024-03-19 14:42:16,2024-03-19 14:42:16,0.0,done,2024-03-19 15:26:42
OF-2024-05334,ART-U20-MM,Usinage,23.4,Titane,Rouge,5,MCH-05,CNC_STD,2024-08-12 18:37:50,2024-08-12 19:00:11,0.0,done,2024-08-12 19:05:09
OF-2024-05335,ART-S33,Soudure,195.1,Inox,Gris,7,MCH-07,MANUAL,03/06/2024 14:00,03/06/2024 15:40,17.9,done,03/06/2024 15:43
OF-2024-05336,ART-A38,Assemblage,165.3,Titane,Noir,214,MCH-07,MANUAL,16/08/2024 10:10,17/08/2024 05:11,0.0,done,17/08/2024 05:16
OF-2024-05337,ART-A22,Assemblage,105.9,Aluminium,Noir,73,MCH-06,MANUAL,2024-07-29 21:41:04,2024-07-29 23:09:24,0.0,done,2024-07-29 23:12:48
OF-2024-05338,ART-S25,Soudure,151.9,Acier,Bleu,49,MCH-08,MANUAL,2024-07-16 16:58:04,2024-07-16 22:17:25,0.0,done,2024-07-16 22:19:23
OF-2024-05339,ART-U04,Usinage,186.4,Inox,Rouge,332,MCH-02,CNC_FAST,2024-05-12 16:13:41,2024-05-13 08:21:04,0.0,done,2024-05-13 08:24:06
OF-2024-05340,ART-A06,Assemblage,21.3,Acier,Noir,10,MCH-06,MANUAL,2024-01-14 15:14:55,2024-01-14 15:40:07,0.0,done,2024-01-14 15:40:55
OF-2024-05341,ART-F11,Finition,147.9,Acier,Gris,169,MCH-02,CNC_FAST,2024-08-07 20:15:40,2024-08-07 20:14:40,0.0,done,2024-08-07 21:45:44
OF-2024-05342,ART-U24,Usinage,173.0,Aluminium,Vert,5,MCH-01,CNC_FAST,2024-08-29 07:46:12,2024-08-29 08:11:34,1.9,done,2024-08-29 08:14:46
OF-2024-05343,ART-U00,Usinage,184.0,Inox,Jaune,33,MCH-01,CNC_FAST,2024-07-30 08:25:16,2024-07-30 09:45:13,0.0,done,2024-07-30 09:47:15
OF-2024-05344,ART-U04,Usinage,186.4,Inox,Rouge,269,MCH-01,CNC_FAST,2024-08-19 21:58:07,2024-08-20 10:36:44,208.9,done,2024-08-20 10:38:47
OF-2024-05345,ART-A02,Assemblage,36.9,Aluminium,Vert,69,MCH-10,ROBOT_CELL,2024-02-17 16:47:28,2024-02-17 17:17:40,4.9,done,2024-02-17 17:18:48
OF-2024-05346,ART-A26,Assemblage,183.1,Inox,Rouge,32,MCH-07,MANUAL,20/07/2024 15:16,20/07/2024 16:56,0.0,done,20/07/2024 16:58
OF-2024-05347,ART-U08,Usinage,22.6,Inox,Noir,309,MCH-02,CNC_FAST,2024-02-01 08:16:49,2024-02-01 12:22:50,0.0,done,2024-02-01 12:25:50
OF-2024-05348,ART-U00,Usinage,184.0,Inox,Jaune,34,MCH-01,CNC_FAST,2024-06-04 06:14:06,2024-06-04 07:36:36,23.0,done,2024-06-04 07:37:55
OF-2024-05349,ART-S29,Soudure,90.9,Aluminium,Vert,119,MCH-08,MANUAL,2024-03-06 07:33:44,2024-03-06 17:15:41,0.0,done,2024-03-06 17:17:46
OF-2024-05350,ART-U16,Usinage,144.1,Aluminium,Noir,275,MCH-01,CNC_FAST,2024-06-30 08:35:09,2024-06-30 13:32:46,26.3,done,2024-06-30 13:36:09
OF-2024-05351,ART-S25,Soudure,151.9,Acier,Bleu,6,MCH-11,ROBOT_CELL,2024-01-08 18:00:04,2024-01-08 19:07:35,0.0,done,2024-01-08 19:09:03
OF-2024-05352,ART-S29,Soudure,90.9,Aluminium,Vert,74,MCH-11,ROBOT_CELL,2024-02-25 10:17:15,2024-02-25 13:15:02,0.0,done,2024-02-25 13:19:06
OF-2024-05353,ART-S05,Soudure,38.9,Acier,Vert,263,MCH-10,ROBOT_CELL,2024-02-29 15:39:28,2024-02-29 21:09:32,0.0,done,2024-02-29 21:10:09
OF-2024-05354,ART-A18,Assemblage,15.6,Inox,Rouge,216,MCH-09,ROBOT_CELL,2024-03-04 09:40:26,2024-03-04 11:35:39,8.9,done,2024-03-04 11:37:10
OF-2024-05355,ART-S13,Soudure,74.7,Acier,Jaune,66,MCH-07,MANUAL,25/02/2024 21:52,26/02/2024 04:00,22.9,done,26/02/2024 04:03
OF-2024-05356,ART-S05,Soudure,38.9,Acier,Vert,273,MCH-08,MANUAL,2024-07-19 13:55:41,2024-07-19 23:20:54,129.1,done,2024-07-19 23:25:03
OF-2024-05357,ART-U28,Usinage,115.2,Aluminium,Bleu,50,MCH-04,CNC_STD,2024-05-17 17:22:50,2024-05-17 19:07:14,0.0,done,2024-05-17 19:12:04
OF-2024-05358,ART-A10,Assemblage,48.9,Aluminium,Jaune,70,MCH-05,CNC_STD,2024-02-05 16:01:07,2024-02-05 17:02:56,0.0,done,2024-02-05 17:05:30
OF-2024-05359,ART-S13,Soudure,74.7,Acier,Jaune,34,MCH-06,MANUAL,2024-04-06 14:42:00,2024-04-06 17:43:29,0.0,done,2024-04-06 17:44:09
OF-2024-05360,ART-U28,Usinage,115.2,Aluminium,Bleu,24,MCH-04,CNC_STD,2024-04-06 17:20:27,2024-04-06 18:17:44,6.6,done,2024-04-06 18:20:27
OF-2024-05361,  ART-A06 ,Assemblage,21.3,Acier,Noir,13,MCH-09,ROBOT_CELL,2024-02-26 07:40:30,2024-02-26 07:50:28,0.0,done,2024-02-26 07:55:16
OF-2024-05362,ART-S33,Soudure,195.1,Inox,Gris,26,MCH-09,ROBOT_CELL,2024-04-25 07:05:42,2024-04-25 09:23:02,0.0,done,2024-04-25 09:24:48
OF-2024-05363,ART-S29,Soudure,90.9,Aluminium,Vert,20,MCH-06,MANUAL,2024-01-11 08:24:46,2024-01-11 10:33:02,35.6,done,2024-01-11 10:35:38
OF-2024-05364,ART-U28,Usinage,115.2,Aluminium,Bleu,66,MCH-05,CNC_STD,2024-05-05 15:18:27,2024-05-05 16:51:10,0.0,done,2024-05-05 16:55:21
OF-2024-05365,art-s05,Soudure,38.9,Acier,Vert,68,MCH-12,ROBOT_CELL,2024-07-16 14:27:41,2024-07-16 16:35:50,0.0,done,2024-07-16 16:39:21
OF-2024-05366,ART-S01,Soudure,191.3,Titane,Bleu,59,MCH-07,MANUAL,16/05/2024 11:02,16/05/2024 21:02,107.2,done,16/05/2024 21:05
OF-2024-05367,ART-S29,Soudure,90.9,Aluminium,Vert,358,MCH-08,MANUAL,2024-02-29 14:27:36,2024-03-01 13:34:20,0.0,done,2024-03-01 13:36:22
OF-2024-05368,ART-A10,Assemblage,48.9,Aluminium,Jaune,278,MCH-06,MANUAL,2024-06-08 20:32:09,2024-06-09 01:01:25,93.5,done,2024-06-09 01:05:11
OF-2024-05369,ART-U24,Usinage,173.0,Aluminium,Vert,34,MCH-03,CNC_STD,2024-08-21 10:37:54,2024-08-21 12:20:08,11.8,done,2024-08-21 12:24:48
OF-2024-05370,ART-F27,Finition,162.2,Titane,Rouge,61,MCH-07,MANUAL,16/04/2024 13:20,16/04/2024 15:22,0.0,done,16/04/2024 15:25
OF-2024-05371,ART-U00,Usinage,184.0,Inox,Jaune,37,MCH-05,CNC_STD,2024-08-30 16:40:01,2024-08-30 19:34:17,0.0,done,2024-08-30 19:38:56
OF-2024-05372,ART-S13,Soudure,74.7,Acier,Jaune,71,MCH-10,ROBOT_CELL,2024-02-01 14:11:50,2024-02-01 18:25:39,0.0,done,2024-02-01 18:27:45
OF-2024-05373,ART-F19-MM,Finition,100.8,Aluminium,Gris,150,MCH-01,CNC_FAST,2024-02-15 12:35:28,2024-02-15 13:56:23,0.0,done,2024-02-15 13:59:16
OF-2024-05374,ART-A14,Assemblage,190.7,Acier,Noir,243,MCH-06,MANUAL,2024-02-15 20:57:33,2024-02-16 06:06:29,145.1,done,2024-02-16 06:08:25
OF-2024-05375,ART-S25,Soudure,151.9,Acier,Bleu,185,MCH-09,ROBOT_CELL,2024-05-11 13:34:15,2024-05-12 03:07:45,0.0,done,2024-05-12 03:08:19
OF-2024-05376,ART-A10,Assemblage,48.9,Aluminium,Jaune,234,MCH-11,ROBOT_CELL,2024-06-16 17:32:47,2024-06-16 20:27:42,0.0,done,2024-06-16 20:30:21
OF-2024-05377,ART-U00,Usinage,184.0,Inox,Jaune,12,MCH-05,CNC_STD,2024-07-07 09:44:12,2024-07-07 10:38:43,0.0,done,2024-07-07 10:41:34
OF-2024-05378,ARTU08,Usinage,22.6,Inox,Noir,284,MCH-05,CNC_STD,2024-06-28 08:01:04,2024-06-28 13:24:38,111.4,done,2024-06-28 13:27:01
OF-2024-05379,ART-S29,Soudure,90.9,Aluminium,Vert,345,MCH-08,MANUAL,2024-02-11 14:21:26,2024-02-12 11:19:13,0.0,done,2024-02-12 11:20:27
OF-2024-05380,ART-U24,Usinage,173.0,Aluminium,Vert,47,MCH-03,CNC_STD,2024-04-10 16:43:29,2024-04-10 18:34:34,0.0,done,2024-04-10 18:36:07
OF-2024-05381,  ART-F11 ,Finition,147.9,Acier,Gris,42,MCH-08,MANUAL,2024-01-18 21:40:35,2024-01-18 23:05:47,26.9,done,2024-01-18 23:08:35
OF-2024-05382,ART-S21,Soudure,45.5,Inox,Vert,188,MCH-07,MANUAL,27/06/2024 17:01,28/06/2024 06:18,0.0,done,28/06/2024 06:19
OF-2024-05383,ART-U16,Usinage,144.1,Aluminium,Noir,12,MCH-02,CNC_FAST,2024-06-05 14:00:06,2024-06-05 14:33:03,0.0,done,2024-06-05 14:34:05
OF-2024-05384,ART-A06,Assemblage,21.3,Acier,Noir,39,MCH-05,CNC_STD,2024-01-19 15:27:00,2024-01-19 16:01:18,0.0,done,2024-01-19 16:02:01
OF-2024-05385,ART-U04,Usinage,186.4,Inox,Rouge,392,MCH-01,CNC_FAST,2024-08-07 12:56:28,2024-08-08 05:10:58,320.3,done,2024-08-08 05:12:38
OF-2024-05386,ART-U28,Usinage,115.2,Aluminium,Bleu,14,MCH-03,CNC_STD,2024-08-02 12:55:25,2024-08-02 13:42:33,0.0,done,2024-08-02 13:45:33
OF-2024-05387,ART-A18,Assemblage,15.6,Inox,Rouge,45,MCH-06,MANUAL,2024-05-08 09:10:40,2024-05-08 09:45:26,0.0,done,2024-05-08 09:49:58
OF-2024-05388,ART-A02,Assemblage,36.9,Aluminium,Vert,68,MCH-04,CNC_STD,2024-07-04 06:57:24,2024-07-04 07:38:50,12.7,done,2024-07-04 07:40:38
OF-2024-05389,ART-S29,Soudure,90.9,Aluminium,Vert,50,MCH-08,MANUAL,2024-04-07 07:05:28,,68.9,running,2024-04-07 10:31:45
OF-2024-05390,ART-F27,Finition,162.2,Titane,Rouge,78,MCH-06,MANUAL,2024-01-17 09:39:25,2024-01-17 13:16:31,0.0,done,2024-01-17 13:19:09
OF-2024-05391,ART-S25,Soudure,151.9,Acier,Bleu,215,MCH-08,MANUAL,2024-01-21 13:52:32,2024-01-22 17:22:59,0.0,done,2024-01-22 17:25:38
OF-2024-05392,ART-U24,Usinage,173.0,Aluminium,Vert,50,MCH-05,CNC_STD,2024-03-31 20:49:06,2024-03-31 22:43:19,0.0,done,2024-03-31 22:46:55
OF-2024-05393,ART-A22,Assemblage,105.9,Aluminium,Noir,13,MCH-05,CNC_STD,2024-01-24 11:01:23,2024-01-24 11:28:20,4.0,done,2024-01-24 11:32:01
OF-2024-05394,ART-U00,Usinage,184.0,Inox,Jaune,28,MCH-02,CNC_FAST,2024-02-21 19:04:19,2024-02-21 20:33:02,21.5,done,2024-02-21 20:33:37
OF-2024-05395,ART-U00,Usinage,184.0,Inox,Jaune,21,MCH-03,CNC_STD,2024-03-27 16:13:57,2024-03-27 17:45:07,15.6,done,2024-03-27 17:47:23
OF-2024-05396,ART-F15,Finition,196.8,Titane,Jaune,57,MCH-02,CNC_FAST,2024-01-01 19:38:52,2024-01-01 20:59:06,0.0,done,2024-01-01 21:03:44
OF-2024-05397,ART-A06-MM,Assemblage,21.3,Acier,Noir,235,MCH-12,ROBOT_CELL,2024-07-03 09:26:52,2024-07-03 11:03:13,0.0,done,2024-07-03 11:06:13
OF-2024-05398,ART-F27,Finition,162.2,Titane,Rouge,217,MCH-07,MANUAL,21/01/2024 19:09,22/01/2024 04:25,180.6,done,22/01/2024 04:27
OF-2024-05399,ART-A26,Assemblage,183.1,Inox,Rouge,57,MCH-11,ROBOT_CELL,2024-07-18 15:34:44,2024-07-18 17:36:49,0.0,done,2024-07-18 17:39:39
OF-2024-05400,ARTF11,Finition,147.9,Acier,Gris,49,MCH-06,MANUAL,2024-03-06 09:49:55,2024-03-06 11:09:57,0.0,done,2024-03-06 11:13:16
OF-2024-05401,ART-U28,Usinage,115.2,Aluminium,Bleu,43,MCH-05,CNC_STD,2024-06-16 06:56:20,,0.0,running,2024-06-16 08:19:14
OF-2024-05402,ART-A02,Assemblage,36.9,Aluminium,Vert,172,MCH-10,ROBOT_CELL,2024-03-15 13:04:17,2024-03-15 14:24:49,26.2,done,2024-03-15 14:26:06
OF-2024-05403,ART-F19,Finition,100.8,Aluminium,Gris,60,MCH-02,CNC_FAST,2024-03-29 16:37:49,2024-03-29 17:08:34,0.0,done,2024-03-29 17:12:17
OF-2024-05404,ART-U28,Usinage,115.2,Aluminium,Bleu,266,MCH-02,CNC_FAST,2024-04-14 18:10:49,2024-04-14 22:05:48,0.0,done,2024-04-14 22:07:57
OF-2024-05405,ART-U28,Usinage,115.2,Aluminium,Bleu,67,MCH-04,CNC_STD,2024-07-04 16:09:45,2024-07-04 18:00:04,0.0,done,2024-07-04 18:03:45
OF-2024-05406,ART-A02,Assemblage,36.9,Aluminium,Vert,58,MCH-11,ROBOT_CELL,2024-06-11 12:35:05,2024-06-11 13:06:45,0.0,done,2024-06-11 13:08:43
OF-2024-05407,ART-S25,Soudure,151.9,Acier,Bleu,76,MCH-06,MANUAL,2024-06-16 18:20:46,2024-06-17 02:19:49,0.0,done,2024-06-17 02:21:54
OF-2024-05408,ART-A30,Assemblage,130.4,Acier,Gris,60,MCH-07,MANUAL,02/02/2024 17:01,02/02/2024 19:35,0.0,done,02/02/2024 19:37
OF-2024-05409,ART-U24,Usinage,173.0,Aluminium,Vert,153,MCH-03,CNC_STD,2024-02-15 08:58:51,2024-02-15 14:54:17,0.0,done,2024-02-15 14:57:09
OF-2024-05410,ART-A22,Assemblage,105.9,Aluminium,Noir,357,MCH-07,MANUAL,15/03/2024 11:58,15/03/2024 20:07,0.0,done,15/03/2024 20:10
OF-2024-05411,ART-F07,Finition,147.0,Acier,Gris,52,MCH-08,MANUAL,2024-01-15 06:32:43,2024-01-15 07:50:37,4.5,done,2024-01-15 07:53:37
OF-2024-05412,ART-U28,Usinage,115.2,Aluminium,Bleu,48,MCH-03,CNC_STD,2024-08-27 11:32:36,2024-08-27 13:02:45,0.0,done,2024-08-27 13:07:18
OF-2024-05413,ART-A02,Assemblage,36.9,Aluminium,Vert,67,MCH-05,CNC_STD,2024-04-02 08:06:36,2024-04-02 08:53:37,0.0,done,2024-04-02 08:54:34
OF-2024-05414,ART-F27,Finition,162.2,Titane,Rouge,334,MCH-01,CNC_FAST,2024-04-01 19:03:36,2024-04-02 01:02:23,0.0,done,2024-04-02 01:04:44
OF-2024-05415,ART-S29,Soudure,90.9,Aluminium,Vert,73,MCH-10,ROBOT_CELL,2024-07-21 19:34:25,2024-07-21 22:36:06,50.7,done,2024-07-21 22:36:46
OF-2024-05416,ART-U00,Usinage,184.0,Inox,Jaune,147,MCH-03,CNC_STD,2024-07-13 09:15:33,2024-07-13 16:32:06,87.3,done,2024-07-13 16:33:12
OF-2024-05417,ART-U04,Usinage,186.4,Inox,Rouge,8,MCH-01,CNC_FAST,2024-07-10 07:59:36,2024-07-10 08:37:17,10.1,done,2024-07-10 08:38:25
OF-2024-05418,art-u20,Usinage,23.4,Titane,Rouge,43,MCH-02,CNC_FAST,2024-02-20 10:36:08,2024-02-20 11:39:03,0.0,done,2024-02-20 11:43:46
OF-2024-05419,ART-A18,Assemblage,15.6,Inox,Rouge,171,MCH-10,ROBOT_CELL,2024-05-16 13:11:25,2024-05-16 14:31:25,15.1,done,2024-05-16 14:35:11
OF-2024-05420,ART-F15,Finition,196.8,Titane,Jaune,33,MCH-01,CNC_FAST,2024-02-29 21:28:39,2024-02-29 22:11:55,8.6,done,2024-02-29 22:14:25
OF-2024-05421,ART-F19,Finition,100.8,Aluminium,Gris,54,MCH-02,CNC_FAST,2024-03-02 21:36:07,2024-03-02 22:06:18,6.3,done,2024-03-02 22:09:35
OF-2024-05422,ART-S25,Soudure,151.9,Acier,Bleu,67,MCH-10,ROBOT_CELL,2024-05-26 20:07:34,2024-05-27 01:06:41,103.2,done,2024-05-27 01:09:17
OF-2024-05423,ART-U04,Usinage,186.4,Inox,Rouge,78,MCH-04,CNC_STD,2024-02-18 11:16:55,2024-02-18 17:29:12,0.0,done,2024-02-18 17:30:52
OF-2024-05424,ART-F15,Finition,196.8,Titane,Jaune,13,MCH-02,CNC_FAST,2024-06-05 21:52:22,2024-06-05 22:18:02,5.7,done,2024-06-05 22:20:29
OF-2024-05425,ART-U24,Usinage,173.0,Aluminium,Vert,66,MCH-03,CNC_STD,2024-01-26 17:27:10,2024-01-26 20:06:22,0.0,done,2024-01-26 20:11:09
OF-2024-05426,ART-A06,Assemblage,21.3,Acier,Noir,55,MCH-09,ROBOT_CELL,2024-02-24 10:36:23,2024-02-24 11:06:45,0.0,done,2024-02-24 11:10:02
OF-2024-05427,ART-U24,Usinage,173.0,Aluminium,Vert,49,MCH-01,CNC_FAST,2024-08-01 21:50:43,2024-08-01 23:28:15,0.0,done,2024-08-01 23:31:02
OF-2024-05428,ART-S13,Soudure,74.7,Acier,Jaune,171,MCH-08,MANUAL,2024-04-20 07:29:39,2024-04-20 21:52:14,0.0,done,2024-04-20 21:53:50
OF-2024-05429,ART-S13,Soudure,74.7,Acier,Jaune,46,MCH-11,ROBOT_CELL,2024-05-26 20:01:50,2024-05-26 22:17:10,43.4,done,2024-05-26 22:21:32
OF-2024-05430,ART-S33,Soudure,195.1,Inox,Gris,46,MCH-08,MANUAL,2024-03-20 06:02:31,2024-03-20 13:07:56,51.0,done,2024-03-20 13:10:25
OF-2024-05431,ART-U16,Usinage,144.1,Aluminium,Noir,43,MCH-04,CNC_STD,2024-04-22 15:34:48,2024-04-22 17:43:08,0.0,done,2024-04-22 17:43:44
OF-2024-05432,ART-U08,Usinage,22.6,Inox,Noir,23,MCH-05,CNC_STD,2024-03-30 11:24:32,2024-03-30 12:06:45,11.3,done,2024-03-30 12:09:49
OF-2024-05433,ART-U28,Usinage,115.2,Aluminium,Bleu,62,MCH-05,CNC_STD,2024-05-15 07:18:36,2024-05-15 09:11:28,0.0,done,2024-05-15 09:12:46
OF-2024-05434,ART-F15,Finition,196.8,Titane,Jaune,70,MCH-01,CNC_FAST,2024-01-26 13:19:55,2024-01-26 14:51:38,0.0,done,2024-01-26 14:53:29
OF-2024-05435,ART-F15,Finition,196.8,Titane,Jaune,41,MCH-07,MANUAL,02/08/2024 13:35,02/08/2024 15:36,0.0,done,02/08/2024 15:38
OF-2024-05436,ART-A26,Assemblage,183.1,Inox,Rouge,18,MCH-10,ROBOT_CELL,2024-02-06 14:57:18,2024-02-06 15:41:03,0.0,done,2024-02-06 15:43:11
OF-2024-05437,ART-U32,Usinage,131.7,Aluminium,Gris,75,MCH-01,CNC_FAST,2024-06-28 16:41:15,2024-06-28 18:15:48,26.7,done,2024-06-28 18:18:15
OF-2024-05438,ART-A06,Assemblage,21.3,Acier,Noir,53,MCH-07,MANUAL,08/05/2024 17:50,08/05/2024 18:43,0.0,done,08/05/2024 18:45
OF-2024-05439,ART-S25,Soudure,151.9,Acier,Bleu,194,MCH-06,MANUAL,2024-05-09 11:12:11,,0.0,aborted,2024-05-10 05:16:22
OF-2024-05440,ART-U04,Usinage,186.4,Inox,Rouge,327,MCH-01,CNC_FAST,2024-04-19 14:33:02,2024-04-20 04:51:51,0.0,done,2024-04-20 04:53:05
OF-2024-05441,ART-U04,Usinage,186.4,Inox,Rouge,16,MCH-04,CNC_STD,2024-04-24 18:05:38,2024-04-24 19:25:46,0.0,done,2024-04-24 19:28:19
OF-2024-05442,ART-U20,Usinage,23.4,Titane,Rouge,50,MCH-03,CNC_STD,2024-01-10 17:03:09,2024-01-10 18:53:02,0.0,done,2024-01-10 18:56:40
OF-2024-05443,ART-U28,Usinage,115.2,Aluminium,Bleu,383,MCH-04,CNC_STD,2024-01-18 16:14:28,2024-01-19 01:36:54,188.2,done,2024-01-19 01:37:33
OF-2024-05444,ART-U32,Usinage,131.7,Aluminium,Gris,178,MCH-03,CNC_STD,2024-01-15 12:39:43,2024-01-15 19:50:25,148.0,done,2024-01-15 19:54:00
OF-2024-05445,ART-A26,Assemblage,183.1,Inox,Rouge,80,MCH-07,MANUAL,23/03/2024 08:58,23/03/2024 12:05,0.0,done,23/03/2024 12:08
OF-2024-05446,ART-S25,Soudure,151.9,Acier,Bleu,11,MCH-06,MANUAL,2024-03-16 07:14:29,2024-03-16 09:26:45,0.0,done,2024-03-16 09:31:22
OF-2024-05447,ART-A26,Assemblage,183.1,Inox,Rouge,212,MCH-12,ROBOT_CELL,2024-08-03 12:50:47,2024-08-03 19:54:20,0.0,done,2024-08-03 19:56:39
OF-2024-05448,ART-S13,Soudure,74.7,Acier,Jaune,20,MCH-08,MANUAL,2024-04-23 19:22:59,,0.0,aborted,2024-04-23 21:20:52
OF-2024-05449,ART-S33,Soudure,195.1,Inox,Gris,13,MCH-09,ROBOT_CELL,2024-08-16 16:14:00,2024-08-16 18:05:01,0.0,done,2024-08-16 18:09:35
OF-2024-05450,  ART-U08 ,Usinage,22.6,Inox,Noir,54,MCH-04,CNC_STD,2024-08-17 18:02:06,2024-08-17 19:02:08,0.0,done,2024-08-17 19:03:20
OF-2024-05451,ART-F11,Finition,147.9,Acier,Gris,74,MCH-08,MANUAL,2024-02-03 19:36:24,2024-02-03 21:42:08,0.0,done,2024-02-03 21:44:15
OF-2024-05452,ART-F11,Finition,147.9,Acier,Gris,22,MCH-07,MANUAL,03/04/2024 08:58,03/04/2024 09:41,7.1,done,03/04/2024 09:43
OF-2024-05453,ART-S13,Soudure,74.7,Acier,Jaune,262,MCH-12,ROBOT_CELL,2024-05-30 12:47:04,2024-05-31 04:10:00,0.0,done,2024-05-31 04:14:55
OF-2024-05454,ART-A22,Assemblage,105.9,Aluminium,Noir,62,MCH-10,ROBOT_CELL,2024-02-20 16:05:45,2024-02-20 17:00:09,0.0,done,2024-02-20 17:01:07
OF-2024-05455,art-u20,Usinage,23.4,Titane,Rouge,67,MCH-04,CNC_STD,2024-04-15 09:08:37,2024-04-15 10:37:52,0.0,done,2024-04-15 10:40:49
OF-2024-05456,ART-F27,Finition,162.2,Titane,Rouge,59,MCH-07,MANUAL,08/08/2024 13:28,08/08/2024 15:24,0.0,done,08/08/2024 15:28
OF-2024-05457,ART-S29,Soudure,90.9,Aluminium,Vert,77,MCH-07,MANUAL,20/07/2024 11:26,20/07/2024 18:07,0.0,done,20/07/2024 18:10
OF-2024-05458,ART-S33,Soudure,195.1,Inox,Gris,198,MCH-11,ROBOT_CELL,2024-01-03 07:48:54,2024-01-04 01:56:07,167.9,done,2024-01-04 01:59:42
OF-2024-05459,ART-A02,Assemblage,36.9,Aluminium,Vert,40,MCH-07,MANUAL,27/04/2024 11:00,27/04/2024 11:39,5.3,done,27/04/2024 11:42
OF-2024-05460,ART-F15,Finition,196.8,Titane,Jaune,49,MCH-07,MANUAL,28/06/2024 08:50,28/06/2024 10:55,15.0,done,28/06/2024 10:59
OF-2024-05461,ART-S01,Soudure,191.3,Titane,Bleu,43,MCH-08,MANUAL,2024-04-13 08:26:26,2024-04-13 16:47:48,0.0,done,2024-04-13 16:48:40
OF-2024-05462,ART-F23,Finition,23.0,Acier,Gris,36,MCH-08,MANUAL,2024-01-05 12:28:22,2024-01-05 13:01:45,0.0,done,2024-01-05 13:04:15
OF-2024-05463,ART-S13,Soudure,74.7,Acier,Jaune,75,MCH-07,MANUAL,03/03/2024 11:47,03/03/2024 17:55,126.3,done,03/03/2024 17:56
OF-2024-05464,ART-U20-MM,Usinage,23.4,Titane,Rouge,68,MCH-02,CNC_FAST,2024-02-05 14:03:42,2024-02-05 15:14:55,8.3,done,2024-02-05 15:19:33
OF-2024-05465,ARTU16,Usinage,144.1,Aluminium,Noir,44,MCH-03,CNC_STD,2024-05-15 15:25:36,2024-05-15 15:25:36,0.0,done,2024-05-15 17:36:05
OF-2024-05466,ART-A06,Assemblage,21.3,Acier,Noir,18,MCH-06,MANUAL,2024-06-13 12:06:28,2024-06-13 12:26:27,0.0,done,2024-06-13 12:30:06
OF-2024-05467,ART-S25,Soudure,151.9,Acier,Bleu,23,MCH-11,ROBOT_CELL,2024-03-11 06:33:14,2024-03-11 08:31:04,39.1,done,2024-03-11 08:32:46
OF-2024-05468,ART-A26,Assemblage,183.1,Inox,Rouge,318,MCH-08,MANUAL,2024-08-08 12:06:37,2024-08-09 04:52:51,0.0,done,2024-08-09 04:53:28
OF-2024-05469,ART-S29,Soudure,90.9,Aluminium,Vert,72,MCH-09,ROBOT_CELL,2024-03-04 16:47:55,2024-03-04 19:29:14,19.1,done,2024-03-04 19:30:39
OF-2024-05470,ART-U00,Usinage,184.0,Inox,Jaune,31,MCH-04,CNC_STD,2024-03-14 13:19:10,2024-03-14 14:55:36,0.0,done,2024-03-14 15:00:33
OF-2024-05471,ARTA06,Assemblage,21.3,Acier,Noir,9,MCH-10,ROBOT_CELL,2024-01-16 06:29:34,2024-01-16 06:39:49,0.0,done,2024-01-16 06:42:00
OF-2024-05472,ART-U32,Usinage,131.7,Aluminium,Gris,35,MCH-01,CNC_FAST,2024-02-25 12:24:23,2024-02-25 13:29:00,0.0,done,2024-02-25 13:30:59
OF-2024-05473,ART-A06-MM,Assemblage,21.3,Acier,Noir,35,MCH-10,ROBOT_CELL,2024-05-19 13:29:04,2024-05-19 13:52:28,0.0,done,2024-05-19 13:56:05
OF-2024-05474,ART-A14,Assemblage,190.7,Acier,Noir,7,MCH-07,MANUAL,10/03/2024 20:28,10/03/2024 21:15,10.5,done,10/03/2024 21:19
OF-2024-05475,ART-U08,Usinage,22.6,Inox,Noir,18,MCH-05,CNC_STD,2024-03-03 07:09:06,2024-03-03 07:40:35,0.0,done,2024-03-03 07:41:25
OF-2024-05476,ART-U32,Usinage,131.7,Aluminium,Gris,299,MCH-04,CNC_STD,2024-03-27 18:37:25,2024-03-30 14:32:59,0.0,done,2024-03-30 14:37:35
OF-2024-05477,ART-U28,Usinage,115.2,Aluminium,Bleu,54,MCH-04,CNC_STD,2024-05-08 19:11:46,2024-05-08 20:55:36,0.0,done,2024-05-08 20:58:48
OF-2024-05478,ART-A10,Assemblage,48.9,Aluminium,Jaune,25,MCH-03,CNC_STD,2024-02-05 09:59:49,2024-02-05 10:32:37,0.0,done,2024-02-05 10:34:08
OF-2024-05479,ART-S33,Soudure,195.1,Inox,Gris,47,MCH-08,MANUAL,2024-05-27 21:05:24,2024-05-28 04:08:32,0.0,done,2024-05-28 04:09:19
OF-2024-05480,ART-S29,Soudure,90.9,Aluminium,Vert,35,MCH-06,MANUAL,2024-06-21 07:26:20,2024-06-21 10:15:20,0.0,done,2024-06-21 10:19:11
OF-2024-05481,ARTU12,Usinage,23.0,Titane,Noir,75,MCH-05,CNC_STD,2024-01-13 14:59:50,2024-01-13 16:58:06,0.0,done,2024-01-13 17:00:52
OF-2024-05482,ART-U32,Usinage,131.7,Aluminium,Gris,388,MCH-02,CNC_FAST,2024-01-24 20:01:00,2024-01-25 05:11:30,32.0,done,2024-01-25 05:12:10
OF-2024-05483,ART-U28,Usinage,115.2,Aluminium,Bleu,58,MCH-03,CNC_STD,2024-02-27 11:05:41,2024-02-27 12:48:46,0.0,done,2024-02-27 12:49:20
OF-2024-05484,ART-S29,Soudure,90.9,Aluminium,Vert,394,MCH-08,MANUAL,2024-02-16 15:54:27,2024-02-17 15:40:21,0.0,done,2024-02-17 15:41:06
OF-2024-05485,ART-U28,Usinage,115.2,Aluminium,Bleu,76,MCH-04,CNC_STD,2024-06-29 15:17:47,2024-06-29 17:18:58,0.0,done,2024-06-29 17:23:24
OF-2024-05486,ART-S13,Soudure,74.7,Acier,Jaune,57,MCH-08,MANUAL,2024-08-30 17:04:44,2024-08-30 21:39:19,18.7,done,2024-08-30 21:41:13
OF-2024-05487,ART-U08,Usinage,22.6,Inox,Noir,32,MCH-01,CNC_FAST,2024-01-18 07:24:31,2024-01-18 07:54:35,0.0,done,2024-01-18 07:58:10
OF-2024-05488,ART-U28,Usinage,115.2,Aluminium,Bleu,13,MCH-02,CNC_FAST,2024-03-18 21:37:24,2024-03-18 22:10:26,11.2,done,2024-03-18 22:11:43
OF-2024-05489,ART-U04,Usinage,186.4,Inox,Rouge,76,MCH-03,CNC_STD,2024-02-23 20:32:55,2024-02-24 02:11:04,0.0,done,2024-02-24 02:15:44
OF-2024-05490,ART-A14,Assemblage,190.7,Acier,Noir,66,MCH-08,MANUAL,2024-04-23 14:54:28,2024-04-23 17:45:01,0.0,done,2024-04-23 17:46:26
OF-2024-05491,ART-S29,Soudure,90.9,Aluminium,Vert,42,MCH-11,ROBOT_CELL,2024-01-20 21:56:32,2024-01-20 23:45:03,29.4,done,2024-01-20 23:46:36
OF-2024-05492,  ART-U16 ,Usinage,144.1,Aluminium,Noir,57,MCH-03,CNC_STD,2024-07-10 20:09:11,2024-07-10 22:10:09,0.0,done,2024-07-10 22:12:31
OF-2024-05493,ART-F11,Finition,147.9,Acier,Gris,18,MCH-07,MANUAL,01/08/2024 17:40,01/08/2024 18:10,0.0,done,01/08/2024 18:13
OF-2024-05494,ART-A26,Assemblage,183.1,Inox,Rouge,79,MCH-07,MANUAL,25/07/2024 07:29,25/07/2024 07:29,0.0,done,25/07/2024 12:37
OF-2024-05495,ART-S25,Soudure,151.9,Acier,Bleu,31,MCH-11,ROBOT_CELL,2024-07-07 17:14:58,2024-07-07 19:46:01,0.0,done,2024-07-07 19:48:24
OF-2024-05496,ART-A10,Assemblage,48.9,Aluminium,Jaune,68,MCH-11,ROBOT_CELL,2024-03-08 18:37:58,2024-03-08 19:25:57,0.0,done,2024-03-08 19:30:37
OF-2024-05497,ART-U16,Usinage,144.1,Aluminium,Noir,62,MCH-05,CNC_STD,2024-02-09 09:48:46,2024-02-09 11:47:07,28.3,done,2024-02-09 11:48:29
OF-2024-05498,ART-U24,Usinage,173.0,Aluminium,Vert,13,MCH-04,CNC_STD,2024-01-15 13:20:18,2024-01-15 14:05:06,13.9,done,2024-01-15 14:09:29
OF-2024-05499,ART-S09,Soudure,11.4,Acier,Jaune,73,MCH-12,ROBOT_CELL,2024-06-05 19:56:12,2024-06-05 21:28:04,31.4,done,2024-06-05 21:30:32
OF-2024-05500,ART-A26,Assemblage,183.1,Inox,Rouge,38,MCH-11,ROBOT_CELL,2024-04-20 10:54:09,2024-04-20 11:49:04,0.0,done,2024-04-20 11:50:07
OF-2024-05501,ART-S29,Soudure,90.9,Aluminium,Vert,133,MCH-11,ROBOT_CELL,2024-02-12 11:18:57,2024-02-12 18:24:03,0.0,done,2024-02-12 18:26:34
OF-2024-05502,ART-U04,Usinage,186.4,Inox,Rouge,235,MCH-05,CNC_STD,2024-04-17 13:34:35,2024-04-18 09:47:31,97.2,done,2024-04-18 09:49:13
OF-2024-05503,ART-A02,Assemblage,36.9,Aluminium,Vert,70,MCH-09,ROBOT_CELL,2024-03-26 06:44:21,2024-03-26 07:13:28,0.0,done,2024-03-26 07:14:19
OF-2024-05504,ART-U00,Usinage,184.0,Inox,Jaune,5,MCH-04,CNC_STD,2024-01-24 07:04:50,2024-01-24 07:58:58,0.0,done,2024-01-24 08:01:34
OF-2024-05505,ART-U16,Usinage,144.1,Aluminium,Noir,186,MCH-01,CNC_FAST,2024-03-29 14:12:06,2024-03-29 17:40:06,0.0,done,2024-03-29 17:41:11
OF-2024-05506,ART-S33,Soudure,195.1,Inox,Gris,8,MCH-06,MANUAL,2024-08-14 16:06:00,,42.7,aborted,2024-08-14 18:24:12
OF-2024-05507,ART-F27,Finition,162.2,Titane,Rouge,290,MCH-01,CNC_FAST,2024-04-24 08:25:05,2024-04-24 13:35:26,0.0,done,2024-04-24 13:39:54
OF-2024-05508,ART-U00,Usinage,184.0,Inox,Jaune,15,MCH-02,CNC_FAST,2024-06-06 15:23:20,2024-06-06 16:10:02,14.2,done,2024-06-06 16:12:09
OF-2024-05509,ART-U04,Usinage,186.4,Inox,Rouge,49,MCH-03,CNC_STD,2024-07-26 09:45:45,2024-07-26 12:48:40,0.0,done,2024-07-26 12:51:03
OF-2024-05510,ART-A22,Assemblage,105.9,Aluminium,Noir,110,MCH-07,MANUAL,22/05/2024 12:44,22/05/2024 15:12,45.6,done,22/05/2024 15:15
OF-2024-05511,ART-U16,Usinage,144.1,Aluminium,Noir,34,MCH-03,CNC_STD,2024-02-23 06:47:49,2024-02-23 08:01:32,0.0,done,2024-02-23 08:02:34
OF-2024-05512,ART-U28,Usinage,115.2,Aluminium,Bleu,44,MCH-02,CNC_FAST,2024-02-08 11:42:52,2024-02-08 12:55:23,0.0,done,2024-02-08 12:57:52
OF-2024-05513,ART-F15,Finition,196.8,Titane,Jaune,193,MCH-08,MANUAL,2024-05-13 17:38:56,2024-05-13 23:56:31,108.5,done,2024-05-13 23:59:18
OF-2024-05514,ART-F07-MM,Finition,147.0,Acier,Gris,37,MCH-07,MANUAL,22/08/2024 15:14,22/08/2024 16:28,0.0,done,22/08/2024 16:33
OF-2024-05515,ART-U16,Usinage,144.1,Aluminium,Noir,16,MCH-01,CNC_FAST,2024-04-25 19:54:19,2024-04-25 20:28:12,0.0,done,2024-04-25 20:30:51
OF-2024-05516,ART-F15,Finition,196.8,Titane,Jaune,368,MCH-02,CNC_FAST,2024-03-02 11:17:27,2024-03-02 17:40:16,85.5,done,2024-03-02 17:44:24
OF-2024-05517,ART-S13,Soudure,74.7,Acier,Jaune,9,MCH-09,ROBOT_CELL,2024-05-06 11:20:06,2024-05-06 12:11:12,0.0,done,2024-05-06 12:14:44
OF-2024-05518,ART-U28,Usinage,115.2,Aluminium,Bleu,317,MCH-01,CNC_FAST,2024-06-07 07:32:31,2024-06-07 13:13:57,0.0,done,2024-06-07 13:17:36
OF-2024-05519,ART-S29,Soudure,90.9,Aluminium,Vert,14,MCH-06,MANUAL,2024-01-05 08:42:52,2024-01-05 10:20:52,6.4,done,2024-01-05 10:24:13
OF-2024-05520,ART-U32,Usinage,131.7,Aluminium,Gris,43,MCH-02,CNC_FAST,2024-06-07 08:14:23,2024-06-07 09:11:41,0.0,done,2024-06-07 09:12:36
OF-2024-05521,ART-S21,Soudure,45.5,Inox,Vert,190,MCH-10,ROBOT_CELL,2024-03-31 20:02:01,2024-04-01 02:25:36,96.5,done,2024-04-01 02:26:46
OF-2024-05522,ART-U04,Usinage,186.4,Inox,Rouge,342,MCH-04,CNC_STD,2024-07-09 21:41:02,2024-07-10 18:52:18,0.0,done,2024-07-10 18:56:00
OF-2024-05523,art-u32,Usinage,131.7,Aluminium,Gris,47,MCH-05,CNC_STD,2024-08-20 14:55:25,2024-08-20 16:41:43,0.0,done,2024-08-20 16:46:20
OF-2024-05524,ART-S25,Soudure,151.9,Acier,Bleu,41,MCH-07,MANUAL,31/05/2024 14:37,31/05/2024 19:24,83.1,done,31/05/2024 19:27
OF-2024-05525,ART-U32,Usinage,131.7,Aluminium,Gris,37,MCH-02,CNC_FAST,2024-01-24 11:42:16,2024-01-24 13:03:45,0.0,done,2024-01-24 13:05:27
OF-2024-05526,ART-U32-MM,Usinage,131.7,Aluminium,Gris,35,MCH-03,CNC_STD,2024-01-29 08:08:04,2024-01-29 09:39:26,0.0,done,2024-01-29 09:42:31
OF-2024-05527,ART-U16-MM,Usinage,144.1,Aluminium,Noir,211,MCH-02,CNC_FAST,2024-03-29 18:29:18,2024-03-29 23:35:57,0.0,done,2024-03-29 23:36:30
OF-2024-05528,ART-A26,Assemblage,183.1,Inox,Rouge,24,MCH-04,CNC_STD,2024-02-14 14:40:02,2024-02-14 15:46:37,14.2,done,2024-02-14 15:49:09
OF-2024-05529,ART-A38,Assemblage,165.3,Titane,Noir,78,MCH-10,ROBOT_CELL,2024-07-25 09:57:48,2024-07-25 13:02:43,63.0,done,2024-07-25 13:07:26
OF-2024-05530,ART-S13,Soudure,74.7,Acier,Jaune,34,MCH-07,MANUAL,23/03/2024 17:30,23/03/2024 20:43,0.0,done,23/03/2024 20:46
OF-2024-05531,ART-U20,Usinage,23.4,Titane,Rouge,50,MCH-04,CNC_STD,2024-01-15 09:47:27,2024-01-15 11:33:30,0.0,done,2024-01-15 11:36:36
OF-2024-05532,ART-U20-MM,Usinage,23.4,Titane,Rouge,372,MCH-02,CNC_FAST,2024-04-25 19:25:36,2024-04-26 02:26:49,0.0,done,2024-04-26 02:27:27
OF-2024-05533,ART-U00,Usinage,184.0,Inox,Jaune,18,MCH-01,CNC_FAST,2024-02-03 17:59:04,2024-02-03 18:54:43,17.1,done,2024-02-03 18:59:01
OF-2024-05534,ART-A22,Assemblage,105.9,Aluminium,Noir,109,MCH-04,CNC_STD,2024-06-16 12:56:30,,0.0,aborted,2024-06-16 14:33:33
OF-2024-05535,ART-A26,Assemblage,183.1,Inox,Rouge,19,MCH-08,MANUAL,2024-07-29 07:40:10,2024-07-29 08:56:44,12.2,done,2024-07-29 08:59:21
OF-2024-05536,ART-F15,Finition,196.8,Titane,Jaune,41,MCH-07,MANUAL,04/06/2024 18:30,04/06/2024 21:00,0.0,done,04/06/2024 21:03
OF-2024-05537,ART-A14,Assemblage,190.7,Acier,Noir,5,MCH-11,ROBOT_CELL,2024-02-24 07:40:00,2024-02-24 08:02:59,0.0,done,2024-02-24 08:03:30
OF-2024-05538,ART-U04,Usinage,186.4,Inox,Rouge,39,MCH-03,CNC_STD,2024-04-25 09:45:42,2024-04-25 12:42:51,0.0,done,2024-04-25 12:45:23
OF-2024-05539,ART-S09,Soudure,11.4,Acier,Jaune,49,MCH-06,MANUAL,2024-01-27 12:43:37,2024-01-27 14:42:43,0.0,done,2024-01-27 14:47:20
OF-2024-05540,ART-S29,Soudure,90.9,Aluminium,Vert,68,MCH-06,MANUAL,2024-05-28 21:24:15,2024-05-29 01:54:49,0.0,done,2024-05-29 01:58:42
OF-2024-05541,ART-A02,Assemblage,36.9,Aluminium,Vert,8,MCH-08,MANUAL,2024-04-07 08:35:38,2024-04-07 08:58:32,0.0,done,2024-04-07 09:02:18
OF-2024-05542,ART-F27,Finition,162.2,Titane,Rouge,57,MCH-07,MANUAL,03/08/2024 17:13,03/08/2024 19:25,44.0,done,03/08/2024 19:26
OF-2024-05543,ART-S13,Soudure,74.7,Acier,Jaune,27,MCH-10,ROBOT_CELL,2024-06-20 13:01:01,2024-06-20 14:34:27,0.0,done,2024-06-20 14:36:27
OF-2024-05544,ART-A26,Assemblage,183.1,Inox,Rouge,57,MCH-09,ROBOT_CELL,2024-06-04 07:02:03,2024-06-04 08:54:07,0.0,done,2024-06-04 08:58:33
OF-2024-05545,ART-U00,Usinage,184.0,Inox,Jaune,171,MCH-05,CNC_STD,2024-06-28 08:18:21,2024-06-28 16:59:30,83.3,done,2024-06-28 17:02:52
OF-2024-05546,ART-A10,Assemblage,48.9,Aluminium,Jaune,111,MCH-07,MANUAL,16/07/2024 15:29,16/07/2024 18:26,0.0,done,16/07/2024 18:27
OF-2024-05547,ART-S29,Soudure,90.9,Aluminium,Vert,176,MCH-08,MANUAL,2024-07-03 19:59:29,2024-07-04 06:26:41,147.3,done,2024-07-04 06:31:09
OF-2024-05548,ART-F15,Finition,196.8,Titane,Jaune,51,MCH-01,CNC_FAST,2024-03-27 10:38:37,2024-03-27 11:54:03,15.5,done,2024-03-27 11:56:58
OF-2024-05549,ART-F15,Finition,196.8,Titane,Jaune,333,MCH-02,CNC_FAST,2024-01-15 08:56:11,2024-01-15 17:27:22,0.0,done,2024-01-15 17:31:06
OF-2024-05550,ARTU08,Usinage,22.6,Inox,Noir,56,MCH-01,CNC_FAST,2024-01-04 14:24:41,2024-01-04 15:10:47,0.0,done,2024-01-04 15:12:23
OF-2024-05551,ART-F15,Finition,196.8,Titane,Jaune,22,MCH-06,MANUAL,2024-03-01 10:21:12,2024-03-01 11:19:36,0.0,done,2024-03-01 11:23:09
OF-2024-05552,ART-S25,Soudure,151.9,Acier,Bleu,100,MCH-07,MANUAL,14/08/2024 12:47,,74.4,running,15/08/2024 01:52
OF-2024-05553,ART-A06,Assemblage,21.3,Acier,Noir,53,MCH-04,CNC_STD,2024-02-25 22:02:06,2024-02-25 22:36:01,0.0,done,2024-02-25 22:38:54
OF-2024-05554,ART-F03,Finition,55.9,Titane,Jaune,20,MCH-07,MANUAL,09/06/2024 15:10,09/06/2024 15:50,0.0,done,09/06/2024 15:52
OF-2024-05555,ART-A10,Assemblage,48.9,Aluminium,Jaune,58,MCH-08,MANUAL,2024-03-19 08:26:11,2024-03-19 09:43:47,7.2,done,2024-03-19 09:48:25
OF-2024-05556,ART-S29,Soudure,90.9,Aluminium,Vert,54,MCH-10,ROBOT_CELL,2024-02-17 16:33:44,2024-02-17 18:52:10,9.1,done,2024-02-17 18:55:12
OF-2024-05557,ART-U24,Usinage,173.0,Aluminium,Vert,50,MCH-03,CNC_STD,2024-06-10 18:46:14,2024-06-10 20:50:55,8.9,done,2024-06-10 20:53:16
OF-2024-05558,ART-F27,Finition,162.2,Titane,Rouge,239,MCH-02,CNC_FAST,2024-07-28 06:14:04,2024-07-28 09:51:33,0.0,done,2024-07-28 09:55:22
OF-2024-05559,ART-S05,Soudure,38.9,Acier,Vert,117,MCH-07,MANUAL,24/01/2024 17:35,24/01/2024 23:22,0.0,done,24/01/2024 23:24
OF-2024-05560,ART-A22,Assemblage,105.9,Aluminium,Noir,27,MCH-07,MANUAL,20/02/2024 11:32,20/02/2024 12:36,0.0,done,20/02/2024 12:38
OF-2024-05561,ART-U16,Usinage,144.1,Aluminium,Noir,250,MCH-04,CNC_STD,2024-01-09 07:40:33,2024-01-09 15:14:05,134.3,done,2024-01-09 15:18:28
OF-2024-05562,ART-A38,Assemblage,165.3,Titane,Noir,8,MCH-05,CNC_STD,2024-08-21 17:25:08,2024-08-21 17:56:00,0.0,done,2024-08-21 17:58:01
OF-2024-05563,art-f07,Finition,147.0,Acier,Gris,67,MCH-01,CNC_FAST,2024-03-28 11:05:53,2024-03-28 11:42:23,4.5,done,2024-03-28 11:45:16
OF-2024-05564,ART-A26,Assemblage,183.1,Inox,Rouge,15,MCH-09,ROBOT_CELL,2024-01-20 16:15:41,2024-01-20 16:55:54,10.6,done,2024-01-20 16:56:30
OF-2024-05565,ART-A02,Assemblage,36.9,Aluminium,Vert,195,MCH-06,MANUAL,2024-04-26 13:14:59,2024-04-26 15:19:47,41.1,done,2024-04-26 15:21:02
OF-2024-05566,ART-S01,Soudure,191.3,Titane,Bleu,77,MCH-06,MANUAL,2024-03-31 17:02:53,2024-04-01 04:41:25,0.0,done,2024-04-01 04:42:31
OF-2024-05567,ART-S13,Soudure,74.7,Acier,Jaune,53,MCH-06,MANUAL,2024-06-17 16:38:10,2024-06-17 20:53:55,20.6,done,2024-06-17 20:56:12
OF-2024-05568,ART-F15,Finition,196.8,Titane,Jaune,38,MCH-02,CNC_FAST,2024-01-05 21:04:17,2024-01-05 21:58:57,13.2,done,2024-01-05 21:59:44
OF-2024-05569,ART-U32,Usinage,131.7,Aluminium,Gris,125,MCH-03,CNC_STD,2024-08-05 20:35:05,2024-08-06 00:16:55,0.0,done,2024-08-06 00:19:44
OF-2024-05570,ART-F15,Finition,196.8,Titane,Jaune,214,MCH-02,CNC_FAST,2024-05-27 16:10:34,2024-05-27 21:28:31,40.0,done,2024-05-27 21:31:46
OF-2024-05571,ART-S13,Soudure,74.7,Acier,Jaune,63,MCH-09,ROBOT_CELL,2024-03-20 17:13:48,2024-03-20 19:54:37,0.0,done,2024-03-20 19:56:54
OF-2024-05572,ART-S29,Soudure,90.9,Aluminium,Vert,321,MCH-06,MANUAL,2024-03-22 06:27:07,2024-03-23 05:27:15,218.3,done,2024-03-23 05:29:49
OF-2024-05573,ART-U08,Usinage,22.6,Inox,Noir,170,MCH-02,CNC_FAST,2024-04-26 21:26:07,2024-04-26 23:42:13,0.0,done,2024-04-26 23:45:45
OF-2024-05574,ART-S29,Soudure,90.9,Aluminium,Vert,69,MCH-08,MANUAL,2024-03-10 16:10:38,2024-03-10 21:49:08,108.1,done,2024-03-10 21:52:09
OF-2024-05575,ART-A18,Assemblage,15.6,Inox,Rouge,14,MCH-08,MANUAL,2024-03-21 06:24:14,2024-03-21 06:47:15,0.0,done,2024-03-21 06:49:27
OF-2024-05576,ART-S09,Soudure,11.4,Acier,Jaune,13,MCH-11,ROBOT_CELL,2024-01-11 16:29:13,2024-01-11 16:58:42,6.9,done,2024-01-11 17:03:35
OF-2024-05577,ART-S33,Soudure,195.1,Inox,Gris,59,MCH-07,MANUAL,04/07/2024 10:14,04/07/2024 09:52,101.4,done,04/07/2024 17:27
OF-2024-05578,ART-U32,Usinage,131.7,Aluminium,Gris,62,MCH-01,CNC_FAST,2024-03-29 16:36:00,2024-03-29 18:23:45,0.0,done,2024-03-29 18:27:30
OF-2024-05579,ART-U12,Usinage,23.0,Titane,Noir,21,MCH-02,CNC_FAST,2024-05-24 20:44:51,2024-05-24 21:11:07,0.0,done,2024-05-24 21:14:01
OF-2024-05580,ART-F11,Finition,147.9,Acier,Gris,216,MCH-07,MANUAL,02/05/2024 21:35,03/05/2024 02:46,0.0,done,03/05/2024 02:50
OF-2024-05581,  ART-U32 ,Usinage,131.7,Aluminium,Gris,42,MCH-05,CNC_STD,2024-07-16 14:55:57,2024-07-16 16:12:58,0.0,done,2024-07-16 16:16:54
OF-2024-05582,art-s05,Soudure,38.9,Acier,Vert,27,MCH-09,ROBOT_CELL,2024-01-11 16:04:25,2024-01-11 17:15:10,0.0,done,2024-01-11 17:20:06
OF-2024-05583,ART-F15,Finition,196.8,Titane,Jaune,72,MCH-02,CNC_FAST,2024-08-21 08:44:11,2024-08-21 10:27:30,15.5,done,2024-08-21 10:28:06
OF-2024-05584,ART-U28,Usinage,115.2,Aluminium,Bleu,20,MCH-03,CNC_STD,2024-04-11 21:02:33,2024-04-11 21:57:26,18.0,done,2024-04-11 22:02:21
OF-2024-05585,ART-F15,Finition,196.8,Titane,Jaune,48,MCH-01,CNC_FAST,2024-04-03 19:25:38,2024-04-03 20:39:37,0.0,done,2024-04-03 20:43:58
OF-2024-05586,ART-F03,Finition,55.9,Titane,Jaune,153,MCH-01,CNC_FAST,2024-08-29 15:20:45,,0.0,aborted,2024-08-29 17:09:14
OF-2024-05587,ART-S25,Soudure,151.9,Acier,Bleu,78,MCH-12,ROBOT_CELL,2024-05-16 16:22:27,2024-05-16 22:28:00,45.0,done,2024-05-16 22:31:22
OF-2024-05588,ART-A18,Assemblage,15.6,Inox,Rouge,57,MCH-04,CNC_STD,2024-06-15 22:00:23,2024-06-15 22:36:35,0.0,done,2024-06-15 22:41:33
OF-2024-05589,ART-A30,Assemblage,130.4,Acier,Gris,67,MCH-04,CNC_STD,2024-01-14 11:22:08,2024-01-14 13:32:58,0.0,done,2024-01-14 13:34:02
OF-2024-05590,ART-F11-MM,Finition,147.9,Acier,Gris,53,MCH-01,CNC_FAST,2024-05-18 19:11:47,,0.0,aborted,2024-05-18 19:58:09
OF-2024-05591,ART-U08,Usinage,22.6,Inox,Noir,5,MCH-01,CNC_FAST,2024-06-20 16:05:28,2024-06-20 16:15:49,0.0,done,2024-06-20 16:19:20
OF-2024-05592,ART-F27,Finition,162.2,Titane,Rouge,77,MCH-08,MANUAL,2024-06-21 09:07:18,2024-06-21 11:35:00,0.0,done,2024-06-21 11:38:07
OF-2024-05593,ART-A26,Assemblage,183.1,Inox,Rouge,51,MCH-10,ROBOT_CELL,2024-02-06 12:08:47,2024-02-06 13:31:54,17.8,done,2024-02-06 13:35:34
OF-2024-05594,ARTU20,Usinage,23.4,Titane,Rouge,45,MCH-03,CNC_STD,2024-05-03 17:01:26,2024-05-03 18:28:51,0.0,done,2024-05-03 18:30:11
OF-2024-05595,ART-A10,Assemblage,48.9,Aluminium,Jaune,13,MCH-06,MANUAL,2024-04-03 21:26:42,2024-04-03 21:51:32,7.2,done,2024-04-03 21:53:56
OF-2024-05596,ART-A14,Assemblage,190.7,Acier,Noir,6,MCH-04,CNC_STD,2024-01-31 20:57:06,2024-01-31 21:35:00,1.9,done,2024-01-31 21:36:05
OF-2024-05597,ART-U28,Usinage,115.2,Aluminium,Bleu,62,MCH-05,CNC_STD,2024-03-02 07:03:19,2024-03-02 09:03:38,0.0,done,2024-03-02 09:07:16
OF-2024-05598,ART-A10,Assemblage,48.9,Aluminium,Jaune,32,MCH-08,MANUAL,2024-01-16 06:17:17,,0.0,running,2024-01-16 07:15:15
OF-2024-05599,ART-A02,Assemblage,36.9,Aluminium,Vert,153,MCH-08,MANUAL,2024-08-07 07:10:21,2024-08-07 09:28:09,38.2,done,2024-08-07 09:30:00
OF-2024-05600,ART-S13,Soudure,74.7,Acier,Jaune,18,MCH-10,ROBOT_CELL,2024-03-11 20:38:30,2024-03-11 21:43:07,0.0,done,2024-03-11 21:47:37
OF-2024-05601,ART-F15,Finition,196.8,Titane,Jaune,67,MCH-07,MANUAL,24/07/2024 06:04,24/07/2024 09:02,0.0,done,24/07/2024 09:07
OF-2024-05602,ART-A14,Assemblage,190.7,Acier,Noir,55,MCH-05,CNC_STD,2024-01-22 06:24:07,2024-01-22 08:37:14,23.5,done,2024-01-22 08:40:55
OF-2024-05603,art-u16,Usinage,144.1,Aluminium,Noir,11,MCH-03,CNC_STD,2024-04-21 13:34:36,2024-04-21 14:13:04,9.4,done,2024-04-21 14:16:20
OF-2024-05604,ART-U24,Usinage,173.0,Aluminium,Vert,272,MCH-05,CNC_STD,2024-05-01 15:23:55,2024-05-02 00:09:14,138.6,done,2024-05-02 00:11:43
OF-2024-05605,ART-U08-MM,Usinage,22.6,Inox,Noir,224,MCH-04,CNC_STD,2024-01-05 16:58:28,2024-01-05 21:59:32,0.0,done,2024-01-05 22:00:18
OF-2024-05606,ART-A26,Assemblage,183.1,Inox,Rouge,65,MCH-08,MANUAL,2024-01-13 13:43:47,2024-01-13 16:48:47,22.1,done,2024-01-13 16:51:38
OF-2024-05607,ART-U04,Usinage,186.4,Inox,Rouge,68,MCH-01,CNC_FAST,2024-02-22 19:29:43,2024-02-22 23:08:56,69.9,done,2024-02-22 23:11:58
OF-2024-05608,ART-F15,Finition,196.8,Titane,Jaune,142,MCH-08,MANUAL,2024-08-04 20:46:08,2024-08-05 03:06:41,72.5,done,2024-08-05 03:11:03
OF-2024-05609,ART-U12,Usinage,23.0,Titane,Noir,14,MCH-02,CNC_FAST,2024-05-21 10:04:09,2024-05-21 10:24:38,0.0,done,2024-05-21 10:26:35
OF-2024-05610,ART-S05,Soudure,38.9,Acier,Vert,138,MCH-07,MANUAL,29/01/2024 12:36,29/01/2024 18:19,0.0,done,29/01/2024 18:22
OF-2024-05611,ART-S13,Soudure,74.7,Acier,Jaune,107,MCH-10,ROBOT_CELL,2024-03-17 10:23:19,2024-03-17 14:53:57,27.0,done,2024-03-17 14:56:14
OF-2024-05612,ART-S29,Soudure,90.9,Aluminium,Vert,74,MCH-10,ROBOT_CELL,2024-05-23 09:12:30,2024-05-23 12:23:22,0.0,done,2024-05-23 12:25:47
OF-2024-05613,ART-U32,Usinage,131.7,Aluminium,Gris,298,MCH-03,CNC_STD,2024-02-07 13:47:05,2024-02-07 21:46:06,0.0,done,2024-02-07 21:49:07
OF-2024-05614,ART-S17,Soudure,16.0,Acier,Bleu,24,MCH-10,ROBOT_CELL,2024-04-09 06:15:03,2024-04-09 06:50:04,0.0,done,2024-04-09 06:53:24
OF-2024-05615,ART-F19,Finition,100.8,Aluminium,Gris,45,MCH-07,MANUAL,28/01/2024 17:35,28/01/2024 18:34,0.0,done,28/01/2024 18:35
OF-2024-05616,ART-U28,Usinage,115.2,Aluminium,Bleu,39,MCH-03,CNC_STD,2024-03-23 21:08:27,2024-03-23 22:25:33,0.0,done,2024-03-23 22:27:03
OF-2024-05617,ART-A30,Assemblage,130.4,Acier,Gris,36,MCH-12,ROBOT_CELL,2024-06-02 06:55:31,2024-06-02 07:49:49,0.0,done,2024-06-02 07:51:01
OF-2024-05618,ART-S13,Soudure,74.7,Acier,Jaune,57,MCH-11,ROBOT_CELL,2024-06-19 15:00:39,2024-06-19 17:46:40,16.3,done,2024-06-19 17:51:40
OF-2024-05619,ART-A22,Assemblage,105.9,Aluminium,Noir,21,MCH-10,ROBOT_CELL,2024-03-26 13:33:56,2024-03-26 13:56:30,0.0,done,2024-03-26 13:58:34
OF-2024-05620,ART-U04,Usinage,186.4,Inox,Rouge,37,MCH-04,CNC_STD,2024-06-12 06:36:20,2024-06-12 09:27:27,54.6,done,2024-06-12 09:29:47
OF-2024-05621,ART-U32,Usinage,131.7,Aluminium,Gris,239,MCH-04,CNC_STD,2024-05-11 21:10:15,2024-05-12 03:08:56,0.0,done,2024-05-12 03:09:28
OF-2024-05622,ART-U32,Usinage,131.7,Aluminium,Gris,6,MCH-04,CNC_STD,2024-08-11 07:45:41,2024-08-11 08:24:32,0.0,done,2024-08-11 08:28:33
OF-2024-05623,ART-A26,Assemblage,183.1,Inox,Rouge,149,MCH-03,CNC_STD,2024-08-16 06:56:22,2024-08-16 12:44:44,0.0,done,2024-08-16 12:47:20
OF-2024-05624,ART-A22,Assemblage,105.9,Aluminium,Noir,49,MCH-04,CNC_STD,2024-02-02 14:58:10,2024-02-02 15:50:59,4.4,done,2024-02-02 15:53:13
OF-2024-05625,ART-S25,Soudure,151.9,Acier,Bleu,391,MCH-10,ROBOT_CELL,2024-03-14 16:01:49,2024-03-15 18:22:48,0.0,done,2024-03-15 18:26:34
OF-2024-05626,ARTU32,Usinage,131.7,Aluminium,Gris,70,MCH-04,CNC_STD,2024-02-09 21:18:22,2024-02-09 23:54:22,22.6,done,2024-02-09 23:57:08
OF-2024-05627,ART-F27,Finition,162.2,Titane,Rouge,301,MCH-08,MANUAL,2024-05-20 16:54:12,,0.0,aborted,2024-05-21 02:43:06
OF-2024-05628,ART-U32,Usinage,131.7,Aluminium,Gris,170,MCH-02,CNC_FAST,2024-02-10 14:32:13,2024-02-10 19:05:49,0.0,done,2024-02-10 19:06:29
OF-2024-05629,ART-S13,Soudure,74.7,Acier,Jaune,314,MCH-08,MANUAL,2024-03-06 08:48:10,2024-03-07 08:38:49,0.0,done,2024-03-07 08:41:55
OF-2024-05630,ART-S25,Soudure,151.9,Acier,Bleu,43,MCH-11,ROBOT_CELL,2024-02-15 14:36:33,2024-02-15 17:41:04,0.0,done,2024-02-15 17:42:15
OF-2024-05631,ART-S25,Soudure,151.9,Acier,Bleu,55,MCH-07,MANUAL,20/08/2024 10:40,20/08/2024 15:27,0.0,done,20/08/2024 15:29
OF-2024-05632,ART-U04,Usinage,186.4,Inox,Rouge,45,MCH-03,CNC_STD,2024-07-23 21:38:09,2024-07-24 00:36:19,0.0,done,2024-07-24 00:41:04
OF-2024-05633,ART-U28,Usinage,115.2,Aluminium,Bleu,34,MCH-03,CNC_STD,2024-02-14 06:23:42,2024-02-14 07:21:51,0.0,done,2024-02-14 07:25:27
OF-2024-05634,ART-F27,Finition,162.2,Titane,Rouge,46,MCH-07,MANUAL,02/04/2024 16:59,02/04/2024 19:02,0.0,done,02/04/2024 19:05
OF-2024-05635,ART-F19,Finition,100.8,Aluminium,Gris,187,MCH-08,MANUAL,2024-03-16 18:00:16,2024-03-16 20:28:42,13.1,done,2024-03-16 20:32:34
OF-2024-05636,ART-S13,Soudure,74.7,Acier,Jaune,80,MCH-06,MANUAL,2024-04-24 14:14:38,2024-04-24 20:27:28,0.0,done,2024-04-24 20:30:17
OF-2024-05637,ART-F07,Finition,147.0,Acier,Gris,69,MCH-02,CNC_FAST,2024-02-08 12:54:06,,0.0,running,2024-02-08 13:47:27
OF-2024-05638,ART-U04,Usinage,186.4,Inox,Rouge,53,MCH-03,CNC_STD,2024-07-02 09:27:34,2024-07-02 13:21:02,22.9,done,2024-07-02 13:25:37
OF-2024-05639,ART-F23,Finition,23.0,Acier,Gris,393,MCH-08,MANUAL,2024-01-24 14:51:16,2024-01-24 18:26:19,0.0,done,2024-01-24 18:28:25
OF-2024-05640,ART-U08,Usinage,22.6,Inox,Noir,29,MCH-02,CNC_FAST,2024-08-05 16:20:19,2024-08-05 16:45:45,3.6,done,2024-08-05 16:48:07
OF-2024-05641,ART-S25,Soudure,151.9,Acier,Bleu,51,MCH-12,ROBOT_CELL,2024-08-10 19:36:49,2024-08-10 23:15:10,0.0,done,2024-08-10 23:16:05
OF-2024-05642,ART-F03,Finition,55.9,Titane,Jaune,374,MCH-01,CNC_FAST,2024-05-19 20:08:32,2024-05-20 00:05:27,0.0,done,2024-05-20 00:07:59
OF-2024-05643,ART-S13,Soudure,74.7,Acier,Jaune,339,MCH-12,ROBOT_CELL,2024-05-06 19:56:34,2024-05-07 12:06:05,0.0,done,2024-05-07 12:09:57
OF-2024-05644,ART-S25,Soudure,151.9,Acier,Bleu,6,MCH-10,ROBOT_CELL,2024-04-23 13:27:16,2024-04-23 14:19:28,8.1,done,2024-04-23 14:21:49
OF-2024-05645,ART-S29,Soudure,90.9,Aluminium,Vert,38,MCH-06,MANUAL,2024-05-10 21:36:14,,0.0,aborted,2024-05-11 01:06:40
OF-2024-05646,ART-A06,Assemblage,21.3,Acier,Noir,37,MCH-04,CNC_STD,2024-01-24 16:57:16,2024-01-24 17:34:32,12.1,done,2024-01-24 17:35:42
OF-2024-05647,ART-S25,Soudure,151.9,Acier,Bleu,77,MCH-08,MANUAL,2024-05-09 10:29:33,2024-05-09 19:39:26,164.8,done,2024-05-09 19:42:54
OF-2024-05648,ART-U28,Usinage,115.2,Aluminium,Bleu,60,MCH-02,CNC_FAST,2024-06-22 12:58:06,2024-06-22 13:59:05,0.0,done,2024-06-22 14:02:05
OF-2024-05649,ARTF07,Finition,147.0,Acier,Gris,41,MCH-02,CNC_FAST,2024-07-04 17:47:59,2024-07-04 18:18:13,3.8,done,2024-07-04 18:22:13
OF-2024-05650,ART-A18,Assemblage,15.6,Inox,Rouge,16,MCH-11,ROBOT_CELL,2024-03-17 15:37:00,2024-03-17 15:48:09,3.9,done,2024-03-17 15:50:20
OF-2024-05651,ART-A10,Assemblage,48.9,Aluminium,Jaune,395,MCH-08,MANUAL,2024-05-21 17:18:42,2024-05-21 23:40:39,71.1,done,2024-05-21 23:43:54
OF-2024-05652,ART-S13,Soudure,74.7,Acier,Jaune,48,MCH-06,MANUAL,2024-05-23 10:26:09,2024-05-23 15:05:46,20.7,done,2024-05-23 15:07:55
OF-2024-05653,ART-S13,Soudure,74.7,Acier,Jaune,106,MCH-06,MANUAL,2024-04-18 08:33:10,2024-04-18 15:47:51,0.0,done,2024-04-18 15:49:10
OF-2024-05654,ART-A10,Assemblage,48.9,Aluminium,Jaune,45,MCH-08,MANUAL,2024-07-04 13:55:01,2024-07-04 15:04:04,0.0,done,2024-07-04 15:06:46
OF-2024-05655,ART-U00,Usinage,184.0,Inox,Jaune,65,MCH-01,CNC_FAST,2024-04-22 19:22:16,2024-04-22 22:04:42,0.0,done,2024-04-22 22:08:50
OF-2024-05656,ART-F27,Finition,162.2,Titane,Rouge,75,MCH-01,CNC_FAST,2024-01-23 13:24:16,2024-01-23 14:43:48,5.5,done,2024-01-23 14:44:31
OF-2024-05657,ART-S21,Soudure,45.5,Inox,Vert,164,MCH-09,ROBOT_CELL,2024-08-14 11:47:11,2024-08-14 18:23:02,0.0,done,2024-08-14 18:26:00
OF-2024-05658,ART-U28,Usinage,115.2,Aluminium,Bleu,354,MCH-04,CNC_STD,2024-05-19 13:38:34,2024-05-19 20:22:20,0.0,done,2024-05-19 20:26:11
OF-2024-05659,ART-U32,Usinage,131.7,Aluminium,Gris,49,MCH-03,CNC_STD,2024-08-02 17:16:58,2024-08-02 19:11:10,0.0,done,2024-08-02 19:15:41
OF-2024-05660,ART-F15,Finition,196.8,Titane,Jaune,249,MCH-01,CNC_FAST,2024-07-28 09:47:18,2024-07-28 15:18:25,41.5,done,2024-07-28 15:21:17
OF-2024-05661,ART-S09,Soudure,11.4,Acier,Jaune,380,MCH-06,MANUAL,2024-01-21 06:10:55,2024-01-21 15:44:38,0.0,done,2024-01-21 15:45:39
OF-2024-05662,ART-U08-MM,Usinage,22.6,Inox,Noir,66,MCH-02,CNC_FAST,2024-07-13 10:18:02,2024-07-13 11:15:56,0.0,done,2024-07-13 11:19:16
OF-2024-05663,ART-F27,Finition,162.2,Titane,Rouge,68,MCH-01,CNC_FAST,2024-05-03 15:33:45,2024-05-03 16:59:53,0.0,done,2024-05-03 17:01:21
OF-2024-05664,ARTU32,Usinage,131.7,Aluminium,Gris,357,MCH-03,CNC_STD,2024-05-15 18:41:27,2024-05-16 05:53:43,184.7,done,2024-05-16 05:54:17
OF-2024-05665,ART-A22,Assemblage,105.9,Aluminium,Noir,262,MCH-10,ROBOT_CELL,2024-03-03 15:59:02,2024-03-03 19:55:54,66.2,done,2024-03-03 19:58:58
OF-2024-05666,ART-S33,Soudure,195.1,Inox,Gris,20,MCH-07,MANUAL,01/02/2024 12:07,01/02/2024 15:27,56.6,done,01/02/2024 15:27
OF-2024-05667,ART-U20,Usinage,23.4,Titane,Rouge,13,MCH-02,CNC_FAST,2024-08-07 21:00:50,2024-08-07 21:21:22,0.0,done,2024-08-07 21:21:57
OF-2024-05668,  ART-U20 ,Usinage,23.4,Titane,Rouge,34,MCH-04,CNC_STD,2024-03-30 11:18:58,2024-03-31 00:02:10,87.6,done,2024-03-31 00:07:07
OF-2024-05669,ART-S13,Soudure,74.7,Acier,Jaune,65,MCH-09,ROBOT_CELL,2024-02-10 12:56:50,2024-02-10 15:58:21,0.0,done,2024-02-10 16:02:51
OF-2024-05670,ART-S29,Soudure,90.9,Aluminium,Vert,7,MCH-11,ROBOT_CELL,2024-01-22 10:54:23,2024-01-22 11:32:32,0.0,done,2024-01-22 11:35:43
OF-2024-05671,ART-S09,Soudure,11.4,Acier,Jaune,45,MCH-10,ROBOT_CELL,2024-04-10 17:42:53,2024-04-10 18:40:29,15.8,done,2024-04-10 18:42:03
OF-2024-05672,ART-F15,Finition,196.8,Titane,Jaune,36,MCH-02,CNC_FAST,2024-07-30 17:02:21,2024-07-30 17:53:15,0.0,done,2024-07-30 17:54:35
OF-2024-05673,ART-A14,Assemblage,190.7,Acier,Noir,35,MCH-04,CNC_STD,2024-03-13 07:50:59,2024-03-13 09:14:04,0.0,done,2024-03-13 09:16:01
OF-2024-05674,ART-S29,Soudure,90.9,Aluminium,Vert,68,MCH-10,ROBOT_CELL,2024-06-15 18:02:53,2024-06-15 20:40:29,15.9,done,2024-06-15 20:44:51
OF-2024-05675,ART-F27,Finition,162.2,Titane,Rouge,321,MCH-01,CNC_FAST,2024-02-06 11:32:19,2024-02-06 18:14:48,0.0,done,2024-02-06 18:16:39
OF-2024-05676,ART-A26,Assemblage,183.1,Inox,Rouge,44,MCH-10,ROBOT_CELL,2024-05-24 21:37:05,2024-05-24 22:40:38,0.0,done,2024-05-24 22:43:06
OF-2024-05677,ART-S21,Soudure,45.5,Inox,Vert,14,MCH-06,MANUAL,2024-01-23 13:02:01,2024-01-23 14:58:06,0.0,done,2024-01-23 15:00:52
OF-2024-05678,ART-U00,Usinage,184.0,Inox,Jaune,395,MCH-04,CNC_STD,2024-08-03 11:47:46,2024-08-04 05:45:18,0.0,done,2024-08-04 05:48:32
OF-2024-05679,  ART-U16 ,Usinage,144.1,Aluminium,Noir,37,MCH-01,CNC_FAST,2024-03-02 19:20:06,2024-03-02 20:24:25,6.8,done,2024-03-02 20:27:54
OF-2024-05680,ART-U28,Usinage,115.2,Aluminium,Bleu,11,MCH-04,CNC_STD,2024-04-23 08:45:25,,2.2,running,2024-04-23 09:22:10
OF-2024-05681,ART-U32,Usinage,131.7,Aluminium,Gris,35,MCH-01,CNC_FAST,2024-07-08 07:23:10,2024-07-08 08:20:23,0.0,done,2024-07-08 08:23:54
OF-2024-05682,ART-S25,Soudure,151.9,Acier,Bleu,8,MCH-09,ROBOT_CELL,2024-01-18 20:46:10,2024-01-18 21:43:10,12.0,done,2024-01-18 21:43:56
OF-2024-05683,ART-A10,Assemblage,48.9,Aluminium,Jaune,29,MCH-08,MANUAL,2024-07-06 21:17:29,2024-07-06 22:09:09,0.0,done,2024-07-06 22:11:00
OF-2024-05684,ART-S29,Soudure,90.9,Aluminium,Vert,19,MCH-06,MANUAL,2024-03-01 07:38:10,2024-03-01 09:45:11,0.0,done,2024-03-01 09:49:44
OF-2024-05685,ART-U00,Usinage,184.0,Inox,Jaune,157,MCH-02,CNC_FAST,2024-05-31 17:03:15,2024-05-31 23:13:58,0.0,done,2024-05-31 23:17:34
OF-2024-05686,ART-F15,Finition,196.8,Titane,Jaune,63,MCH-06,MANUAL,2024-06-10 07:25:28,2024-06-10 10:42:11,46.7,done,2024-06-10 10:43:45
OF-2024-05687,art-a06,Assemblage,21.3,Acier,Noir,20,MCH-07,MANUAL,26/03/2024 16:58,26/03/2024 17:19,7.1,done,26/03/2024 17:22
OF-2024-05688,ART-S29,Soudure,90.9,Aluminium,Vert,157,MCH-10,ROBOT_CELL,2024-02-26 11:46:51,2024-02-26 19:32:56,0.0,done,2024-02-26 19:33:31
OF-2024-05689,ART-A26,Assemblage,183.1,Inox,Rouge,41,MCH-10,ROBOT_CELL,2024-03-08 07:10:14,2024-03-08 08:38:59,0.0,done,2024-03-08 08:43:24
OF-2024-05690,ART-S21,Soudure,45.5,Inox,Vert,111,MCH-10,ROBOT_CELL,2024-05-17 18:08:06,2024-05-17 21:59:02,0.0,done,2024-05-17 22:00:31
OF-2024-05691,ART-A22,Assemblage,105.9,Aluminium,Noir,378,MCH-11,ROBOT_CELL,2024-01-31 09:11:29,2024-01-31 13:08:49,50.8,done,2024-01-31 13:12:20
OF-2024-05692,ART-A26,Assemblage,183.1,Inox,Rouge,9,MCH-08,MANUAL,2024-01-31 15:50:38,2024-01-31 16:32:23,9.1,done,2024-01-31 16:33:52
OF-2024-05693,ART-U32-MM,Usinage,131.7,Aluminium,Gris,73,MCH-01,CNC_FAST,2024-01-16 21:20:31,2024-01-16 23:08:07,0.0,done,2024-01-16 23:13:01
OF-2024-05694,ART-S13,Soudure,74.7,Acier,Jaune,17,MCH-11,ROBOT_CELL,2024-02-26 07:41:12,2024-02-26 08:45:08,0.0,done,2024-02-26 08:47:01
OF-2024-05695,ART-S05,Soudure,38.9,Acier,Vert,54,MCH-09,ROBOT_CELL,2024-01-19 15:26:41,2024-01-19 16:56:33,19.9,done,2024-01-19 16:58:55
OF-2024-05696,ART-U20,Usinage,23.4,Titane,Rouge,139,MCH-03,CNC_STD,2024-05-14 06:42:59,2024-05-14 09:35:08,42.3,done,2024-05-14 09:36:49
OF-2024-05697,ART-F39,Finition,157.5,Titane,Jaune,41,MCH-07,MANUAL,14/08/2024 09:22,14/08/2024 11:03,26.0,done,14/08/2024 11:08
OF-2024-05698,ART-U32,Usinage,131.7,Aluminium,Gris,42,MCH-02,CNC_FAST,2024-05-14 14:25:37,2024-05-14 15:37:56,22.7,done,2024-05-14 15:41:25
OF-2024-05699,ART-S09,Soudure,11.4,Acier,Jaune,170,MCH-07,MANUAL,19/06/2024 12:52,19/06/2024 17:36,0.0,done,19/06/2024 17:37
OF-2024-05700,ART-U28,Usinage,115.2,Aluminium,Bleu,75,MCH-02,CNC_FAST,2024-02-16 10:59:32,2024-02-16 12:36:25,0.0,done,2024-02-16 12:37:44
OF-2024-05701,ART-S21,Soudure,45.5,Inox,Vert,79,MCH-10,ROBOT_CELL,2024-03-09 17:16:12,,20.4,aborted,2024-03-09 20:13:53
OF-2024-05702,ART-U32-MM,Usinage,131.7,Aluminium,Gris,47,MCH-04,CNC_STD,2024-02-03 17:41:43,2024-02-03 19:39:12,0.0,done,2024-02-03 19:41:51
OF-2024-05703,ART-U24,Usinage,173.0,Aluminium,Vert,24,MCH-02,CNC_FAST,2024-05-25 17:41:59,2024-05-25 18:20:49,0.0,done,2024-05-25 18:21:33
OF-2024-05704,ART-U32,Usinage,131.7,Aluminium,Gris,26,MCH-03,CNC_STD,2024-08-24 10:50:47,2024-08-24 12:09:05,11.6,done,2024-08-24 12:12:02
OF-2024-05705,ART-S25,Soudure,151.9,Acier,Bleu,67,MCH-10,ROBOT_CELL,2024-05-07 20:27:06,2024-05-08 00:58:43,0.0,done,2024-05-08 01:03:39
OF-2024-05706,  ART-S17 ,Soudure,16.0,Acier,Bleu,55,MCH-07,MANUAL,17/03/2024 21:08,17/03/2024 23:03,0.0,done,17/03/2024 23:04
OF-2024-05707,ART-F27,Finition,162.2,Titane,Rouge,296,MCH-01,CNC_FAST,2024-01-28 16:28:30,2024-01-28 21:54:09,31.5,done,2024-01-28 21:55:05
OF-2024-05708,ARTA30,Assemblage,130.4,Acier,Gris,38,MCH-10,ROBOT_CELL,2024-01-31 10:27:55,2024-01-31 11:45:14,0.0,done,2024-01-31 11:46:16
OF-2024-05709,ARTU32,Usinage,131.7,Aluminium,Gris,78,MCH-01,CNC_FAST,2024-01-27 12:09:05,,36.0,aborted,2024-01-27 14:41:37
OF-2024-05710,ART-U12,Usinage,23.0,Titane,Noir,5,MCH-01,CNC_FAST,2024-04-22 07:41:57,2024-04-22 07:54:46,0.0,done,2024-04-22 07:58:40
OF-2024-05711,ART-S29,Soudure,90.9,Aluminium,Vert,50,MCH-08,MANUAL,2024-01-28 08:30:46,2024-01-28 12:04:27,66.9,done,2024-01-28 12:08:57
OF-2024-05712,ART-A02,Assemblage,36.9,Aluminium,Vert,5,MCH-05,CNC_STD,2024-08-06 15:21:29,2024-08-06 15:39:40,0.0,done,2024-08-06 15:42:48
OF-2024-05713,ART-U16,Usinage,144.1,Aluminium,Noir,20,MCH-01,CNC_FAST,2024-03-25 07:47:06,2024-03-25 08:24:41,0.0,done,2024-03-25 08:29:41
OF-2024-05714,ART-S29,Soudure,90.9,Aluminium,Vert,48,MCH-11,ROBOT_CELL,2024-04-02 20:23:55,2024-04-02 22:57:32,0.0,done,2024-04-02 22:58:22
OF-2024-05715,ART-U04,Usinage,186.4,Inox,Rouge,116,MCH-04,CNC_STD,2024-07-06 09:53:09,2024-07-06 18:11:46,0.0,done,2024-07-06 18:16:16
OF-2024-05716,ART-U16,Usinage,144.1,Aluminium,Noir,172,MCH-03,CNC_STD,2024-08-03 16:08:13,2024-08-03 21:31:23,0.0,done,2024-08-03 21:35:04
OF-2024-05717,ART-S25,Soudure,151.9,Acier,Bleu,18,MCH-08,MANUAL,2024-08-08 15:39:28,2024-08-08 18:37:47,0.0,done,2024-08-08 18:41:45
OF-2024-05718,ART-S13,Soudure,74.7,Acier,Jaune,30,MCH-07,MANUAL,28/07/2024 16:48,28/07/2024 20:02,0.0,done,28/07/2024 20:03
OF-2024-05719,art-u08,Usinage,22.6,Inox,Noir,397,MCH-02,CNC_FAST,2024-05-28 20:32:54,2024-05-29 00:57:03,0.0,done,2024-05-29 01:00:54
OF-2024-05720,  ART-U32 ,Usinage,131.7,Aluminium,Gris,151,MCH-01,CNC_FAST,2024-02-09 20:54:24,2024-02-10 00:24:53,25.2,done,2024-02-10 00:28:12
OF-2024-05721,ART-F19,Finition,100.8,Aluminium,Gris,26,MCH-08,MANUAL,2024-03-11 19:52:30,2024-03-11 20:23:23,0.0,done,2024-03-11 20:24:16
OF-2024-05722,ART-A02,Assemblage,36.9,Aluminium,Vert,106,MCH-03,CNC_STD,2024-07-06 20:57:24,2024-07-06 21:40:55,0.0,done,2024-07-06 21:43:00
OF-2024-05723,ART-A26,Assemblage,183.1,Inox,Rouge,244,MCH-10,ROBOT_CELL,2024-02-05 18:01:28,2024-02-06 01:06:44,0.0,done,2024-02-06 01:07:45
OF-2024-05724,ART-A26,Assemblage,183.1,Inox,Rouge,8,MCH-08,MANUAL,2024-06-26 07:52:13,2024-06-26 08:29:46,0.0,done,2024-06-26 08:32:17
OF-2024-05725,ART-U32-MM,Usinage,131.7,Aluminium,Gris,355,MCH-03,CNC_STD,2024-01-29 19:59:59,2024-01-30 08:03:27,0.0,done,2024-01-30 08:07:09
OF-2024-05726,ART-U04,Usinage,186.4,Inox,Rouge,251,MCH-02,CNC_FAST,2024-07-29 13:19:13,2024-07-30 01:29:07,0.0,done,2024-07-30 01:33:19
OF-2024-05727,ART-A18,Assemblage,15.6,Inox,Rouge,45,MCH-05,CNC_STD,2024-03-18 19:17:14,2024-03-18 19:44:33,2.2,done,2024-03-18 19:49:07
OF-2024-05728,ART-U08-MM,Usinage,22.6,Inox,Noir,38,MCH-04,CNC_STD,2024-04-09 20:40:16,2024-04-09 21:27:14,0.0,done,2024-04-09 21:28:42
OF-2024-05729,ART-S29,Soudure,90.9,Aluminium,Vert,112,MCH-07,MANUAL,06/04/2024 21:20,07/04/2024 03:52,0.0,done,07/04/2024 03:53
OF-2024-05730,ART-A18,Assemblage,15.6,Inox,Rouge,68,MCH-03,CNC_STD,2024-04-27 11:45:36,2024-04-27 12:36:10,0.0,done,2024-04-27 12:40:32
OF-2024-05731,ART-U20,Usinage,23.4,Titane,Rouge,55,MCH-01,CNC_FAST,2024-08-14 16:34:02,2024-08-14 17:45:32,0.0,done,2024-08-14 17:46:15
OF-2024-05732,ART-S13,Soudure,74.7,Acier,Jaune,48,MCH-12,ROBOT_CELL,2024-05-01 10:57:39,2024-05-01 13:54:53,24.9,done,2024-05-01 13:57:32
OF-2024-05733,ART-U28,Usinage,115.2,Aluminium,Bleu,20,MCH-01,CNC_FAST,2024-07-20 06:39:33,2024-07-20 07:11:50,0.0,done,2024-07-20 07:15:39
OF-2024-05734,ART-F15,Finition,196.8,Titane,Jaune,33,MCH-06,MANUAL,2024-03-29 18:38:56,,28.9,running,2024-03-29 20:39:52
OF-2024-05735,ART-F15,Finition,196.8,Titane,Jaune,51,MCH-01,CNC_FAST,2024-05-15 07:26:05,2024-05-15 08:37:27,9.5,done,2024-05-15 08:41:31
OF-2024-05736,ART-S05,Soudure,38.9,Acier,Vert,7,MCH-07,MANUAL,06/02/2024 17:45,06/02/2024 18:27,0.0,done,06/02/2024 18:29
OF-2024-05737,ART-F07,Finition,147.0,Acier,Gris,73,MCH-02,CNC_FAST,2024-01-06 08:35:51,2024-01-06 09:29:56,0.0,done,2024-01-06 09:32:26
OF-2024-05738,ART-A02,Assemblage,36.9,Aluminium,Vert,364,MCH-04,CNC_STD,2024-04-01 16:11:13,2024-04-02 09:49:03,0.0,done,2024-04-02 09:53:42
OF-2024-05739,ART-A14,Assemblage,190.7,Acier,Noir,75,MCH-10,ROBOT_CELL,2024-01-26 10:56:40,2024-01-26 13:16:03,0.0,done,2024-01-26 13:18:09
OF-2024-05740,ART-S29,Soudure,90.9,Aluminium,Vert,313,MCH-10,ROBOT_CELL,2024-06-21 20:06:36,2024-06-22 08:11:44,0.0,done,2024-06-22 08:13:35
OF-2024-05741,ART-A06,Assemblage,21.3,Acier,Noir,36,MCH-11,ROBOT_CELL,2024-07-09 08:33:22,2024-07-09 08:59:31,0.0,done,2024-07-09 09:02:42
OF-2024-05742,ART-S25,Soudure,151.9,Acier,Bleu,74,MCH-12,ROBOT_CELL,2024-06-14 12:24:27,2024-06-14 16:47:03,69.5,done,2024-06-14 16:50:17
OF-2024-05743,ART-U00,Usinage,184.0,Inox,Jaune,71,MCH-04,CNC_STD,2024-05-06 21:17:41,2024-05-07 00:45:17,0.0,done,2024-05-07 00:49:54
OF-2024-05744,ART-U16,Usinage,144.1,Aluminium,Noir,78,MCH-05,CNC_STD,2024-04-11 10:28:16,2024-04-11 13:17:32,47.7,done,2024-04-11 13:20:37
OF-2024-05745,ART-A26,Assemblage,183.1,Inox,Rouge,343,MCH-05,CNC_STD,2024-02-21 13:45:12,2024-02-21 23:13:57,104.5,done,2024-02-21 23:17:14
OF-2024-05746,ART-U08,Usinage,22.6,Inox,Noir,15,MCH-01,CNC_FAST,2024-08-08 06:54:55,2024-08-08 07:13:17,2.7,done,2024-08-08 07:14:16
OF-2024-05747,ART-S21,Soudure,45.5,Inox,Vert,44,MCH-09,ROBOT_CELL,2024-03-27 21:42:40,2024-03-27 23:31:06,0.0,done,2024-03-27 23:31:45
OF-2024-05748,ART-A02,Assemblage,36.9,Aluminium,Vert,69,MCH-06,MANUAL,2024-06-01 20:33:33,2024-06-01 21:28:03,0.0,done,2024-06-01 21:29:39
OF-2024-05749,ART-A26,Assemblage,183.1,Inox,Rouge,49,MCH-06,MANUAL,2024-02-06 06:26:35,2024-02-06 09:15:25,0.0,done,2024-02-06 09:16:05
OF-2024-05750,ART-S01,Soudure,191.3,Titane,Bleu,79,MCH-06,MANUAL,2024-08-28 07:37:47,2024-08-28 20:08:28,0.0,done,2024-08-28 20:12:39
OF-2024-05751,ART-U08,Usinage,22.6,Inox,Noir,28,MCH-02,CNC_FAST,2024-02-22 09:50:14,2024-02-22 10:20:54,0.0,done,2024-02-22 10:21:34
OF-2024-05752,ART-S21,Soudure,45.5,Inox,Vert,295,MCH-12,ROBOT_CELL,2024-06-25 13:34:27,2024-06-25 23:58:37,188.4,done,2024-06-26 00:02:20
OF-2024-05753,ART-U28,Usinage,115.2,Aluminium,Bleu,23,MCH-03,CNC_STD,2024-03-06 15:36:57,2024-03-06 16:35:02,0.0,done,2024-03-06 16:35:55
OF-2024-05754,ART-U32,Usinage,131.7,Aluminium,Gris,109,MCH-04,CNC_STD,2024-03-03 11:01:39,2024-03-03 14:45:17,49.0,done,2024-03-03 14:46:02
OF-2024-05755,ART-U04,Usinage,186.4,Inox,Rouge,65,MCH-01,CNC_FAST,2024-04-30 16:49:58,2024-04-30 19:51:34,0.0,done,2024-04-30 19:53:05
OF-2024-05756,ART-S21,Soudure,45.5,Inox,Vert,58,MCH-07,MANUAL,21/02/2024 19:42,,108.2,running,22/02/2024 01:04
OF-2024-05757,ART-A26,Assemblage,183.1,Inox,Rouge,236,MCH-07,MANUAL,25/01/2024 08:44,25/01/2024 18:03,0.0,done,25/01/2024 18:04
OF-2024-05758,ART-U04,Usinage,186.4,Inox,Rouge,14,MCH-05,CNC_STD,2024-04-17 09:03:49,2024-04-17 10:25:21,0.0,done,2024-04-17 10:26:47
OF-2024-05759,ART-A26,Assemblage,183.1,Inox,Rouge,57,MCH-05,CNC_STD,2024-06-11 13:21:03,2024-06-11 15:51:14,0.0,done,2024-06-11 15:55:37
OF-2024-05760,ART-U24,Usinage,173.0,Aluminium,Vert,25,MCH-05,CNC_STD,2024-01-15 20:42:06,2024-01-15 22:09:49,0.0,done,2024-01-15 22:12:38
OF-2024-05761,ART-S01,Soudure,191.3,Titane,Bleu,65,MCH-06,MANUAL,2024-02-04 10:07:32,2024-02-04 21:24:49,0.0,done,2024-02-04 21:27:45
OF-2024-05762,ART-S25,Soudure,151.9,Acier,Bleu,25,MCH-07,MANUAL,03/03/2024 18:31,03/03/2024 22:51,76.9,done,03/03/2024 22:54
OF-2024-05763,ART-F15,Finition,196.8,Titane,Jaune,105,MCH-07,MANUAL,13/03/2024 08:07,13/03/2024 13:01,0.0,done,13/03/2024 13:03
OF-2024-05764,ART-U32,Usinage,131.7,Aluminium,Gris,327,MCH-05,CNC_STD,2024-08-26 09:13:18,2024-08-26 18:21:38,0.0,done,2024-08-26 18:23:53
OF-2024-05765,ART-F27,Finition,162.2,Titane,Rouge,61,MCH-06,MANUAL,2024-07-25 16:24:01,2024-07-25 18:58:41,16.9,done,2024-07-25 19:03:33
OF-2024-05766,ART-S13,Soudure,74.7,Acier,Jaune,15,MCH-10,ROBOT_CELL,2024-04-15 07:16:25,,17.6,aborted,2024-04-15 08:15:25
OF-2024-05767,ART-U24,Usinage,173.0,Aluminium,Vert,179,MCH-05,CNC_STD,2024-04-23 16:46:26,2024-04-23 22:20:00,0.0,done,2024-04-23 22:22:26
OF-2024-05768,ART-U28,Usinage,115.2,Aluminium,Bleu,22,MCH-04,CNC_STD,2024-03-10 08:19:15,2024-03-10 09:20:25,0.0,done,2024-03-10 09:22:10
OF-2024-05769,ART-S25,Soudure,151.9,Acier,Bleu,40,MCH-07,MANUAL,17/01/2024 17:05,17/01/2024 22:10,85.3,done,17/01/2024 22:12
OF-2024-05770,ART-A02,Assemblage,36.9,Aluminium,Vert,23,MCH-09,ROBOT_CELL,2024-01-27 11:53:54,2024-01-27 12:13:38,0.0,done,2024-01-27 12:15:51
OF-2024-05771,ART-S25,Soudure,151.9,Acier,Bleu,41,MCH-06,MANUAL,2024-07-18 20:51:22,,0.0,aborted,2024-07-19 02:14:30
OF-2024-05772,ART-U16,Usinage,144.1,Aluminium,Noir,166,MCH-02,CNC_FAST,2024-02-10 08:35:34,2024-02-10 11:38:17,29.7,done,2024-02-10 11:41:09
OF-2024-05773,ART-S13,Soudure,74.7,Acier,Jaune,44,MCH-06,MANUAL,2024-08-05 19:54:48,2024-08-05 23:38:10,0.0,done,2024-08-05 23:38:45
OF-2024-05774,ART-S21,Soudure,45.5,Inox,Vert,388,MCH-08,MANUAL,2024-05-22 16:42:54,2024-05-23 10:40:17,328.3,done,2024-05-23 10:45:09
OF-2024-05775,ART-F31,Finition,25.3,Inox,Gris,7,MCH-01,CNC_FAST,2024-04-04 14:26:00,2024-04-04 14:33:51,0.0,done,2024-04-04 14:37:40
OF-2024-05776,ART-U20,Usinage,23.4,Titane,Rouge,51,MCH-04,CNC_STD,2024-05-18 06:52:43,2024-05-18 08:11:12,0.0,done,2024-05-18 08:13:33
OF-2024-05777,ART-A22,Assemblage,105.9,Aluminium,Noir,15,MCH-09,ROBOT_CELL,2024-07-08 15:08:38,2024-07-08 15:29:28,0.0,done,2024-07-08 15:32:43
OF-2024-05778,ART-U00,Usinage,184.0,Inox,Jaune,273,MCH-02,CNC_FAST,2024-01-20 06:40:12,2024-01-20 16:09:34,0.0,done,2024-01-20 16:14:29
OF-2024-05779,ART-U28,Usinage,115.2,Aluminium,Bleu,231,MCH-05,CNC_STD,2024-03-08 11:27:46,2024-03-08 16:47:16,30.3,done,2024-03-08 16:51:12
OF-2024-05780,ART-A06-MM,Assemblage,21.3,Acier,Noir,116,MCH-10,ROBOT_CELL,2024-01-13 16:56:53,2024-01-13 17:59:38,0.0,done,2024-01-13 18:03:12
OF-2024-05781,ART-A22,Assemblage,105.9,Aluminium,Noir,392,MCH-07,MANUAL,20/08/2024 07:28,20/08/2024 15:33,0.0,done,20/08/2024 15:35
OF-2024-05782,ART-U24,Usinage,173.0,Aluminium,Vert,65,MCH-05,CNC_STD,2024-05-28 12:09:32,2024-05-28 14:47:05,0.0,done,2024-05-28 14:50:26
OF-2024-05783,ART-F19,Finition,100.8,Aluminium,Gris,59,MCH-08,MANUAL,2024-07-25 15:20:58,2024-07-25 16:26:25,0.0,done,2024-07-25 16:29:18
OF-2024-05784,ART-A10,Assemblage,48.9,Aluminium,Jaune,33,MCH-08,MANUAL,2024-08-16 15:22:18,2024-08-16 16:19:35,0.0,done,2024-08-16 16:23:56
OF-2024-05785,ART-S25,Soudure,151.9,Acier,Bleu,34,MCH-08,MANUAL,2024-08-21 06:54:50,2024-08-21 11:30:12,0.0,done,2024-08-21 11:34:22
OF-2024-05786,ARTU16,Usinage,144.1,Aluminium,Noir,49,MCH-04,CNC_STD,2024-04-21 06:15:23,2024-04-21 08:25:51,14.5,done,2024-04-21 08:30:02
OF-2024-05787,ART-U04,Usinage,186.4,Inox,Rouge,59,MCH-05,CNC_STD,2024-08-31 06:46:44,2024-08-31 10:47:43,41.5,done,2024-08-31 10:50:44
OF-2024-05788,ART-F27,Finition,162.2,Titane,Rouge,62,MCH-02,CNC_FAST,2024-06-10 21:24:17,2024-06-10 21:15:17,10.9,done,2024-06-10 22:34:08
OF-2024-05789,ART-U24,Usinage,173.0,Aluminium,Vert,39,MCH-04,CNC_STD,2024-04-27 20:44:35,,24.8,aborted,2024-04-27 22:21:16
OF-2024-05790,ART-U24,Usinage,173.0,Aluminium,Vert,40,MCH-01,CNC_FAST,2024-01-14 11:24:25,2024-01-14 12:37:21,0.0,done,2024-01-14 12:41:36
OF-2024-05791,ART-U32,Usinage,131.7,Aluminium,Gris,57,MCH-01,CNC_FAST,2024-07-23 18:59:19,2024-07-23 20:47:19,0.0,done,2024-07-23 20:49:54
OF-2024-05792,ART-U28,Usinage,115.2,Aluminium,Bleu,52,MCH-01,CNC_FAST,2024-04-08 18:11:19,2024-04-08 19:15:19,0.0,done,2024-04-08 19:19:55
OF-2024-05793,ART-U04,Usinage,186.4,Inox,Rouge,35,MCH-04,CNC_STD,2024-06-13 17:31:05,2024-06-13 20:22:06,38.6,done,2024-06-13 20:25:50
OF-2024-05794,ART-U16,Usinage,144.1,Aluminium,Noir,9,MCH-02,CNC_FAST,2024-07-21 07:53:46,2024-07-21 08:22:07,0.0,done,2024-07-21 08:22:39
OF-2024-05795,ART-S29,Soudure,90.9,Aluminium,Vert,306,MCH-10,ROBOT_CELL,2024-05-13 19:33:32,2024-05-14 07:03:10,0.0,done,2024-05-14 07:04:57
OF-2024-05796,ART-U16,Usinage,144.1,Aluminium,Noir,25,MCH-01,CNC_FAST,2024-08-18 07:48:04,2024-08-18 08:31:07,0.0,done,2024-08-18 08:33:11
OF-2024-05797,ART-A26,Assemblage,183.1,Inox,Rouge,80,MCH-05,CNC_STD,2024-06-16 09:37:26,2024-06-16 12:33:42,0.0,done,2024-06-16 12:37:45
OF-2024-05798,ART-A06,Assemblage,21.3,Acier,Noir,114,MCH-06,MANUAL,2024-08-19 06:21:52,2024-08-19 08:00:35,27.8,done,2024-08-19 08:03:54
OF-2024-05799,ART-U12,Usinage,23.0,Titane,Noir,23,MCH-01,CNC_FAST,2024-02-09 17:46:56,2024-02-09 18:12:05,0.0,done,2024-02-09 18:16:47
OF-2024-05800,ART-A14,Assemblage,190.7,Acier,Noir,248,MCH-10,ROBOT_CELL,2024-06-06 19:33:23,2024-06-07 00:27:26,0.0,done,2024-06-07 00:29:44
OF-2024-05801,ART-U16,Usinage,144.1,Aluminium,Noir,27,MCH-01,CNC_FAST,2024-07-07 08:59:59,2024-07-07 09:41:05,0.0,done,2024-07-07 09:45:19
OF-2024-05802,ARTA06,Assemblage,21.3,Acier,Noir,65,MCH-04,CNC_STD,2024-05-24 08:27:01,2024-05-24 09:05:39,0.0,done,2024-05-24 09:10:01
OF-2024-05803,ART-U24,Usinage,173.0,Aluminium,Vert,48,MCH-02,CNC_FAST,2024-03-31 07:01:10,2024-03-31 08:13:42,21.8,done,2024-03-31 08:15:30
OF-2024-05804,ART-U32,Usinage,131.7,Aluminium,Gris,69,MCH-05,CNC_STD,2024-05-06 08:33:40,2024-05-06 11:25:10,0.0,done,2024-05-06 11:27:52
OF-2024-05805,ART-F15,Finition,196.8,Titane,Jaune,72,MCH-01,CNC_FAST,2024-07-02 14:35:38,2024-07-02 16:20:50,31.3,done,2024-07-02 16:23:17
OF-2024-05806,ART-U08,Usinage,22.6,Inox,Noir,77,MCH-05,CNC_STD,2024-01-21 10:09:53,2024-01-21 11:56:07,0.0,done,2024-01-21 11:57:35
OF-2024-05807,ART-U32,Usinage,131.7,Aluminium,Gris,355,MCH-05,CNC_STD,2024-08-17 10:57:05,2024-08-17 20:08:41,46.2,done,2024-08-17 20:09:59
OF-2024-05808,ARTU20,Usinage,23.4,Titane,Rouge,17,MCH-02,CNC_FAST,2024-06-22 08:55:00,2024-06-22 09:24:43,7.5,done,2024-06-22 09:29:01
OF-2024-05809,ART-U24,Usinage,173.0,Aluminium,Vert,58,MCH-04,CNC_STD,2024-01-05 19:09:31,2024-01-05 21:22:15,36.2,done,2024-01-05 21:23:47
OF-2024-05810,ART-U28,Usinage,115.2,Aluminium,Bleu,127,MCH-05,CNC_STD,2024-08-20 07:36:13,,17.9,aborted,2024-08-20 10:14:44
OF-2024-05811,ART-F27,Finition,162.2,Titane,Rouge,66,MCH-08,MANUAL,2024-08-25 13:02:35,2024-08-25 15:42:11,0.0,done,2024-08-25 15:45:15
OF-2024-05812,ART-F15,Finition,196.8,Titane,Jaune,70,MCH-08,MANUAL,2024-02-21 18:11:10,,0.0,aborted,2024-02-21 21:43:16
OF-2024-05813,ART-F15,Finition,196.8,Titane,Jaune,36,MCH-01,CNC_FAST,2024-01-28 21:03:16,2024-01-28 21:51:34,0.0,done,2024-01-28 21:54:47
OF-2024-05814,ART-F11,Finition,147.9,Acier,Gris,39,MCH-06,MANUAL,2024-03-09 08:16:49,2024-03-09 09:18:07,15.2,done,2024-03-09 09:21:17
OF-2024-05815,ART-F15,Finition,196.8,Titane,Jaune,203,MCH-08,MANUAL,2024-08-28 14:14:30,2024-08-28 23:52:18,113.1,done,2024-08-28 23:57:02
OF-2024-05816,ART-A06,Assemblage,21.3,Acier,Noir,17,MCH-12,ROBOT_CELL,2024-07-22 21:01:09,2024-07-22 21:16:30,0.0,done,2024-07-22 21:20:03
OF-2024-05817,  ART-S17 ,Soudure,16.0,Acier,Bleu,49,MCH-09,ROBOT_CELL,2024-03-02 20:14:48,2024-03-02 21:24:38,12.0,done,2024-03-02 21:29:38
OF-2024-05818,ART-U04,Usinage,186.4,Inox,Rouge,34,MCH-01,CNC_FAST,2024-04-14 11:36:39,2024-04-14 13:26:11,0.0,done,2024-04-14 13:26:56
OF-2024-05819,ART-F31,Finition,25.3,Inox,Gris,285,MCH-02,CNC_FAST,2024-03-22 09:18:00,2024-03-22 10:50:25,0.0,done,2024-03-22 10:52:50
OF-2024-05820,ART-U24,Usinage,173.0,Aluminium,Vert,371,MCH-02,CNC_FAST,2024-04-02 11:02:51,2024-04-02 20:06:42,0.0,done,2024-04-02 20:07:33
OF-2024-05821,ART-A26,Assemblage,183.1,Inox,Rouge,15,MCH-09,ROBOT_CELL,2024-03-03 16:12:19,2024-03-03 16:48:51,4.4,done,2024-03-03 16:51:43
OF-2024-05822,ART-U16,Usinage,144.1,Aluminium,Noir,36,MCH-03,CNC_STD,2024-02-20 13:46:20,2024-02-20 15:01:22,11.8,done,2024-02-20 15:03:21
OF-2024-05823,ART-A02,Assemblage,36.9,Aluminium,Vert,42,MCH-06,MANUAL,2024-02-04 12:20:01,2024-02-04 13:15:57,0.0,done,2024-02-04 13:19:24
OF-2024-05824,ART-A22,Assemblage,105.9,Aluminium,Noir,10,MCH-04,CNC_STD,2024-02-04 11:59:45,,0.0,running,2024-02-04 12:24:26
OF-2024-05825,art-u32,Usinage,131.7,Aluminium,Gris,336,MCH-02,CNC_FAST,2024-01-29 12:47:15,2024-01-29 20:41:15,0.0,done,2024-01-29 20:44:11
OF-2024-05826,  ART-F19 ,Finition,100.8,Aluminium,Gris,220,MCH-08,MANUAL,2024-04-17 16:28:02,2024-04-17 19:55:23,0.0,done,2024-04-17 19:57:08
OF-2024-05827,ART-U32,Usinage,131.7,Aluminium,Gris,6,MCH-03,CNC_STD,2024-07-07 21:50:17,2024-07-07 22:30:07,0.0,done,2024-07-07 22:33:52
OF-2024-05828,ART-A26,Assemblage,183.1,Inox,Rouge,368,MCH-03,CNC_STD,2024-03-25 13:32:33,2024-03-26 03:27:49,0.0,done,2024-03-26 03:29:29
OF-2024-05829,ART-S05,Soudure,38.9,Acier,Vert,62,MCH-08,MANUAL,2024-06-30 17:40:04,2024-06-30 20:02:48,0.0,done,2024-06-30 20:04:35
OF-2024-05830,ART-S13,Soudure,74.7,Acier,Jaune,59,MCH-09,ROBOT_CELL,2024-03-30 13:19:33,2024-03-30 15:51:24,0.0,done,2024-03-30 15:55:20
OF-2024-05831,ART-S21,Soudure,45.5,Inox,Vert,384,MCH-06,MANUAL,2024-04-15 11:27:16,2024-04-16 06:59:25,99.6,done,2024-04-16 07:04:10
OF-2024-05832,ART-U32,Usinage,131.7,Aluminium,Gris,9,MCH-02,CNC_FAST,2024-01-14 13:19:32,2024-01-14 13:48:10,0.0,done,2024-01-14 13:51:37
OF-2024-05833,ART-S09,Soudure,11.4,Acier,Jaune,23,MCH-11,ROBOT_CELL,2024-08-18 12:49:55,2024-08-18 13:36:33,0.0,done,2024-08-18 13:40:16
OF-2024-05834,ART-U00,Usinage,184.0,Inox,Jaune,61,MCH-04,CNC_STD,2024-02-16 17:21:51,2024-02-16 21:15:01,0.0,done,2024-02-16 21:17:10
OF-2024-05835,ART-A10,Assemblage,48.9,Aluminium,Jaune,78,MCH-04,CNC_STD,2024-04-22 20:11:44,2024-04-22 21:19:52,0.0,done,2024-04-22 21:23:07
OF-2024-05836,ART-F03,Finition,55.9,Titane,Jaune,51,MCH-08,MANUAL,2024-05-13 11:39:10,2024-05-13 12:50:49,0.0,done,2024-05-13 12:52:23
OF-2024-05837,ART-A06-MM,Assemblage,21.3,Acier,Noir,38,MCH-04,CNC_STD,2024-08-20 13:16:16,2024-08-20 13:39:07,0.0,done,2024-08-20 13:43:54
OF-2024-05838,ART-U32,Usinage,131.7,Aluminium,Gris,68,MCH-01,CNC_FAST,2024-06-09 18:01:10,2024-06-09 20:00:54,40.2,done,2024-06-09 20:05:15
OF-2024-05839,ART-A10,Assemblage,48.9,Aluminium,Jaune,374,MCH-03,CNC_STD,2024-06-14 18:13:02,2024-06-14 22:40:48,33.4,done,2024-06-14 22:42:14
OF-2024-05840,ART-S25,Soudure,151.9,Acier,Bleu,33,MCH-12,ROBOT_CELL,2024-07-21 22:03:39,2024-07-22 01:20:33,0.0,done,2024-07-22 01:22:11
OF-2024-05841,ART-U24,Usinage,173.0,Aluminium,Vert,64,MCH-05,CNC_STD,2024-06-12 11:10:24,2024-06-12 13:35:02,0.0,done,2024-06-12 13:37:58
OF-2024-05842,ART-S21,Soudure,45.5,Inox,Vert,51,MCH-08,MANUAL,2024-05-17 20:48:46,2024-05-18 00:28:18,12.4,done,2024-05-18 00:32:04
OF-2024-05843,ART-S29,Soudure,90.9,Aluminium,Vert,350,MCH-12,ROBOT_CELL,2024-05-23 13:28:59,2024-05-24 02:44:09,0.0,done,2024-05-24 02:44:42
OF-2024-05844,ART-U04,Usinage,186.4,Inox,Rouge,193,MCH-05,CNC_STD,2024-06-11 15:33:35,2024-06-12 05:36:24,0.0,done,2024-06-12 05:41:01
OF-2024-05845,ART-F19-MM,Finition,100.8,Aluminium,Gris,58,MCH-01,CNC_FAST,2024-05-08 17:57:05,2024-05-08 18:29:02,8.0,done,2024-05-08 18:31:02
OF-2024-05846,ART-F19,Finition,100.8,Aluminium,Gris,48,MCH-07,MANUAL,06/05/2024 17:14,06/05/2024 18:11,18.8,done,06/05/2024 18:16
OF-2024-05847,ART-U20,Usinage,23.4,Titane,Rouge,56,MCH-01,CNC_FAST,2024-07-28 11:20:24,2024-07-28 12:13:55,5.2,done,2024-07-28 12:14:50
OF-2024-05848,ART-U20,Usinage,23.4,Titane,Rouge,71,MCH-05,CNC_STD,2024-07-22 20:21:17,2024-07-22 21:59:00,0.0,done,2024-07-22 22:02:00
OF-2024-05849,ART-U24,Usinage,173.0,Aluminium,Vert,175,MCH-03,CNC_STD,2024-06-22 10:29:08,2024-06-22 16:57:06,23.7,done,2024-06-22 16:58:36
OF-2024-05850,  ART-U20 ,Usinage,23.4,Titane,Rouge,34,MCH-03,CNC_STD,2024-03-18 10:52:41,2024-03-18 11:47:17,10.2,done,2024-03-18 11:51:29
OF-2024-05851,ART-S33,Soudure,195.1,Inox,Gris,18,MCH-12,ROBOT_CELL,2024-05-01 14:18:46,2024-05-01 17:01:27,0.0,done,2024-05-01 17:05:35
OF-2024-05852,ART-U28,Usinage,115.2,Aluminium,Bleu,321,MCH-02,CNC_FAST,2024-07-17 21:54:56,2024-07-18 03:24:56,0.0,done,2024-07-18 03:25:38
OF-2024-05853,ART-S29,Soudure,90.9,Aluminium,Vert,58,MCH-10,ROBOT_CELL,2024-08-24 16:00:13,2024-08-24 19:06:32,22.1,done,2024-08-24 19:11:00
OF-2024-05854,ART-U20,Usinage,23.4,Titane,Rouge,52,MCH-02,CNC_FAST,2024-05-27 16:49:21,2024-05-27 16:49:21,25.0,done,2024-05-27 18:04:10
OF-2024-05855,ART-A06,Assemblage,21.3,Acier,Noir,35,MCH-04,CNC_STD,2024-06-25 07:28:10,2024-06-25 07:57:51,3.4,done,2024-06-25 08:01:35
OF-2024-05856,ART-S17,Soudure,16.0,Acier,Bleu,332,MCH-11,ROBOT_CELL,2024-01-03 19:10:24,2024-01-04 00:35:04,0.0,done,2024-01-04 00:39:57
OF-2024-05857,ART-U16,Usinage,144.1,Aluminium,Noir,50,MCH-01,CNC_FAST,2024-08-10 07:13:23,2024-08-10 08:19:51,0.0,done,2024-08-10 08:21:32
OF-2024-05858,ART-U16,Usinage,144.1,Aluminium,Noir,65,MCH-05,CNC_STD,2024-05-01 12:54:07,2024-05-01 15:15:09,0.0,done,2024-05-01 15:19:14
OF-2024-05859,art-u16,Usinage,144.1,Aluminium,Noir,49,MCH-03,CNC_STD,2024-01-10 14:43:29,2024-01-10 14:43:29,0.0,done,2024-01-10 17:05:25
OF-2024-05860,ART-A26,Assemblage,183.1,Inox,Rouge,71,MCH-03,CNC_STD,2024-08-14 15:25:41,2024-08-14 18:51:30,14.2,done,2024-08-14 18:55:19
OF-2024-05861,ART-S21,Soudure,45.5,Inox,Vert,44,MCH-10,ROBOT_CELL,2024-01-23 11:41:02,,0.0,running,2024-01-23 13:41:21
OF-2024-05862,ART-F23,Finition,23.0,Acier,Gris,165,MCH-02,CNC_FAST,2024-05-28 06:36:50,2024-05-28 07:21:01,0.0,done,2024-05-28 07:22:57
OF-2024-05863,ART-U24,Usinage,173.0,Aluminium,Vert,21,MCH-05,CNC_STD,2024-03-20 14:28:52,2024-03-20 15:32:11,0.0,done,2024-03-20 15:36:08
OF-2024-05864,ART-U20,Usinage,23.4,Titane,Rouge,19,MCH-02,CNC_FAST,2024-05-08 18:55:52,2024-05-08 19:21:08,3.6,done,2024-05-08 19:23:12
OF-2024-05865,ART-U28,Usinage,115.2,Aluminium,Bleu,162,MCH-03,CNC_STD,2024-06-27 15:59:51,2024-06-27 20:00:42,0.0,done,2024-06-27 20:02:41
OF-2024-05866,ART-F27,Finition,162.2,Titane,Rouge,28,MCH-01,CNC_FAST,2024-03-28 21:59:25,2024-03-28 22:29:25,0.0,done,2024-03-28 22:31:12
OF-2024-05867,art-a06,Assemblage,21.3,Acier,Noir,75,MCH-11,ROBOT_CELL,2024-01-29 08:02:26,2024-01-29 08:44:45,0.0,done,2024-01-29 08:46:09
OF-2024-05868,ART-U28,Usinage,115.2,Aluminium,Bleu,61,MCH-02,CNC_FAST,2024-07-21 12:04:23,2024-07-21 13:19:17,5.4,done,2024-07-21 13:22:09
OF-2024-05869,ART-U28,Usinage,115.2,Aluminium,Bleu,211,MCH-03,CNC_STD,2024-06-18 14:26:52,2024-06-18 20:04:50,0.0,done,2024-06-18 20:07:04
OF-2024-05870,ART-A26,Assemblage,183.1,Inox,Rouge,50,MCH-08,MANUAL,2024-06-16 10:04:16,2024-06-16 12:39:38,0.0,done,2024-06-16 12:42:02
OF-2024-05871,ART-F07,Finition,147.0,Acier,Gris,18,MCH-07,MANUAL,15/02/2024 17:35,15/02/2024 18:12,0.0,done,15/02/2024 18:17
OF-2024-05872,ART-A02,Assemblage,36.9,Aluminium,Vert,275,MCH-12,ROBOT_CELL,2024-08-06 18:58:00,2024-08-06 21:14:32,0.0,done,2024-08-06 21:16:10
OF-2024-05873,ART-S05,Soudure,38.9,Acier,Vert,21,MCH-11,ROBOT_CELL,2024-02-02 15:07:13,2024-02-02 15:43:54,0.0,done,2024-02-02 15:48:32
OF-2024-05874,ART-S29,Soudure,90.9,Aluminium,Vert,26,MCH-11,ROBOT_CELL,2024-02-04 16:30:23,2024-02-04 17:35:26,0.0,done,2024-02-04 17:36:59
OF-2024-05875,ART-U08,Usinage,22.6,Inox,Noir,78,MCH-01,CNC_FAST,2024-04-15 18:07:09,2024-04-15 19:06:04,3.6,done,2024-04-15 19:09:56
OF-2024-05876,ART-U28,Usinage,115.2,Aluminium,Bleu,249,MCH-05,CNC_STD,2024-01-01 13:24:57,2024-01-01 19:24:26,50.8,done,2024-01-01 19:29:06
OF-2024-05877,ART-U28,Usinage,115.2,Aluminium,Bleu,73,MCH-02,CNC_FAST,2024-02-06 20:09:49,2024-02-06 21:40:57,9.5,done,2024-02-06 21:44:54
OF-2024-05878,ART-S13,Soudure,74.7,Acier,Jaune,61,MCH-10,ROBOT_CELL,2024-04-14 09:37:21,2024-04-14 12:26:10,0.0,done,2024-04-14 12:30:33
OF-2024-05879,ART-F31,Finition,25.3,Inox,Gris,42,MCH-08,MANUAL,2024-04-04 17:29:16,2024-04-04 18:02:41,5.6,done,2024-04-04 18:05:06
OF-2024-05880,ART-U32,Usinage,131.7,Aluminium,Gris,27,MCH-01,CNC_FAST,2024-03-08 08:16:57,2024-03-08 09:05:51,0.0,done,2024-03-08 09:07:38
OF-2024-05881,ART-F27,Finition,162.2,Titane,Rouge,48,MCH-01,CNC_FAST,2024-07-05 09:50:34,2024-07-05 10:43:12,10.3,done,2024-07-05 10:44:24
OF-2024-05882,ARTF19,Finition,100.8,Aluminium,Gris,124,MCH-08,MANUAL,2024-06-23 20:08:53,2024-06-23 22:04:09,37.4,done,2024-06-23 22:08:37
OF-2024-05883,ART-U16,Usinage,144.1,Aluminium,Noir,20,MCH-04,CNC_STD,2024-02-03 16:49:04,2024-02-03 18:08:37,0.0,done,2024-02-03 18:09:26
OF-2024-05884,ART-F15,Finition,196.8,Titane,Jaune,376,MCH-06,MANUAL,2024-04-02 10:50:22,2024-04-03 02:16:46,150.1,done,2024-04-03 02:21:34
OF-2024-05885,ART-U24,Usinage,173.0,Aluminium,Vert,165,MCH-02,CNC_FAST,2024-08-29 16:27:14,2024-08-29 20:07:20,0.0,done,2024-08-29 20:11:50
OF-2024-05886,ARTU16,Usinage,144.1,Aluminium,Noir,27,MCH-04,CNC_STD,2024-04-20 10:04:46,2024-04-20 11:30:39,6.5,done,2024-04-20 11:31:37
OF-2024-05887,ART-F19,Finition,100.8,Aluminium,Gris,19,MCH-02,CNC_FAST,2024-08-21 20:52:15,2024-08-21 21:09:53,1.2,done,2024-08-21 21:12:40
OF-2024-05888,ART-U24,Usinage,173.0,Aluminium,Vert,33,MCH-01,CNC_FAST,2024-03-15 21:41:52,2024-03-15 22:44:04,0.0,done,2024-03-15 22:45:08
OF-2024-05889,ART-U16,Usinage,144.1,Aluminium,Noir,65,MCH-05,CNC_STD,2024-05-20 20:55:35,2024-05-20 23:10:49,0.0,done,2024-05-20 23:15:42
OF-2024-05890,ART-S13,Soudure,74.7,Acier,Jaune,130,MCH-09,ROBOT_CELL,2024-02-09 15:29:44,2024-02-09 22:13:23,0.0,done,2024-02-09 22:18:21
OF-2024-05891,ART-U16,Usinage,144.1,Aluminium,Noir,313,MCH-02,CNC_FAST,2024-04-19 14:55:23,2024-04-19 20:48:00,0.0,done,2024-04-19 20:48:33
OF-2024-05892,ART-U16,Usinage,144.1,Aluminium,Noir,80,MCH-02,CNC_FAST,2024-04-09 11:28:46,2024-04-09 13:14:02,15.0,done,2024-04-09 13:17:10
OF-2024-05893,ART-F39,Finition,157.5,Titane,Jaune,15,MCH-01,CNC_FAST,2024-08-19 08:20:47,2024-08-19 08:44:11,0.0,done,2024-08-19 08:47:28
OF-2024-05894,ART-S33,Soudure,195.1,Inox,Gris,65,MCH-10,ROBOT_CELL,2024-01-04 11:50:05,2024-01-04 17:23:16,79.3,done,2024-01-04 17:26:32
OF-2024-05895,ART-U28,Usinage,115.2,Aluminium,Bleu,30,MCH-05,CNC_STD,2024-07-20 12:01:48,2024-07-20 12:58:28,0.0,done,2024-07-20 12:59:15
OF-2024-05896,ART-S29,Soudure,90.9,Aluminium,Vert,57,MCH-07,MANUAL,12/08/2024 06:27,12/08/2024 11:19,0.0,done,12/08/2024 11:20
OF-2024-05897,ART-S13,Soudure,74.7,Acier,Jaune,332,MCH-06,MANUAL,2024-04-17 21:31:06,2024-04-18 19:57:50,177.9,done,2024-04-18 20:00:45
OF-2024-05898,ART-U28,Usinage,115.2,Aluminium,Bleu,10,MCH-01,CNC_FAST,2024-06-13 12:25:15,2024-06-13 12:52:03,0.0,done,2024-06-13 12:55:38
OF-2024-05899,ART-U28,Usinage,115.2,Aluminium,Bleu,15,MCH-04,CNC_STD,2024-05-27 21:44:33,2024-05-27 22:19:19,3.6,done,2024-05-27 22:21:18
OF-2024-05900,ART-A02,Assemblage,36.9,Aluminium,Vert,70,MCH-06,MANUAL,2024-01-14 12:00:23,2024-01-14 12:57:30,0.0,done,2024-01-14 13:00:44
OF-2024-05901,ART-A06,Assemblage,21.3,Acier,Noir,80,MCH-08,MANUAL,2024-08-31 20:39:59,2024-08-31 22:04:18,0.0,done,2024-08-31 22:09:02
OF-2024-05902,ART-A06,Assemblage,21.3,Acier,Noir,185,MCH-11,ROBOT_CELL,2024-02-19 16:36:56,2024-02-19 17:54:41,8.0,done,2024-02-19 17:57:14
OF-2024-05903,ART-S13,Soudure,74.7,Acier,Jaune,75,MCH-08,MANUAL,2024-01-08 06:50:01,2024-01-08 13:36:25,0.0,done,2024-01-08 13:38:27
OF-2024-05904,ART-A26,Assemblage,183.1,Inox,Rouge,37,MCH-10,ROBOT_CELL,2024-07-19 11:59:10,2024-07-19 13:07:39,0.0,done,2024-07-19 13:11:20
OF-2024-05905,ART-U24,Usinage,173.0,Aluminium,Vert,48,MCH-02,CNC_FAST,2024-06-21 06:15:13,2024-06-21 07:35:57,0.0,done,2024-06-21 07:38:16
OF-2024-05906,ART-U32,Usinage,131.7,Aluminium,Gris,46,MCH-04,CNC_STD,2024-04-13 20:15:44,2024-04-13 22:07:18,0.0,done,2024-04-13 22:09:49
OF-2024-05907,ART-A26,Assemblage,183.1,Inox,Rouge,44,MCH-08,MANUAL,2024-07-31 09:29:23,2024-07-31 12:02:28,0.0,done,2024-07-31 12:03:38
OF-2024-05908,ART-U04,Usinage,186.4,Inox,Rouge,47,MCH-03,CNC_STD,2024-08-15 13:26:43,2024-08-15 17:36:09,83.0,done,2024-08-15 17:39:58
OF-2024-05909,ART-A10,Assemblage,48.9,Aluminium,Jaune,66,MCH-07,MANUAL,31/01/2024 09:02,31/01/2024 10:45,0.0,done,31/01/2024 10:47
OF-2024-05910,ART-U32,Usinage,131.7,Aluminium,Gris,320,MCH-01,CNC_FAST,2024-04-05 10:40:50,2024-04-05 18:29:15,75.1,done,2024-04-05 18:32:53
OF-2024-05911,ART-A26,Assemblage,183.1,Inox,Rouge,24,MCH-10,ROBOT_CELL,2024-06-13 06:56:53,,0.0,aborted,2024-06-13 07:46:25
OF-2024-05912,ART-U16,Usinage,144.1,Aluminium,Noir,17,MCH-01,CNC_FAST,2024-01-30 16:21:47,2024-01-30 16:57:11,0.0,done,2024-01-30 17:01:13
OF-2024-05913,ART-S05,Soudure,38.9,Acier,Vert,134,MCH-08,MANUAL,2024-02-19 19:19:12,2024-02-20 01:03:28,0.0,done,2024-02-20 01:07:56
OF-2024-05914,ART-S09,Soudure,11.4,Acier,Jaune,75,MCH-06,MANUAL,2024-03-31 19:51:13,2024-03-31 22:01:28,13.2,done,2024-03-31 22:04:07
OF-2024-05915,ART-F27,Finition,162.2,Titane,Rouge,343,MCH-01,CNC_FAST,2024-02-09 14:10:32,2024-02-09 20:59:36,0.0,done,2024-02-09 21:00:50
OF-2024-05916,ART-S13,Soudure,74.7,Acier,Jaune,171,MCH-08,MANUAL,2024-01-09 13:05:50,2024-01-10 01:47:38,0.0,done,2024-01-10 01:49:20
OF-2024-05917,ART-A26,Assemblage,183.1,Inox,Rouge,48,MCH-09,ROBOT_CELL,2024-07-18 19:17:17,2024-07-18 20:45:44,0.0,done,2024-07-18 20:50:18
OF-2024-05918,ART-A06,Assemblage,21.3,Acier,Noir,65,MCH-11,ROBOT_CELL,2024-06-15 21:26:48,2024-06-15 21:51:05,2.7,done,2024-06-15 21:52:34
OF-2024-05919,ART-U28,Usinage,115.2,Aluminium,Bleu,5,MCH-01,CNC_FAST,2024-02-16 08:12:02,2024-02-16 08:33:06,0.0,done,2024-02-16 08:36:56
OF-2024-05920,ART-U04,Usinage,186.4,Inox,Rouge,387,MCH-01,CNC_FAST,2024-04-27 06:27:45,2024-04-28 02:21:21,0.0,done,2024-04-28 02:25:52
OF-2024-05921,ART-A26,Assemblage,183.1,Inox,Rouge,15,MCH-05,CNC_STD,2024-03-14 17:41:54,2024-03-14 18:23:24,6.6,done,2024-03-14 18:25:10
OF-2024-05922,ART-U32,Usinage,131.7,Aluminium,Gris,139,MCH-01,CNC_FAST,2024-01-17 15:44:16,2024-01-17 20:43:19,25.8,done,2024-01-17 20:45:34
OF-2024-05923,ART-U20,Usinage,23.4,Titane,Rouge,9,MCH-04,CNC_STD,2024-06-01 18:51:21,2024-06-01 19:10:53,2.7,done,2024-06-01 19:12:41
OF-2024-05924,ART-U28,Usinage,115.2,Aluminium,Bleu,46,MCH-02,CNC_FAST,2024-01-16 16:19:14,2024-01-16 17:13:21,0.0,done,2024-01-16 17:13:59
OF-2024-05925,ART-S13,Soudure,74.7,Acier,Jaune,53,MCH-06,MANUAL,2024-03-22 21:09:14,,20.2,running,2024-03-23 02:01:30
OF-2024-05926,ART-A18,Assemblage,15.6,Inox,Rouge,46,MCH-05,CNC_STD,2024-01-15 08:03:34,2024-01-15 08:41:19,0.0,done,2024-01-15 08:41:56
OF-2024-05927,ART-U28,Usinage,115.2,Aluminium,Bleu,223,MCH-04,CNC_STD,2024-05-28 11:05:08,2024-05-28 16:45:11,0.0,done,2024-05-28 16:49:26
OF-2024-05928,ART-U04,Usinage,186.4,Inox,Rouge,56,MCH-01,CNC_FAST,2024-07-13 20:38:26,2024-07-13 23:38:01,38.0,done,2024-07-13 23:38:48
OF-2024-05929,ARTF19,Finition,100.8,Aluminium,Gris,77,MCH-08,MANUAL,2024-07-23 09:58:35,2024-07-23 11:21:53,24.0,done,2024-07-23 11:24:26
OF-2024-05930,ART-S25,Soudure,151.9,Acier,Bleu,77,MCH-06,MANUAL,2024-01-02 09:09:36,2024-01-02 20:23:02,0.0,done,2024-01-02 20:24:18
OF-2024-05931,ART-A18,Assemblage,15.6,Inox,Rouge,203,MCH-09,ROBOT_CELL,2024-04-22 18:32:14,2024-04-22 19:48:52,0.0,done,2024-04-22 19:49:38
OF-2024-05932,art-a30,Assemblage,130.4,Acier,Gris,10,MCH-03,CNC_STD,2024-05-14 14:52:43,2024-05-14 15:19:12,0.0,done,2024-05-14 15:22:27
OF-2024-05933,ART-S21,Soudure,45.5,Inox,Vert,17,MCH-06,MANUAL,2024-06-23 19:27:20,2024-06-23 20:43:27,25.1,done,2024-06-23 20:44:29
OF-2024-05934,ART-F15,Finition,196.8,Titane,Jaune,361,MCH-01,CNC_FAST,2024-06-07 19:06:17,2024-06-08 01:33:51,0.0,done,2024-06-08 01:37:22
OF-2024-05935,ART-A18,Assemblage,15.6,Inox,Rouge,75,MCH-06,MANUAL,2024-03-09 19:59:51,2024-03-09 21:01:03,0.0,done,2024-03-09 21:04:30
OF-2024-05936,ART-U28,Usinage,115.2,Aluminium,Bleu,48,MCH-04,CNC_STD,2024-04-24 10:51:34,2024-04-24 12:10:22,0.0,done,2024-04-24 12:10:55
OF-2024-05937,ART-U16,Usinage,144.1,Aluminium,Noir,6,MCH-04,CNC_STD,2024-01-17 17:20:52,2024-01-17 17:58:37,6.0,done,2024-01-17 18:01:35
OF-2024-05938,ART-S25,Soudure,151.9,Acier,Bleu,61,MCH-11,ROBOT_CELL,2024-05-12 17:31:41,2024-05-12 21:14:07,0.0,done,2024-05-12 21:16:54
OF-2024-05939,ART-F19,Finition,100.8,Aluminium,Gris,13,MCH-01,CNC_FAST,2024-02-08 21:30:47,2024-02-08 21:43:21,2.3,done,2024-02-08 21:45:05
OF-2024-05940,ART-U16,Usinage,144.1,Aluminium,Noir,76,MCH-01,CNC_FAST,2024-03-07 15:50:50,2024-03-07 17:37:59,0.0,done,2024-03-07 17:42:13
OF-2024-05941,ART-S29,Soudure,90.9,Aluminium,Vert,30,MCH-06,MANUAL,2024-03-14 14:23:47,2024-03-14 16:37:46,39.9,done,2024-03-14 16:42:18
OF-2024-05942,ART-U04,Usinage,186.4,Inox,Rouge,65,MCH-02,CNC_FAST,2024-04-22 18:55:47,2024-04-22 22:01:42,12.2,done,2024-04-22 22:02:47
OF-2024-05943,ART-S25,Soudure,151.9,Acier,Bleu,103,MCH-09,ROBOT_CELL,2024-02-25 09:58:18,2024-02-25 16:24:44,55.3,done,2024-02-25 16:27:03
OF-2024-05944,ARTU08,Usinage,22.6,Inox,Noir,44,MCH-03,CNC_STD,2024-04-25 16:04:11,2024-04-25 16:53:45,9.4,done,2024-04-25 16:55:20
OF-2024-05945,ARTU12,Usinage,23.0,Titane,Noir,213,MCH-02,CNC_FAST,2024-01-14 17:32:32,2024-01-14 21:17:05,47.2,done,2024-01-14 21:18:59
OF-2024-05946,  ART-U16 ,Usinage,144.1,Aluminium,Noir,120,MCH-03,CNC_STD,2024-06-08 10:45:14,2024-06-08 14:48:14,0.0,done,2024-06-08 14:48:49
OF-2024-05947,ARTU32,Usinage,131.7,Aluminium,Gris,7,MCH-01,CNC_FAST,2024-08-29 12:16:42,,0.0,aborted,2024-08-29 12:40:51
OF-2024-05948,ART-U24,Usinage,173.0,Aluminium,Vert,217,MCH-03,CNC_STD,2024-03-08 10:13:32,2024-03-08 17:27:16,0.0,done,2024-03-08 17:31:45
OF-2024-05949,ART-U04,Usinage,186.4,Inox,Rouge,33,MCH-02,CNC_FAST,2024-08-07 08:19:11,2024-08-07 10:12:17,0.0,done,2024-08-07 10:16:16
OF-2024-05950,ART-U16,Usinage,144.1,Aluminium,Noir,49,MCH-04,CNC_STD,2024-01-07 17:45:19,2024-01-07 19:49:40,16.6,done,2024-01-07 19:53:54
OF-2024-05951,ART-S09,Soudure,11.4,Acier,Jaune,5,MCH-08,MANUAL,2024-03-05 18:32:20,2024-03-05 19:07:04,7.9,done,2024-03-05 19:09:07
OF-2024-05952,ART-S13,Soudure,74.7,Acier,Jaune,58,MCH-06,MANUAL,2024-03-14 14:26:34,2024-03-14 20:13:10,20.5,done,2024-03-14 20:17:52
OF-2024-05953,ART-U24,Usinage,173.0,Aluminium,Vert,46,MCH-05,CNC_STD,2024-07-27 14:23:16,2024-07-27 16:04:10,0.0,done,2024-07-27 16:05:23
OF-2024-05954,ART-A38,Assemblage,165.3,Titane,Noir,9,MCH-11,ROBOT_CELL,2024-08-22 09:25:00,,0.0,aborted,2024-08-22 10:07:48
OF-2024-05955,ART-F15,Finition,196.8,Titane,Jaune,25,MCH-07,MANUAL,19/03/2024 20:28,19/03/2024 21:59,0.0,done,19/03/2024 21:59
OF-2024-05956,ART-A26,Assemblage,183.1,Inox,Rouge,43,MCH-08,MANUAL,2024-05-21 12:29:47,2024-05-21 14:37:22,0.0,done,2024-05-21 14:41:13
OF-2024-05957,ART-A14,Assemblage,190.7,Acier,Noir,115,MCH-07,MANUAL,28/05/2024 12:23,28/05/2024 16:53,0.0,done,28/05/2024 16:58
OF-2024-05958,ART-U32,Usinage,131.7,Aluminium,Gris,62,MCH-01,CNC_FAST,2024-02-04 07:04:10,2024-02-04 08:31:43,30.3,done,2024-02-04 08:33:13
OF-2024-05959,ART-F15,Finition,196.8,Titane,Jaune,289,MCH-06,MANUAL,2024-06-14 12:10:48,2024-06-14 23:10:20,0.0,done,2024-06-14 23:10:57
OF-2024-05960,ART-U28,Usinage,115.2,Aluminium,Bleu,62,MCH-02,CNC_FAST,2024-03-08 07:56:02,2024-03-08 09:25:58,26.0,done,2024-03-08 09:29:34
OF-2024-05961,ART-U20,Usinage,23.4,Titane,Rouge,79,MCH-02,CNC_FAST,2024-06-04 21:37:22,2024-06-04 23:02:24,16.5,done,2024-06-04 23:04:40
OF-2024-05962,ART-U32,Usinage,131.7,Aluminium,Gris,71,MCH-02,CNC_FAST,2024-07-22 17:03:59,2024-07-22 18:27:11,0.0,done,2024-07-22 18:30:44
OF-2024-05963,ART-F19,Finition,100.8,Aluminium,Gris,330,MCH-08,MANUAL,2024-07-09 19:30:56,2024-07-10 00:29:47,72.7,done,2024-07-10 00:34:19
OF-2024-05964,ART-S05,Soudure,38.9,Acier,Vert,8,MCH-07,MANUAL,07/01/2024 11:38,07/01/2024 12:42,0.0,done,07/01/2024 12:45
OF-2024-05965,ART-U32,Usinage,131.7,Aluminium,Gris,15,MCH-04,CNC_STD,2024-03-12 17:55:13,2024-03-12 18:54:20,8.1,done,2024-03-12 18:56:19
OF-2024-05966,ART-S29,Soudure,90.9,Aluminium,Vert,74,MCH-06,MANUAL,2024-04-11 07:52:55,2024-04-11 12:28:09,0.0,done,2024-04-11 12:29:46
OF-2024-05967,ART-S05,Soudure,38.9,Acier,Vert,106,MCH-07,MANUAL,28/08/2024 21:01,29/08/2024 02:00,0.0,done,29/08/2024 02:04
OF-2024-05968,ART-F15,Finition,196.8,Titane,Jaune,77,MCH-01,CNC_FAST,2024-05-11 07:00:08,2024-05-11 08:46:35,0.0,done,2024-05-11 08:50:58
OF-2024-05969,ART-U12,Usinage,23.0,Titane,Noir,202,MCH-05,CNC_STD,2024-08-24 14:33:34,2024-08-24 18:59:58,0.0,done,2024-08-24 19:03:42
OF-2024-05970,ARTS05,Soudure,38.9,Acier,Vert,394,MCH-08,MANUAL,2024-08-23 21:06:56,2024-08-24 12:41:23,0.0,done,2024-08-24 12:45:00
OF-2024-05971,ART-S25,Soudure,151.9,Acier,Bleu,38,MCH-07,MANUAL,10/07/2024 13:14,10/07/2024 17:37,0.0,done,10/07/2024 17:38
OF-2024-05972,  ART-U20 ,Usinage,23.4,Titane,Rouge,36,MCH-04,CNC_STD,2024-02-18 09:16:59,2024-02-18 10:13:07,9.2,done,2024-02-18 10:14:31
OF-2024-05973,ART-S25,Soudure,151.9,Acier,Bleu,13,MCH-08,MANUAL,2024-03-07 12:35:52,2024-03-07 14:48:31,0.0,done,2024-03-07 14:50:13
OF-2024-05974,ART-F31,Finition,25.3,Inox,Gris,71,MCH-01,CNC_FAST,2024-07-18 12:24:47,2024-07-18 12:52:28,0.0,done,2024-07-18 12:56:51
OF-2024-05975,ART-U04,Usinage,186.4,Inox,Rouge,219,MCH-03,CNC_STD,2024-02-28 06:16:33,2024-02-28 21:50:45,146.4,done,2024-02-28 21:52:35
OF-2024-05976,ART-F11,Finition,147.9,Acier,Gris,10,MCH-08,MANUAL,2024-01-08 17:32:08,2024-01-08 18:01:45,8.1,done,2024-01-08 18:05:42
OF-2024-05977,ART-U04,Usinage,186.4,Inox,Rouge,11,MCH-03,CNC_STD,2024-08-09 21:42:31,2024-08-09 22:55:43,0.0,done,2024-08-09 22:59:33
OF-2024-05978,ART-U12,Usinage,23.0,Titane,Noir,22,MCH-02,CNC_FAST,2024-07-04 08:44:36,2024-07-04 09:10:14,0.0,done,2024-07-04 09:13:57
OF-2024-05979,ART-U24,Usinage,173.0,Aluminium,Vert,45,MCH-02,CNC_FAST,2024-02-25 16:08:21,2024-02-25 17:25:03,0.0,done,2024-02-25 17:27:19
OF-2024-05980,ART-S25,Soudure,151.9,Acier,Bleu,7,MCH-08,MANUAL,2024-04-01 18:37:23,2024-04-01 20:28:27,0.0,done,2024-04-01 20:29:44
OF-2024-05981,ART-F15,Finition,196.8,Titane,Jaune,52,MCH-07,MANUAL,15/08/2024 11:28,15/08/2024 14:40,9.6,done,15/08/2024 14:40
OF-2024-05982,ART-U28,Usinage,115.2,Aluminium,Bleu,240,MCH-01,CNC_FAST,2024-07-04 11:49:38,2024-07-04 15:31:23,0.0,done,2024-07-04 15:33:16
OF-2024-05983,ART-A26,Assemblage,183.1,Inox,Rouge,66,MCH-04,CNC_STD,2024-06-29 20:01:40,2024-06-29 22:21:49,0.0,done,2024-06-29 22:25:38
OF-2024-05984,ART-U04,Usinage,186.4,Inox,Rouge,293,MCH-01,CNC_FAST,2024-05-18 12:09:54,,176.6,aborted,2024-05-19 01:58:42
OF-2024-05985,art-u32,Usinage,131.7,Aluminium,Gris,80,MCH-01,CNC_FAST,2024-02-27 10:26:54,2024-02-27 12:10:58,25.0,done,2024-02-27 12:12:02
OF-2024-05986,ART-S25,Soudure,151.9,Acier,Bleu,35,MCH-10,ROBOT_CELL,2024-04-11 10:22:31,2024-04-11 13:13:27,0.0,done,2024-04-11 13:16:23
OF-2024-05987,ART-S25,Soudure,151.9,Acier,Bleu,115,MCH-08,MANUAL,2024-05-17 09:35:26,2024-05-17 20:26:15,78.3,done,2024-05-17 20:27:03
OF-2024-05988,ART-U32,Usinage,131.7,Aluminium,Gris,49,MCH-03,CNC_STD,2024-07-16 10:41:14,2024-07-16 12:38:44,24.9,done,2024-07-16 12:41:49
OF-2024-05989,ART-A18,Assemblage,15.6,Inox,Rouge,32,MCH-04,CNC_STD,2024-02-17 21:19:56,2024-02-17 21:44:21,0.0,done,2024-02-17 21:47:53
OF-2024-05990,ART-A26,Assemblage,183.1,Inox,Rouge,41,MCH-07,MANUAL,16/07/2024 09:38,16/07/2024 12:06,29.7,done,16/07/2024 12:08
OF-2024-05991,art-u08,Usinage,22.6,Inox,Noir,104,MCH-02,CNC_FAST,2024-01-02 14:49:35,2024-01-02 16:25:44,10.3,done,2024-01-02 16:26:21
OF-2024-05992,ART-F15,Finition,196.8,Titane,Jaune,271,MCH-01,CNC_FAST,2024-03-15 17:31:11,2024-03-15 23:29:53,78.9,done,2024-03-15 23:31:23
OF-2024-05993,ART-S05,Soudure,38.9,Acier,Vert,51,MCH-10,ROBOT_CELL,2024-08-15 16:14:09,2024-08-15 17:39:38,0.0,done,2024-08-15 17:40:20
OF-2024-05994,ART-U08,Usinage,22.6,Inox,Noir,310,MCH-03,CNC_STD,2024-07-27 12:53:40,2024-07-27 17:49:02,0.0,done,2024-07-27 17:49:35
OF-2024-05995,ART-S25,Soudure,151.9,Acier,Bleu,45,MCH-08,MANUAL,2024-07-29 15:43:38,2024-07-29 20:35:15,0.0,done,2024-07-29 20:40:08
OF-2024-05996,ART-A22,Assemblage,105.9,Aluminium,Noir,72,MCH-05,CNC_STD,2024-03-24 12:18:23,2024-03-24 13:52:05,0.0,done,2024-03-24 13:53:56
OF-2024-05997,ART-S29,Soudure,90.9,Aluminium,Vert,49,MCH-11,ROBOT_CELL,2024-01-02 12:03:57,2024-01-02 14:59:44,0.0,done,2024-01-02 15:02:59
OF-2024-05998,ART-S29,Soudure,90.9,Aluminium,Vert,60,MCH-10,ROBOT_CELL,2024-05-18 18:06:03,2024-05-18 20:39:18,23.9,done,2024-05-18 20:42:12
OF-2024-05999,  ART-A06 ,Assemblage,21.3,Acier,Noir,41,MCH-10,ROBOT_CELL,2024-05-10 06:21:52,2024-05-10 06:49:24,0.0,done,2024-05-10 06:50:54
OF-2024-02972,ART-U04,Usinage,186.4,Inox,Rouge,23,MCH-01,CNC_FAST,2024-04-20 10:17:15,2024-04-20 11:27:18,19.0,done,2024-04-20 11:29:33
OF-2024-00232,art-u12,Usinage,23.0,Titane,Noir,8,MCH-01,CNC_FAST,2024-07-25 09:56:02,2024-07-25 10:11:45,4.7,done,2024-07-25 10:14:31
OF-2024-04253,ART-S29,Soudure,90.9,Aluminium,Vert,15,MCH-10,ROBOT_CELL,2024-04-01 11:04:38,,0.0,running,2024-04-01 11:59:15
OF-2024-02126,ART-S25,Soudure,151.9,Acier,Bleu,20,MCH-08,MANUAL,2024-07-09 18:11:42,2024-07-09 21:22:56,11.1,done,2024-07-09 21:24:54
OF-2024-05459,ART-A02,Assemblage,36.9,Aluminium,Vert,40,MCH-07,MANUAL,27/04/2024 11:00,27/04/2024 11:39,5.3,done,27/04/2024 11:42
OF-2024-05753,ART-U28,Usinage,115.2,Aluminium,Bleu,23,MCH-03,CNC_STD,2024-03-06 15:36:57,2024-03-06 16:35:02,0.0,done,2024-03-06 16:35:55
OF-2024-02844,ART-A06,Assemblage,21.3,Acier,Noir,7,MCH-12,ROBOT_CELL,2024-08-12 15:55:49,2024-08-12 16:07:36,0.0,done,2024-08-12 16:09:59
OF-2024-00997,ART-S25,Soudure,151.9,Acier,Bleu,67,MCH-06,MANUAL,2024-06-11 12:48:03,2024-06-11 20:11:58,0.0,done,2024-06-11 20:16:08
OF-2024-01181,ART-S25,Soudure,151.9,Acier,Bleu,141,MCH-06,MANUAL,2024-03-21 14:16:34,2024-03-22 06:23:45,0.0,done,2024-03-22 06:25:50
OF-2024-02611,ART-U20,Usinage,23.4,Titane,Rouge,34,MCH-05,CNC_STD,2024-08-08 18:21:19,2024-08-08 19:30:53,23.4,done,2024-08-08 19:36:30
OF-2024-02663,ART-A10,Assemblage,48.9,Aluminium,Jaune,54,MCH-04,CNC_STD,2024-04-25 10:16:25,2024-04-25 11:13:35,0.0,done,2024-04-25 11:16:29
OF-2024-05870,ART-A26,Assemblage,183.1,Inox,Rouge,50,MCH-08,MANUAL,2024-06-16 10:04:16,2024-06-16 12:39:38,0.0,done,2024-06-16 12:42:02
OF-2024-03315,ART-S29,Soudure,90.9,Aluminium,Vert,37,MCH-06,MANUAL,2024-06-14 19:20:42,2024-06-14 22:22:10,63.4,done,2024-06-14 22:24:44
OF-2024-01460,ART-U28,Usinage,115.2,Aluminium,Bleu,80,MCH-04,CNC_STD,2024-03-07 11:42:47,2024-03-07 13:55:21,28.1,done,2024-03-07 13:56:34
OF-2024-01770,ART-U04,Usinage,186.4,Inox,Rouge,11,MCH-03,CNC_STD,2024-03-10 15:33:57,2024-03-10 16:38:46,0.0,done,2024-03-10 16:41:21
OF-2024-03636,ART-U16,Usinage,144.1,Aluminium,Noir,56,MCH-03,CNC_STD,2024-08-20 17:32:21,2024-08-20 19:45:18,0.0,done,2024-08-20 19:50:23
OF-2024-00985,ART-S29,Soudure,90.9,Aluminium,Vert,64,MCH-07,MANUAL,09/06/2024 20:18,10/06/2024 00:11,70.3,done,10/06/2024 00:14
OF-2024-05607,ART-U04,Usinage,186.4,Inox,Rouge,68,MCH-01,CNC_FAST,2024-02-22 19:29:43,2024-02-22 23:08:56,69.9,done,2024-02-22 23:11:58
OF-2024-05528,ART-A26,Assemblage,183.1,Inox,Rouge,24,MCH-04,CNC_STD,2024-02-14 14:40:02,2024-02-14 15:46:37,14.2,done,2024-02-14 15:50:09
OF-2024-00268,ART-U04,Usinage,186.4,Inox,Rouge,32,MCH-03,CNC_STD,2024-08-20 07:58:45,2024-08-20 11:19:31,0.0,done,2024-08-20 11:25:05
OF-2024-00714,ART-F27,Finition,162.2,Titane,Rouge,129,MCH-07,MANUAL,08/08/2024 21:01,09/08/2024 01:38,0.0,done,09/08/2024 01:41
OF-2024-00213,ART-F31,Finition,25.3,Inox,Gris,49,MCH-01,CNC_FAST,2024-07-12 19:23:41,2024-07-12 19:45:49,2.1,done,2024-07-12 19:47:21
OF-2024-00366,ART-A26,Assemblage,183.1,Inox,Rouge,14,MCH-06,MANUAL,2024-06-05 12:40:14,2024-06-05 13:35:39,11.0,done,2024-06-05 13:40:02
OF-2024-02382,ART-U16,Usinage,144.1,Aluminium,Noir,72,MCH-02,CNC_FAST,2024-08-15 20:54:50,2024-08-15 23:00:24,0.0,done,2024-08-15 23:03:02
OF-2024-03166,ART-U12,Usinage,23.0,Titane,Noir,20,MCH-02,CNC_FAST,2024-08-05 17:58:52,2024-08-05 18:27:32,0.0,done,2024-08-05 18:31:00
OF-2024-03378,ART-U08-MM,Usinage,22.6,Inox,Noir,310,MCH-04,CNC_STD,2024-05-21 10:24:59,2024-05-21 16:29:15,0.0,done,2024-05-21 16:30:40
OF-2024-04151,ART-F15,Finition,196.8,Titane,Jaune,45,MCH-02,CNC_FAST,2024-01-12 18:22:21,2024-01-12 19:50:54,22.5,done,2024-01-12 19:53:30
OF-2024-02086,ART-U28,Usinage,115.2,Aluminium,Bleu,72,MCH-01,CNC_FAST,2024-08-15 06:23:32,2024-08-15 07:51:36,0.0,done,2024-08-15 07:55:36
OF-2024-02289,ART-F15,Finition,196.8,Titane,Jaune,8,MCH-02,CNC_FAST,2024-06-27 11:44:25,2024-06-27 12:05:40,0.0,done,2024-06-27 12:08:35
OF-2024-05653,ART-S13,Soudure,74.7,Acier,Jaune,106,MCH-06,MANUAL,2024-04-18 08:33:10,2024-04-18 15:47:51,0.0,done,2024-04-18 15:50:10
OF-2024-05779,ART-U28,Usinage,115.2,Aluminium,Bleu,231,MCH-05,CNC_STD,2024-03-08 11:27:46,2024-03-08 16:47:16,30.3,done,2024-03-08 16:52:12
OF-2024-04736,ART-U28,Usinage,115.2,Aluminium,Bleu,58,MCH-05,CNC_STD,2024-08-03 09:20:55,,32.0,aborted,2024-08-03 11:12:22
OF-2024-02773,ART-S25,Soudure,151.9,Acier,Bleu,52,MCH-10,ROBOT_CELL,2024-05-09 16:11:57,2024-05-09 19:33:39,23.1,done,2024-05-09 19:36:35
OF-2024-04427,ART-U16,Usinage,144.1,Aluminium,Noir,177,MCH-01,CNC_FAST,2024-04-02 08:18:41,2024-04-02 11:51:30,0.0,done,2024-04-02 11:54:46
OF-2024-04119,ART-S25,Soudure,151.9,Acier,Bleu,78,MCH-11,ROBOT_CELL,2024-03-07 07:37:26,2024-03-07 13:04:56,0.0,done,2024-03-07 13:08:36
OF-2024-05990,ART-A26,Assemblage,183.1,Inox,Rouge,41,MCH-07,MANUAL,16/07/2024 09:38,16/07/2024 12:06,29.7,done,16/07/2024 12:08
OF-2024-05289,ART-A06,Assemblage,21.3,Acier,Noir,13,MCH-04,CNC_STD,2024-03-13 09:05:36,2024-03-13 09:23:18,3.9,done,2024-03-13 09:25:25
OF-2024-03455,ART-A18,Assemblage,15.6,Inox,Rouge,75,MCH-07,MANUAL,14/07/2024 20:58,14/07/2024 21:52,0.0,done,14/07/2024 21:57
OF-2024-04760,ART-U24,Usinage,173.0,Aluminium,Vert,34,MCH-05,CNC_STD,2024-03-21 08:54:10,,28.5,running,2024-03-21 10:17:48
OF-2024-05954,ART-A38,Assemblage,165.3,Titane,Noir,9,MCH-11,ROBOT_CELL,2024-08-22 09:25:00,,0.0,aborted,2024-08-22 10:07:48
OF-2024-01173,ART-U04,Usinage,186.4,Inox,Rouge,205,MCH-01,CNC_FAST,2024-02-04 06:52:03,2024-02-04 16:14:55,0.0,done,2024-02-04 16:18:26
OF-2024-00932,ART-S05,Soudure,38.9,Acier,Vert,65,MCH-09,ROBOT_CELL,2024-06-18 08:55:29,2024-06-18 10:17:03,10.7,done,2024-06-18 10:18:17
OF-2024-03712,ART-U08,Usinage,22.6,Inox,Noir,7,MCH-01,CNC_FAST,2024-03-22 16:47:13,2024-03-22 17:02:03,0.0,done,2024-03-22 17:02:35
OF-2024-02161,ART-A10,Assemblage,48.9,Aluminium,Jaune,48,MCH-03,CNC_STD,2024-03-03 19:08:57,2024-03-03 19:56:51,0.0,done,2024-03-03 20:01:17
OF-2024-00770,ART-S29,Soudure,90.9,Aluminium,Vert,304,MCH-08,MANUAL,2024-02-12 15:01:38,2024-02-13 14:01:07,0.0,done,2024-02-13 14:03:25
OF-2024-01879,ART-F11,Finition,147.9,Acier,Gris,298,MCH-01,CNC_FAST,2024-06-27 13:50:07,2024-06-27 16:47:06,0.0,done,2024-06-27 16:51:35
OF-2024-02835,ART-S29,Soudure,90.9,Aluminium,Vert,235,MCH-09,ROBOT_CELL,2024-02-27 07:36:24,2024-02-27 17:29:14,0.0,done,2024-02-27 17:30:00
OF-2024-00348,ART-F31,Finition,25.3,Inox,Gris,21,MCH-08,MANUAL,2024-04-21 11:31:47,2024-04-21 11:59:14,1.5,done,2024-04-21 11:59:45
OF-2024-02283,ART-U00,Usinage,184.0,Inox,Jaune,161,MCH-01,CNC_FAST,2024-01-05 18:07:38,2024-01-05 23:59:10,38.6,done,2024-01-06 00:00:47
OF-2024-00051,ART-U28,Usinage,115.2,Aluminium,Bleu,53,MCH-02,CNC_FAST,2024-03-24 08:59:19,2024-03-24 09:57:27,0.0,done,2024-03-24 10:01:13
OF-2024-02847,ART-S05,Soudure,38.9,Acier,Vert,151,MCH-12,ROBOT_CELL,2024-07-28 14:08:41,2024-07-28 17:50:11,0.0,done,2024-07-28 17:53:04
OF-2024-00043,ART-S25,Soudure,151.9,Acier,Bleu,79,MCH-11,ROBOT_CELL,2024-08-04 07:01:01,2024-08-04 12:45:20,36.3,done,2024-08-04 12:46:03
OF-2024-02332,ART-U28,Usinage,115.2,Aluminium,Bleu,55,MCH-05,CNC_STD,2024-03-21 16:58:07,2024-03-21 18:28:02,12.1,done,2024-03-21 18:32:59
OF-2024-01412,ARTF11,Finition,147.9,Acier,Gris,24,MCH-06,MANUAL,2024-04-13 12:24:59,2024-04-13 13:19:34,0.0,done,2024-04-13 13:22:15
OF-2024-02410,art-s17,Soudure,16.0,Acier,Bleu,46,MCH-09,ROBOT_CELL,2024-02-22 12:25:43,2024-02-22 13:30:46,0.0,done,2024-02-22 13:32:41
OF-2024-03253,ART-A26,Assemblage,183.1,Inox,Rouge,75,MCH-11,ROBOT_CELL,2024-05-11 21:25:16,2024-05-11 23:15:51,0.0,done,2024-05-11 23:20:00
OF-2024-00231,ART-U32,Usinage,131.7,Aluminium,Gris,242,MCH-01,CNC_FAST,2024-01-02 12:17:18,2024-01-02 17:41:43,0.0,done,2024-01-02 17:46:40
OF-2024-05693,ART-U32-MM,Usinage,131.7,Aluminium,Gris,73,MCH-01,CNC_FAST,2024-01-16 21:20:31,2024-01-16 23:08:07,0.0,done,2024-01-16 23:13:01
OF-2024-04186,ART-A06,Assemblage,21.3,Acier,Noir,47,MCH-10,ROBOT_CELL,2024-02-07 17:32:11,2024-02-07 18:02:56,0.0,done,2024-02-07 18:03:43
OF-2024-05889,ART-U16,Usinage,144.1,Aluminium,Noir,65,MCH-05,CNC_STD,2024-05-20 20:55:35,2024-05-20 23:10:49,0.0,done,2024-05-20 23:15:42
OF-2024-04976,ARTU32,Usinage,131.7,Aluminium,Gris,14,MCH-01,CNC_FAST,2024-01-09 19:01:11,2024-01-09 19:34:00,7.8,done,2024-01-09 19:39:04
OF-2024-05225,ART-A02,Assemblage,36.9,Aluminium,Vert,66,MCH-09,ROBOT_CELL,2024-02-21 11:37:32,2024-02-21 11:37:32,0.0,done,2024-02-21 12:17:57
OF-2024-00105,ART-U16,Usinage,144.1,Aluminium,Noir,17,MCH-05,CNC_STD,2024-03-31 20:45:25,2024-03-31 21:36:14,0.0,done,2024-03-31 21:40:41
OF-2024-01702,ART-A06-MM,Assemblage,21.3,Acier,Noir,292,MCH-04,CNC_STD,2024-01-09 19:14:15,2024-01-09 22:38:26,17.6,done,2024-01-09 22:39:09
OF-2024-03605,ART-S01,Soudure,191.3,Titane,Bleu,41,MCH-07,MANUAL,09/04/2024 11:52,09/04/2024 17:46,0.0,done,09/04/2024 17:47
OF-2024-03345,ART-A10,Assemblage,48.9,Aluminium,Jaune,34,MCH-08,MANUAL,2024-04-14 20:58:42,2024-04-14 21:45:42,0.0,done,2024-04-14 21:46:38
OF-2024-05236,ART-U28,Usinage,115.2,Aluminium,Bleu,178,MCH-03,CNC_STD,2024-01-02 10:16:29,2024-01-02 15:16:37,53.2,done,2024-01-02 15:17:17
OF-2024-05014,ART-F19,Finition,100.8,Aluminium,Gris,276,MCH-06,MANUAL,2024-06-13 19:03:58,2024-06-13 23:34:46,0.0,done,2024-06-13 23:39:15
OF-2024-05318,ART-U12,Usinage,23.0,Titane,Noir,12,MCH-03,CNC_STD,2024-08-20 13:45:44,2024-08-20 14:11:15,0.0,done,2024-08-20 14:15:12
OF-2024-04800,ART-A26,Assemblage,183.1,Inox,Rouge,102,MCH-07,MANUAL,11/05/2024 10:47,11/05/2024 15:40,78.5,done,11/05/2024 15:43
OF-2024-02779,ART-S25,Soudure,151.9,Acier,Bleu,354,MCH-12,ROBOT_CELL,2024-06-25 08:49:36,2024-06-26 07:17:54,289.0,done,2024-06-26 07:19:47
OF-2024-01522,ART-S13,Soudure,74.7,Acier,Jaune,46,MCH-10,ROBOT_CELL,2024-03-12 12:20:53,2024-03-12 14:53:09,0.0,done,2024-03-12 14:57:15
OF-2024-05261,ART-F03,Finition,55.9,Titane,Jaune,47,MCH-01,CNC_FAST,2024-06-13 18:24:42,2024-06-13 19:03:00,0.0,done,2024-06-13 19:08:20
OF-2024-03242,art-u20,Usinage,23.4,Titane,Rouge,28,MCH-05,CNC_STD,2024-03-30 18:20:38,2024-03-30 19:06:55,0.0,done,2024-03-30 19:09:06
OF-2024-00869,ART-S33,Soudure,195.1,Inox,Gris,64,MCH-12,ROBOT_CELL,2024-05-26 11:40:14,2024-05-26 17:20:17,0.0,done,2024-05-26 17:22:34
OF-2024-01548,ART-S29,Soudure,90.9,Aluminium,Vert,319,MCH-11,ROBOT_CELL,2024-06-20 13:21:43,2024-06-21 03:40:03,0.0,done,2024-06-21 03:43:59
OF-2024-03996,ART-S29,Soudure,90.9,Aluminium,Vert,42,MCH-06,MANUAL,2024-08-16 19:49:35,2024-08-16 23:11:07,0.0,done,2024-08-16 23:15:11
OF-2024-02534,ART-S09,Soudure,11.4,Acier,Jaune,77,MCH-08,MANUAL,2024-03-21 16:26:56,2024-03-21 18:51:33,0.0,done,2024-03-21 18:56:11
OF-2024-01300,ART-S33,Soudure,195.1,Inox,Gris,10,MCH-10,ROBOT_CELL,2024-08-02 14:35:02,2024-08-02 15:46:21,0.0,done,2024-08-02 15:50:54
OF-2024-03070,ART-S21,Soudure,45.5,Inox,Vert,129,MCH-06,MANUAL,2024-06-22 20:46:19,2024-06-23 04:25:54,0.0,done,2024-06-23 04:28:26
OF-2024-01737,ART-S25,Soudure,151.9,Acier,Bleu,79,MCH-08,MANUAL,2024-02-01 06:42:24,2024-02-01 16:15:25,0.0,done,2024-02-01 16:17:20
OF-2024-05574,ART-S29,Soudure,90.9,Aluminium,Vert,69,MCH-08,MANUAL,2024-03-10 16:10:38,2024-03-10 21:49:08,108.1,done,2024-03-10 21:52:09
OF-2024-03724,ART-F15,Finition,196.8,Titane,Jaune,46,MCH-07,MANUAL,11/03/2024 20:59,11/03/2024 23:42,19.9,done,11/03/2024 23:47
OF-2024-00220,ART-A06-MM,Assemblage,21.3,Acier,Noir,222,MCH-08,MANUAL,2024-06-10 21:13:17,2024-06-10 23:33:37,0.0,done,2024-06-10 23:37:01
OF-2024-01523,ART-F11,Finition,147.9,Acier,Gris,12,MCH-08,MANUAL,2024-05-07 19:31:38,2024-05-07 19:56:51,2.7,done,2024-05-07 20:01:29
OF-2024-03585,  ART-F19 ,Finition,100.8,Aluminium,Gris,178,MCH-01,CNC_FAST,2024-03-26 06:32:49,2024-03-26 07:49:10,21.7,done,2024-03-26 07:51:10
OF-2024-05956,ART-A26,Assemblage,183.1,Inox,Rouge,43,MCH-08,MANUAL,2024-05-21 12:29:47,2024-05-21 14:37:22,0.0,done,2024-05-21 14:41:13
OF-2024-05058,ARTU12,Usinage,23.0,Titane,Noir,25,MCH-02,CNC_FAST,2024-08-30 15:40:40,2024-08-30 16:07:32,6.8,done,2024-08-30 16:12:05
OF-2024-03288,ARTF19,Finition,100.8,Aluminium,Gris,232,MCH-07,MANUAL,29/06/2024 12:08,29/06/2024 15:28,0.0,done,29/06/2024 15:32
OF-2024-00835,ART-F19,Finition,100.8,Aluminium,Gris,8,MCH-02,CNC_FAST,2024-05-12 07:16:57,2024-05-12 07:24:16,1.8,done,2024-05-12 07:26:00
